0001   0000             				;; Variables from asm
0002   0000             				;; $0008-0009		= PRNG
0003   0000             				
0004   0000             				;; Constants
0005   0000             HSEC		= $1e										; 1/2 second = 30 IRQs
0006   0000             
0007   0000             				;; Memory loc
0008   0000             L0000		= $00										; Misc temp var
0009   0000             L0001		= $01										; Misc temp var
0010   0000             START		= $02										; UNUSED
0011   0000             L0003		= $03										; (2 bytes) Misc temp var
0012   0000             DELL		= $06										; (2 bytes) Delay counter (Was $16)
0013   0000             DELH		= $07										; (2 bytes) Delay counter	(Was $17)
0014   0000             PRNG		= $08										; (2 bytes) PRNG
0015   0000             DEADSPR	= $0a										; Sprite for crash sequence
0016   0000             				
0017   0000             ARRTMP	= $0b										; (7 bytes) arrow temp location   ($0b to $12)
0018   0000             ATPRNT	= $0b										; +0 Arrow PRNG val
0019   0000             ATDIR		= $0c										; +1 Arrow dir
0020   0000             ATFLAG	= $0d										; +2 Arrow flags
0021   0000             ATNUM		= $0e										; +3 Arrow num
0022   0000             ATXXX		= $0f										; +4 ??
0023   0000             ATXPOS	=	$10										; +5 Arrow X
0024   0000             ATYPOS	=	$11										; +6 Arrow Y
0025   0000             				
0026   0000             STRLOC	= $0e										; (2 bytes) String source data (was $14, $18)
0027   0000             SCRLOC	= $10										; (2 bytes) Screen loc to draw string
0028   0000             
0029   0000             TIMERA	= $12										; VBlank IRQ countdown timer
0030   0000             				
0031   0000             SPRVAL	= $1a										; Local MOBLAT st
0032   0000             SPR1H		= $1c										; Written to MOB1H during IRQ
0033   0000             SPR1V		= $1d										; Written to MOB1V during IRQ
0034   0000             ADDS1H	= $1e										; MOB1 H "speed"
0035   0000             ADDS1V	= $1f										; MOB1 V "speed"
0036   0000             SPR2H		= $22										; Written to MOB2H during IRQ
0037   0000             SPR2V		= $23										; Written to MOB2V during IRQ
0038   0000             ADDS2H	= $24										; MOB2 H "speed"
0039   0000             ADDS2V	= $25										; MOB2 V "speed"
0040   0000             L002e		= $2e										; Set to #$00, never read
0041   0000             L002f		= $2f										; Set to #$0a only
0042   0000             L0030		= $30										; ??
0043   0000             ARRPTR	= $32										; (2 bytes) Pointer to arrow
0044   0000             CURIN0	= $34										; Validated control inputs
0045   0000             OLDIN0	= $35										; Last $34 (not really used)
0046   0000             OOLDIN0	= $36										; Last $35 (not really used)
0047   0000             L003c		= $3c										; Unused
0048   0000             L0041		= $41										; (3/15 bytes) temp storage
0049   0000             ARRTBL	= $50										; Arrow control table ($07 bytes * $0a arrows == $50-96)
0050   0000             				;; +0		= $00-$0f from PRNG
0051   0000             				;; +1		= Direction ($00/08/10/18 = U, D, R, L)
0052   0000             				;; +2		= $a0 if last arrow, $00 if not?
0053   0000             				;; +3		= Initially arrow #?
0054   0000             				;; +4		= $1f initially
0055   0000             				;; +5-6	= Screen position
0056   0000             				
0057   0000             SPECLOC	= $9b										; (2 bytes) location of special target
0058   0000             
0059   0000             HCOIN		= $a0										; Half coins
0060   0000             CREDIT	= $a1										; Credits
0061   0000             COINCNT	= $a2										; Counter in coin routine
0062   0000             
0063   0000             VAUD1		= $a3										; AUDIO1 value store
0064   0000             STATUS	= $a7										; D<1:> = P# for HS
0065   0000             SCOREH	= $ae										; (2 bytes) High score
0066   0000             				;; $00b0				= shots at special
0067   0000             ARROWS	= $b1
0068   0000             				;; $00b2				= Smart move code?
0069   0000             				;; $00b3				= Flash counter
0070   0000             				;; $00b4-00b5		= Flash screen location
0071   0000             				;; $00b6				= Car base timer
0072   0000             				;; $00b7				= Car "calender"?7
0073   0000             				;; $00b8				= Special object counter
0074   0000             				;; $00b9-00ba		= Flashing image
0075   0000             				;; $00bc				= Type of points to award
0076   0000             SCOREP	= $bd										; (2 bytes) Player score
0077   0000             PNUM		= $bf										; 1=P1, 2=P2
0078   0000             NUMP		= $c0										; # Players
0079   0000             LIVES		= $c1										; LIves left
0080   0000             				;; $00c2				= Bullet "calendar"?
0081   0000             				;; $00c3				= Points per arrow
0082   0000             PSCOREL	= $d0										; $d0-d1 = P1/2 Score lo
0083   0000             PSCOREH = $d2										; $d2-d3 = P1/2 Score hi
0084   0000             PARROW  = $d4										; $d4-d5 = P1/2 Active arrows
0085   0000             PLIVES	= $d5										; $d6-d7 = P1/2 Lives left
0086   0000             				;; $00d8-00d9		= P1/2 shots at special target
0087   0000             				;; $00da-00db		= P1/2 Points per arrow
0088   0000             PLEVEL	= $dc										; $dc-dd = P1/2					Level?
0089   0000             				;; $00de-00df		= P1/2 ??
0090   0000             
0091   0000             				;; $00e0-00ff		= Apparently unused
0092   0000             
0093   0000             
0094   0000             				;; $0300				= Counter to validate coins
0095   0000             				;; $0301				= D7 = Good coin 2, D6 = Good coin 1
0096   0000             
0097   0000             MOB1H		= $5000
0098   0000             MOB1V		= $5040
0099   0000             MOB2H		= $5080
0100   0000             MOB2V		= $50c0
0101   0000             MOBLAT	= $5100
0102   0000             
0103   0000             DSW			= $5100													; DIP switches
0104   0000             IN0			= $5101													; Inputs
0105   0000             IN0B		= $5105													; Mirror of above 
0106   0000             AUDIO1	= $5200
0107   0000             AUDIO2	= $5201
0108   0000             
0109   0000             
0110   0000             				.org		$0000
0111   0000 FF          				.db			$ff
0112   0001             
0113   1800             				.org		$1800
0114   1800             L1800:
0115   1800 20 32 2A    				jsr			L2f0c								; Copy player data to PX
0116   1803 4C 0F 18    				jmp			L180f
0117   1806             
0118   1806             L1806:
0119   1806 20 30 2A    				jsr			L2f0a								; Copy player data to P2
0120   1809 4C 0F 18    				jmp			L180f
0121   180C             
0122   180C             L180c:
0123   180C 20 2B 2A    				jsr			L2f05								; Copy player data to P1
0124   180F             L180f:
0125   180F A5 28       				lda			$28									; ??
0126   1811 95 DE       				sta			$de, x
0127   1813 60          				rts
0128   1814             
0129   1814             L1814:
0130   1814 20 12 2A    				jsr			L2eec								; Copy PX store to player data
0131   1817 4C 23 18    				jmp			L1823
0132   181A             
0133   181A             L181a:
0134   181A 20 10 2A    				jsr			L2eea								; Copy P2 store to player data
0135   181D 4C 23 18    				jmp			L1823
0136   1820             
0137   1820             L1820:
0138   1820 20 0B 2A    				jsr			L2ee5								; Copy P1 store to player data
0139   1823             L1823:
0140   1823 B5 DE       				lda			$de, x
0141   1825 85 28       				sta			$28									; ??
0142   1827 60          				rts
0143   1828             
0144   1828             L1828:
0145   1828 20 32 18    				jsr			L1832
0146   182B 20 47 18    				jsr			L1847
0147   182E 20 71 20    				jsr			L2371
0148   1831 60          				rts
0149   1832             
0150   1832             L1832:
0151   1832 C6 A4       				dec			$a4
0152   1834 30 07       				bmi			L183d
0153   1836 EA          				nop
0154   1837 A9 02       				lda			#$02
0155   1839 20 AC 20    				jsr			L23cf										; Set AUDIO1 bits 
0156   183C 60          				rts
0157   183D             
0158   183D             L183d:
0159   183D A9 FD       				lda			#$fd
0160   183F 20 B0 20    				jsr			L23ca
0161   1842 A9 00       				lda			#$00
0162   1844 85 A4       				sta			$a4
0163   1846 60          				rts
0164   1847             
0165   1847             L1847:
0166   1847 C6 A5       				dec			$a5
0167   1849 30 02       				bmi			L184d
0168   184B EA          				nop
0169   184C 60          				rts
0170   184D             L184d:
0171   184D 38          				sec
0172   184E A9 14       				lda			#$14
0173   1850 E5 B7       				sbc			$b7
0174   1852 85 A5       				sta			$a5
0175   1854 A5 A6       				lda			$a6
0176   1856 29 01       				and			#$01
0177   1858 C9 01       				cmp			#$01
0178   185A D0 19       				bne			L1875
0179   185C EA          				nop
0180   185D A9 00       				lda			#$00
0181   185F             L185f:
0182   185F 85 A6       				sta			$a6
0183   1861 A5 B1       				lda			ARROWS
0184   1863 C9 03       				cmp			#$03
0185   1865 F0 13       				beq			L187a
0186   1867 EA          				nop
0187   1868 C9 01       				cmp			#$01
0188   186A F0 0E       				beq			L187a
0189   186C EA          				nop
0190   186D A5 A6       				lda			$a6
0191   186F 09 02       				ora			#$02
0192   1871 8D 01 52    				sta			AUDIO2
0193   1874 60          				rts
0194   1875             L1875:
0195   1875 A9 01       				lda			#$01
0196   1877 4C 5F 18    				jmp			L185f
0197   187A             L187a:
0198   187A A5 A6       				lda			$a6
0199   187C 8D 01 52    				sta			AUDIO2
0200   187F 60          				rts
0201   1880             
0202   1880             
0203   1880             				;; Draw big bonus #s
0204   1880             L1880:
0205   1880 A9 3D       				lda			#$3d
0206   1882 85 03       				sta			$03
0207   1884             
0208   1884             				;; ($10-11) = $4048
0209   1884             L1884:
0210   1884             				;; Start location = $4045
0211   1884             				;; Width = 4*4+3*2 = 22 
0212   1884 A9 45       				lda			#$45
0213   1886 85 10       				sta			SCRLOC
0214   1888 A9 40       				lda			#$40
0215   188A 85 11       				sta			SCRLOC+1
0216   188C             
0217   188C A5 BF       				lda			PNUM										; Player # (2/1)
0218   188E 4A          				lsr			a												; (1/0)
0219   188F AA          				tax															; (1/0)
0220   1890 B5 DC       				lda			$dc, x									; Level / bonus #
0221   1892 AA          				tax
0222   1893 BD F0 1C    				lda			L1fde, x								; Index into table by level
0223   1896 AA          				tax
0224   1897 20 A2 18    				jsr			L18a2										; Draw big # 
0225   189A 20 A0 18    				jsr			L18a0										; Draw big 0 
0226   189D 20 A0 18    				jsr			L18a0										; Draw big 0 
0227   18A0             
0228   18A0             				;; Draw big 0
0229   18A0             L18a0:
0230   18A0 A2 00       				ldx			#$00
0231   18A2             L18a2:
0232   18A2 BC 72 1C    				ldy			LBIG0, x								; Table
0233   18A5 C0 FF       				cpy			#$ff										; $ff ends table 
0234   18A7 F0 09       				beq			L18b2										; Exit loop
0235   18A9 EA          				nop
0236   18AA             
0237   18AA A5 03       				lda			$03
0238   18AC 91 10       				sta			(SCRLOC), y
0239   18AE E8          				inx
0240   18AF 4C A2 18    				jmp			L18a2										; Loop
0241   18B2             
0242   18B2             L18b2:
0243   18B2 18          				clc
0244   18B3 A5 10       				lda			SCRLOC
0245   18B5 69 06       				adc			#$06										; Space to next # 
0246   18B7 85 10       				sta			SCRLOC
0247   18B9 60          				rts
0248   18BA             
0249   18BA             	
0250   18BA             				;; Draw HI SCR
0251   18BA             L18e2:
0252   18BA A9 06       				lda			#$06										; HI SCR
0253   18BC 20 E8 1F    				jsr			DRAWSTRA
0254   18BF             				
0255   18BF A5 AE       				lda			SCOREH									; High score lo
0256   18C1 85 03       				sta			$03
0257   18C3 A5 AF       				lda			SCOREH+1								; High score hi
0258   18C5 A2 11       				ldx			#$11										; Location 
0259   18C7 20 B3 26    				jsr			L2a60										; Draw 2 byte score from a, $03
0260   18CA 60          				rts
0261   18CB             
0262   18CB             
0263   18CB             				;; GAME OVER
0264   18CB             L1918:
0265   18CB 20 40 20    				jsr			L2340										; Clear screen
0266   18CE             
0267   18CE             				;; Draw STR07
0268   18CE A9 07       				lda			#$07										; END OF GAME
0269   18D0 20 E8 1F    				jsr			DRAWSTRA
0270   18D3             
0271   18D3 20 E8 20    				jsr			DEL168
0272   18D6 85 02       				sta			START										; Clear START to flag game over
0273   18D8 60          				rts
0274   18D9             
0275   18D9             
0276   18D9             				;; Decrement credits
0277   18D9             L193a:
0278   18D9 A5 A1       				lda			CREDIT									; Credits
0279   18DB D0 03       				bne			L1941
0280   18DD EA          				nop
0281   18DE 38          				sec															; Carry = no credits
0282   18DF 60          				rts
0283   18E0             
0284   18E0             L1941:
0285   18E0 F8          				sed															; Decimal mode
0286   18E1 38          				sec															; Clear borrow
0287   18E2 E9 01       				sbc			#$01										; Decrement
0288   18E4 85 A1       				sta			CREDIT									; Credits
0289   18E6 D8          				cld															; Clear decimal
0290   18E7 20 36 27    				jsr			L2bea										; Draw CREDITS_##
0291   18EA 18          				clc															; No carry = credits
0292   18EB 60          				rts
0293   18EC             
0294   18EC             
0295   18EC             L194d:
0296   18EC 20 10 19    				jsr			L1971
0297   18EF             
0298   18EF A2 01       				ldx			#$01										; P1 offset
0299   18F1 A5 BF       				lda			PNUM										; Current player
0300   18F3 C9 01       				cmp			#$01
0301   18F5 F0 03       				beq			L195b										; Is P1
0302   18F7 EA          				nop
0303   18F8             
0304   18F8 A2 1A       				ldx			#$1a										; P2 offset
0305   18FA             L195b:
0306   18FA A9 00       				lda			#$00
0307   18FC             
0308   18FC 20 A5 26    				jsr			L2a52										; Add a to current player score
0309   18FF A5 2F       				lda			$2f
0310   1901 85 B1       				sta			ARROWS
0311   1903 20 56 27    				jsr			L2c2b										; Initial arrow config
0312   1906 C6 28       				dec			$28
0313   1908 10 05       				bpl			L1970
0314   190A EA          				nop
0315   190B             
0316   190B A9 00       				lda			#$00										; Don'y dec below 0 
0317   190D 85 28       				sta			$28
0318   190F             L1970:
0319   190F 60          				rts
0320   1910             
0321   1910             
0322   1910             L1971:
0323   1910 20 1A 19    				jsr			L197b
0324   1913 20 8E 26    				jsr			L2a3b										; Draw player scores
0325   1916 20 D0 26    				jsr			L2a7d
0326   1919 60          				rts
0327   191A             
0328   191A             L197b:
0329   191A 20 56 27    				jsr			L2c2b										; Initial arrow config
0330   191D A9 00       				lda			#$00
0331   191F 85 1D       				sta			SPR1V
0332   1921 85 30       				sta			$30
0333   1923 85 3E       				sta			$3e
0334   1925 85 1F       				sta			$1f
0335   1927 85 31       				sta			$31
0336   1929 85 B3       				sta			$b3
0337   192B 85 B8       				sta			$b8
0338   192D 85 BC       				sta			$bc
0339   192F A9 08       				lda			#$08
0340   1931 85 1C       				sta			SPR1H
0341   1933 A9 F3       				lda			#$f3										; MOB1 = player 
0342   1935 85 1A       				sta			SPRVAL
0343   1937 20 05 21    				jsr			L246d										; Update MOBLAT 
0344   193A A9 01       				lda			#$01
0345   193C 85 1E       				sta			$1e
0346   193E 20 D0 29    				jsr			L2eaa
0347   1941 A9 06       				lda			#$06
0348   1943 85 B6       				sta			$b6
0349   1945 85 B7       				sta			$b7
0350   1947 A9 03       				lda			#$03
0351   1949 85 20       				sta			$20
0352   194B 85 21       				sta			$21
0353   194D A9 80       				lda			#$80
0354   194F 85 B9       				sta			$b9
0355   1951             
0356   1951 20 40 20    				jsr			L2340										; Clear screen
0357   1954 20 36 27    				jsr			L2bea										; Draw CREDITS_##
0358   1957 20 54 23    				jsr			L26c8
0359   195A A9 0A       				lda			#$0a										; # Arrows 
0360   195C 85 2F       				sta			$2f											; Set
0361   195E A9 04       				lda			#$04
0362   1960 85 B0       				sta			$b0
0363   1962 60          				rts
0364   1963             
0365   1963             L19c4:
0366   1963 A5 BC       				lda			$bc
0367   1965 D0 02       				bne			L19ca
0368   1967 EA          				nop
0369   1968             
0370   1968 60          				rts
0371   1969             
0372   1969             L19ca:
0373   1969 A6 BF       				ldx			PNUM
0374   196B F0 3F       				beq			L1a0d
0375   196D EA          				nop
0376   196E E0 01       				cpx			#$01
0377   1970 F0 06       				beq			L19d9
0378   1972 EA          				nop
0379   1973 A2 1A       				ldx			#$1a										; P2 location 
0380   1975 4C 7A 19    				jmp			L19db
0381   1978             
0382   1978             L19d9:
0383   1978 A2 01       				ldx			#$01										; P1 location
0384   197A             
0385   197A             L19db:
0386   197A A5 BC       				lda			$bc
0387   197C 30 06       				bmi			L19e5
0388   197E EA          				nop
0389   197F             
0390   197F A5 C3       				lda			$c3
0391   1981 4C 8E 19    				jmp			L19ef
0392   1984             
0393   1984             L19e5:
0394   1984 A9 60       				lda			#$60
0395   1986 20 AC 20    				jsr			L23cf										; Set AUDIO1 bits 
0396   1989 E6 A8       				inc			$a8
0397   198B 20 B1 19    				jsr			L1a12										; Special target shot
0398   198E             
0399   198E             L19ef:
0400   198E 20 A5 26    				jsr			L2a52										; Add a to current player score
0401   1991 E0 18       				cpx			#$18
0402   1993 B0 08       				bcs			L19fe
0403   1995 EA          				nop
0404   1996             
0405   1996 A2 1A       				ldx			#$1a										; Offset +$18
0406   1998 A0 01       				ldy			#$01										; Player 2
0407   199A 4C A1 19    				jmp			L1a02
0408   199D             
0409   199D             L19fe:
0410   199D A0 00       				ldy			#$00										; Player 1
0411   199F A2 01       				ldx			#$01										; Location +00
0412   19A1             L1a02:
0413   19A1 B9 D0 00    				lda			$00d0, y								; Score lo
0414   19A4 85 03       				sta			$03
0415   19A6 B9 D2 00    				lda			$00d2, y								; Score hi
0416   19A9 20 B3 26    				jsr			L2a60										; Draw 2 byte score from a, $03
0417   19AC             
0418   19AC             L1a0d:
0419   19AC A9 00       				lda			#$00
0420   19AE 85 BC       				sta			$bc
0421   19B0 60          				rts
0422   19B1             
0423   19B1             
0424   19B1             				;; Special target shot
0425   19B1             L1a12:
0426   19B1 86 01       				stx			$01
0427   19B3 A5 B1       				lda			ARROWS									; # active arrows
0428   19B5 D0 07       				bne			L1a1f
0429   19B7 EA          				nop
0430   19B8             
0431   19B8 A5 A7       				lda			STATUS
0432   19BA 09 10       				ora			#$10										; Set bit 5
0433   19BC 85 A7       				sta			STATUS
0434   19BE             
0435   19BE             L1a1f:
0436   19BE A9 00       				lda			#$00
0437   19C0 8D 01 52    				sta			AUDIO2
0438   19C3 20 86 20    				jsr			L23a4										; Kick PRNG
0439   19C6 29 03       				and			#$03
0440   19C8 AA          				tax
0441   19C9 BD FE 1C    				lda			L1fec, x								; Table (01 02 03 05)
0442   19CC AA          				tax
0443   19CD A0 00       				ldy			#$00
0444   19CF             ;				sta			$00											; Stash score
0445   19CF             
0446   19CF             				;; Copy 3 PF bytes to storage, draw score
0447   19CF B1 9B       				lda			($9b), y
0448   19D1 99 41 00    				sta			$0041, y
0449   19D4             ;				lda			$00											; Get score
0450   19D4 8A          				txa
0451   19D5 09 30       				ora			#$30										; BCD to char 
0452   19D7 91 9B       				sta			($9b), y								; Score 100s
0453   19D9 C8          				iny
0454   19DA B1 9B       				lda			($9b), y
0455   19DC 99 41 00    				sta			$0041, y
0456   19DF C8          				iny
0457   19E0 B1 9B       				lda			($9b), y
0458   19E2 99 41 00    				sta			$0041, y
0459   19E5 88          				dey
0460   19E6 A9 30       				lda			#$30										; '0'
0461   19E8 91 9B       				sta			($9b), y								; Add 0
0462   19EA C8          				iny
0463   19EB 91 9B       				sta			($9b), y								; Add 0
0464   19ED 8A          				txa															; Score back to a 
0465   19EE 0A          				asl			a												; x<<1
0466   19EF 0A          				asl			a												; x<<2
0467   19F0 0A          				asl			a												; x<<3
0468   19F1 0A          				asl			a												; x<<4 (x10 BCD)
0469   19F2             ;				sta			$00											; Stash score
0470   19F2 AA          				tax
0471   19F3             ;				ldx			$01											; Needed for score draw, moved
0472   19F3 A9 3F       				lda			#$3f
0473   19F5 20 EA 20    				jsr			DELAY										; Delay 63 frames 
0474   19F8             
0475   19F8             				;; Copy PF chars back
0476   19F8 A0 00       				ldy			#$00
0477   19FA 20 07 1A    				jsr			L1a6e
0478   19FD 20 07 1A    				jsr			L1a6e
0479   1A00 20 07 1A    				jsr			L1a6e
0480   1A03             ;				lda			$00											; Get score
0481   1A03 8A          				txa
0482   1A04 A6 01       				ldx			$01											; Needed for score draw?!
0483   1A06 60          				rts
0484   1A07             
0485   1A07             L1a6e:
0486   1A07 B9 41 00    				lda			$0041, y
0487   1A0A 91 9B       				sta			($9b), y
0488   1A0C C8          				iny
0489   1A0D 60          				rts
0490   1A0E             
0491   1A0E             L1a75:
0492   1A0E C6 B6       				dec			$b6
0493   1A10 D0 3F       				bne			L1ab8
0494   1A12 EA          				nop
0495   1A13             
0496   1A13 A9 05       				lda			#$05
0497   1A15 85 B6       				sta			$b6
0498   1A17 A5 20       				lda			$20
0499   1A19 10 22       				bpl			L1aa4
0500   1A1B EA          				nop
0501   1A1C             
0502   1A1C E6 B7       				inc			$b7
0503   1A1E A5 B7       				lda			$b7
0504   1A20 C9 0F       				cmp			#$0f
0505   1A22 90 08       				bcc			L1a93
0506   1A24 EA          				nop
0507   1A25             
0508   1A25 A9 0E       				lda			#$0e
0509   1A27 85 B7       				sta			$b7
0510   1A29 4C 51 1A    				jmp			L1ab8
0511   1A2C             
0512   1A2C             L1a93:
0513   1A2C AA          				tax
0514   1A2D BD 02 1D    				lda			L1ff0, x
0515   1A30 85 00       				sta			$00
0516   1A32 A5 20       				lda			$20
0517   1A34 29 C0       				and			#$c0										; Clear D5-0
0518   1A36 05 00       				ora			$00
0519   1A38 85 20       				sta			$20
0520   1A3A 4C 51 1A    				jmp			L1ab8
0521   1A3D             
0522   1A3D             L1aa4:
0523   1A3D A5 20       				lda			$20
0524   1A3F 29 40       				and			#$40
0525   1A41 F0 0E       				beq			L1ab8
0526   1A43 EA          				nop
0527   1A44             
0528   1A44 C6 B7       				dec			$b7
0529   1A46 A5 B7       				lda			$b7
0530   1A48 10 E2       				bpl			L1a93
0531   1A4A             
0532   1A4A A9 00       				lda			#$00
0533   1A4C 85 B7       				sta			$b7
0534   1A4E 4C 2C 1A    				jmp			L1a93
0535   1A51             
0536   1A51             L1ab8:
0537   1A51 C6 21       				dec			$21
0538   1A53 D0 18       				bne			L1ad4										; --> $2d9d  
0539   1A55 EA          				nop
0540   1A56             
0541   1A56 20 75 1F    				jsr			L226a
0542   1A59 A0 00       				ldy			#$00
0543   1A5B B1 2A       				lda			($2a), y
0544   1A5D C9 20       				cmp			#$20
0545   1A5F F0 09       				beq			L1ad1										; --> $2d94 
0546   1A61 EA          				nop
0547   1A62             
0548   1A62 C9 21       				cmp			#$21
0549   1A64 F0 04       				beq			L1ad1										; --> $2d94 
0550   1A66 EA          				nop
0551   1A67             
0552   1A67             				;; Moved in-line
0553   1A67             				;; Did commenting this kill collision detection?!
0554   1A67 4C 00 3F    				jmp			L3f69
0555   1A6A             
0556   1A6A             L1ad1:
0557   1A6A 4C BA 28    				jmp			L2d94
0558   1A6D             
0559   1A6D             L1ad4:
0560   1A6D 4C C3 28    				jmp			L2d9d
0561   1A70             
0562   1A70             
0563   1A70             
0564   1A70             L1ad7:
0565   1A70 A9 91       				lda			#$91
0566   1A72 20 9B 1A    				jsr			L1b02
0567   1A75             
0568   1A75             				;; Short delay
0569   1A75 AE 16 03    				ldx			$0316
0570   1A78             L1adf:
0571   1A78 CA          				dex
0572   1A79 EA          				nop
0573   1A7A EA          				nop
0574   1A7B D0 FB       				bne			L1adf										; Loop?
0575   1A7D EA          				nop
0576   1A7E             
0577   1A7E A9 9E       				lda			#$9e
0578   1A80 20 A0 1A    				jsr			L1b07
0579   1A83             
0580   1A83             				;; Short delay
0581   1A83 AE 16 03    				ldx			$0316
0582   1A86             L1aed:
0583   1A86 CA          				dex
0584   1A87 EA          				nop
0585   1A88 EA          				nop
0586   1A89 D0 FB       				bne			L1aed										; Loop?
0587   1A8B             
0588   1A8B C6 A9       				dec			$a9
0589   1A8D D0 06       				bne			L1afc										; Loop
0590   1A8F EA          				nop
0591   1A90             
0592   1A90 C6 AA       				dec			$aa
0593   1A92 D0 DC       				bne			L1ad7										; Loop
0594   1A94 60          				rts
0595   1A95             
0596   1A95             L1afc:
0597   1A95 F0 00       				beq			L1afe										; Does nothing 
0598   1A97             
0599   1A97             L1afe:
0600   1A97 F0 00       				beq			L1b00										; Does nothing 
0601   1A99             
0602   1A99             L1b00:
0603   1A99 D0 D5       				bne			L1ad7
0604   1A9B             
0605   1A9B             L1b02:
0606   1A9B 05 AB       				ora			$ab											; 
0607   1A9D D0 03       				bne			L1b09
0608   1A9F EA          				nop
0609   1AA0             
0610   1AA0             L1b07:
0611   1AA0 25 AB       				and			$ab
0612   1AA2             
0613   1AA2             L1b09:
0614   1AA2 85 AB       				sta			$ab
0615   1AA4 09 90       				ora			#$90										; Set D7,4 
0616   1AA6 29 F1       				and			#$f1										; Clear D3-1 
0617   1AA8 8D 00 52    				sta			AUDIO1
0618   1AAB 60          				rts
0619   1AAC             
0620   1AAC             
0621   1AAC             				;; y = $00 or $12
0622   1AAC             L1b13:
0623   1AAC B9 72 1B    				lda			L1bd9, y
0624   1AAF 8D 10 03    				sta			$0310
0625   1AB2 C8          				iny
0626   1AB3 A9 00       				lda			#$00
0627   1AB5 8D 01 52    				sta			AUDIO2
0628   1AB8             L1b1f:
0629   1AB8 B9 72 1B    				lda			L1bd9, y
0630   1ABB 29 E0       				and			#$e0										; Mask high 3 bits
0631   1ABD 4A          				lsr			a												; a>>1
0632   1ABE 4A          				lsr			a												; a>>2
0633   1ABF 4A          				lsr			a												; a>>3
0634   1AC0 4A          				lsr			a												; a>>4
0635   1AC1 4A          				lsr			a												; a>>5
0636   1AC2 85 AC       				sta			$ac
0637   1AC4             L1b2b:
0638   1AC4 B9 72 1B    				lda			L1bd9, y
0639   1AC7 F0 3B       				beq			L1b6b
0640   1AC9 EA          				nop
0641   1ACA             
0642   1ACA C9 01       				cmp			#$01
0643   1ACC F0 31       				beq			L1b66
0644   1ACE EA          				nop
0645   1ACF             
0646   1ACF C9 FF       				cmp			#$ff
0647   1AD1 F0 57       				beq			L1b91
0648   1AD3 EA          				nop
0649   1AD4             
0650   1AD4 29 1F       				and			#$1f										; Mask low 5 bits
0651   1AD6 AA          				tax
0652   1AD7 BD 30 1B    				lda			L1b97, x
0653   1ADA 8D 16 03    				sta			$0316
0654   1ADD AD 10 03    				lda			$0310
0655   1AE0 F0 08       				beq			L1b51
0656   1AE2 EA          				nop
0657   1AE3             
0658   1AE3 BD 51 1B    				lda			L1bb8, x
0659   1AE6 4A          				lsr			a
0660   1AE7 4C ED 1A    				jmp			L1b54
0661   1AEA             L1b51:
0662   1AEA BD 51 1B    				lda			L1bb8, x
0663   1AED             L1b54:
0664   1AED 4A          				lsr			a												; a>>1 
0665   1AEE 85 A9       				sta			$a9
0666   1AF0 A9 01       				lda			#$01
0667   1AF2 85 AA       				sta			$aa
0668   1AF4 20 70 1A    				jsr			L1ad7										; Called once 
0669   1AF7 C6 AC       				dec			$ac
0670   1AF9 D0 C9       				bne			L1b2b
0671   1AFB             
0672   1AFB C8          				iny
0673   1AFC 4C B8 1A    				jmp			L1b1f										; Loop back
0674   1AFF             
0675   1AFF             L1b66:
0676   1AFF A9 30       				lda			#$30
0677   1B01 4C 06 1B    				jmp			L1b6d
0678   1B04             L1b6b:
0679   1B04 A9 03       				lda			#$03
0680   1B06             L1b6d:
0681   1B06 8D 17 03    				sta			$0317
0682   1B09 A9 00       				lda			#$00
0683   1B0B 8D 12 03    				sta			$0312
0684   1B0E 8D 13 03    				sta			$0313
0685   1B11             L1b78:
0686   1B11 EE 12 03    				inc			$0312
0687   1B14             L1b7b:
0688   1B14 EE 13 03    				inc			$0313
0689   1B17 A9 80       				lda			#$80
0690   1B19 CD 13 03    				cmp			$0313
0691   1B1C D0 F6       				bne			L1b7b
0692   1B1E AD 12 03    				lda			$0312
0693   1B21 CD 17 03    				cmp			$0317
0694   1B24 D0 EB       				bne			L1b78
0695   1B26 C8          				iny
0696   1B27 4C B8 1A    				jmp			L1b1f
0697   1B2A             L1b91:
0698   1B2A A9 10       				lda			#$10
0699   1B2C 20 9B 1A    				jsr			L1b02
0700   1B2F 60          				rts
0701   1B30             
0702   1B30             				;; Table $20 long
0703   1B30             L1b97:
0704   1B30 F6 E8 DC CE 				.db			$F6, $E8, $DC, $CE, $C2, $B9, $AD, $A4	;
0704   1B34 C2 B9 AD A4 
0705   1B38 9B 91 89 81 				.db			$9B, $91, $89, $81, $7A, $73, $6C, $66	;
0705   1B3C 7A 73 6C 66 
0706   1B40 60 5B 55 50 				.db			$60, $5B, $55, $50, $4C, $48, $43, $3F	;
0706   1B44 4C 48 43 3F 
0707   1B48 3C 38 34 31 				.db			$3C, $38, $34, $31, $2E, $2C, $29, $26	;
0707   1B4C 2E 2C 29 26 
0708   1B50 24          				.db			$24																			; ?
0709   1B51             
0710   1B51             				;; Table $20 long -- sound related?
0711   1B51             L1bb8:
0712   1B51 1F 21 23 25 				.db			$1F, $21, $23, $25, $27, $29, $2C, $2E	;
0712   1B55 27 29 2C 2E 
0713   1B59 31 34 37 3A 				.db			$31, $34, $37, $3A, $3E, $42, $46, $4A	;
0713   1B5D 3E 42 46 4A 
0714   1B61 4E 53 58 5D 				.db			$4E, $53, $58, $5D, $63, $69, $6F, $75	;
0714   1B65 63 69 6F 75 
0715   1B69 7C 83 8B 94 				.db			$7C, $83, $8B, $94, $9D, $A6, $B0, $BA	;
0715   1B6D 9D A6 B0 BA 
0716   1B71 C6          				.db			$C6																			; ?
0717   1B72             
0718   1B72             L1bd9:
0719   1B72 FF 32 35 3D 				.db			$FF, $32, $35, $3D, $32, $35, $3D, $32	;
0719   1B76 32 35 3D 32 
0720   1B7A 35 3D 32 35 				.db			$35, $3D, $32, $35, $3D, $32, $35, $3D	;
0720   1B7E 3D 32 35 3D 
0721   1B82 FF FF 32 35 				.db			$FF, $FF, $32, $35, $3D, $FF, $FF, $32	;
0721   1B86 3D FF FF 32 
0722   1B8A 35 3D 32 35 				.db			$35, $3D, $32, $35, $3D, $FF						;
0722   1B8E 3D FF 
0723   1B90             
0724   1B90             				;; End of level bonus screen
0725   1B90             L1cf2:
0726   1B90 20 40 20    				jsr			L2340										; Clear screen
0727   1B93 20 FA 1B    				jsr			L1d80										; $3d, $be chars -> solid
0728   1B96             
0729   1B96 A5 BF       				lda			PNUM										; 1 or 2 
0730   1B98 4A          				lsr			a												; 0 or 1
0731   1B99 AA          				tax
0732   1B9A             				
0733   1B9A F8          				sed
0734   1B9B 18          				clc
0735   1B9C B5 DC       				lda			$dc, x									; Level bonus 
0736   1B9E C9 09       				cmp			#$09
0737   1BA0 B0 05       				bcs			L1d09										; >=9, skip increment 
0738   1BA2 EA          				nop
0739   1BA3             
0740   1BA3 69 01       				adc			#$01										; Increment 
0741   1BA5 95 DC       				sta			$dc, x									; Store
0742   1BA7             
0743   1BA7             L1d09:
0744   1BA7 18          				clc
0745   1BA8 65 BE       				adc			SCOREP+1
0746   1BAA 85 BE       				sta			SCOREP+1
0747   1BAC A5 C3       				lda			$c3											; Level bonus 
0748   1BAE C9 09       				cmp			#$09
0749   1BB0 B0 05       				bcs			L1d19										; >= 9, skip increment 
0750   1BB2 EA          				nop
0751   1BB3             
0752   1BB3 69 01       				adc			#$01										; Increment
0753   1BB5 85 C3       				sta			$c3											; Store 
0754   1BB7             
0755   1BB7             L1d19:
0756   1BB7 D8          				cld
0757   1BB8 20 80 18    				jsr			L1880										; Draw big bonus #s 
0758   1BBB             
0759   1BBB A9 01       				lda			#$01										; EXTRA POINTS
0760   1BBD 20 E8 1F    				jsr			DRAWSTRA								; Draw string
0761   1BC0             
0762   1BC0 A9 13       				lda			#$13										; BONUS
0763   1BC2 20 E8 1F    				jsr			DRAWSTRA								; Draw string
0764   1BC5             
0765   1BC5 A9 0B       				lda			#$0b										; 10 POINTS 
0766   1BC7 20 E8 1F    				jsr			DRAWSTRA								; Draw string (and return)
0767   1BCA             
0768   1BCA A5 C3       				lda			$c3											; Arrow score 
0769   1BCC 09 30       				ora			#$30										; BCD to char 
0770   1BCE 8D 8D 42    				sta			$428d										; Location 
0771   1BD1 A9 10       				lda			#$10
0772   1BD3 8D 00 52    				sta			AUDIO1
0773   1BD6 A0 00       				ldy			#$00
0774   1BD8 20 AC 1A    				jsr			L1b13
0775   1BDB 20 08 1C    				jsr			L1d8e
0776   1BDE A2 2F       				ldx			#$2f										; Loop count 
0777   1BE0             L1d66:
0778   1BE0 20 E7 1B    				jsr			L1d6d										; $3d, $be chars -> random
0779   1BE3 CA          				dex
0780   1BE4 10 FA       				bpl			L1d66										; Loop 
0781   1BE6 60          				rts
0782   1BE7             
0783   1BE7             				;; Overwrite 2 char codes with random data
0784   1BE7             L1d6d:
0785   1BE7 C6 06       				dec			DELL
0786   1BE9 D0 FC       				bne			L1d6d
0787   1BEB A0 07       				ldy			#$07
0788   1BED             L1d73:
0789   1BED 20 86 20    				jsr			L23a4										; Kick PRNG
0790   1BF0 99 E8 49    				sta			$49e8, y								; Char $3d 
0791   1BF3 99 F0 4D    				sta			$4df0, y								; Char $be (not used)
0792   1BF6 88          				dey
0793   1BF7 10 F4       				bpl			L1d73										; Loop 
0794   1BF9             
0795   1BF9 60          				rts
0796   1BFA             
0797   1BFA             				;; Overwrite 2 char codes with $ff
0798   1BFA             L1d80:
0799   1BFA A9 FF       				lda			#$ff
0800   1BFC A0 07       				ldy			#$07
0801   1BFE             L1d84:
0802   1BFE 99 E8 49    				sta			$49e8, y								; Char $3d 
0803   1C01 99 F0 4D    				sta			$4df0, y								; Char $be (not used)
0804   1C04 88          				dey
0805   1C05 10 F7       				bpl			L1d84										; Loop 
0806   1C07             
0807   1C07 60          				rts
0808   1C08             
0809   1C08             L1d8e:
0810   1C08 A9 09       				lda			#$09 
0811   1C0A 85 3F       				sta			$3f											; Loop counter 
0812   1C0C A9 12       				lda			#$12
0813   1C0E 85 B7       				sta			$b7
0814   1C10             L1d96:
0815   1C10 20 1A 1C    				jsr			L1da0
0816   1C13 C6 B7       				dec			$b7
0817   1C15 C6 3F       				dec			$3f											; Dec counter 
0818   1C17 D0 F7       				bne			L1d96										; Loop 
0819   1C19 60          				rts
0820   1C1A             
0821   1C1A             L1da0:
0822   1C1A A5 03       				lda			$03
0823   1C1C C9 BE       				cmp			#$be
0824   1C1E F0 22       				beq			L1dc8
0825   1C20 EA          				nop
0826   1C21             
0827   1C21 A9 BE       				lda			#$be
0828   1C23 85 03       				sta			$03
0829   1C25 20 84 18    				jsr			L1884
0830   1C28             
0831   1C28             				;; Delay ~3 frames
0832   1C28             L1dae:
0833   1C28 A9 12       				lda			#$12
0834   1C2A 85 07       				sta			DELH
0835   1C2C             L1db2:
0836   1C2C C6 06       				dec			DELL
0837   1C2E D0 FC       				bne			L1db2										; Inner loop 
0838   1C30 A5 07       				lda			DELH
0839   1C32 29 03       				and			#$03										; Mask LSBs 
0840   1C34 85 B1       				sta			ARROWS
0841   1C36 A5 07       				lda			DELH
0842   1C38 29 06       				and			#$06
0843   1C3A D0 01       				bne			L1dc3
0844   1C3C EA          				nop
0845   1C3D             L1dc3:
0846   1C3D C6 07       				dec			DELH
0847   1C3F D0 EB       				bne			L1db2										; Outer loop 
0848   1C41 60          				rts
0849   1C42             
0850   1C42             
0851   1C42             L1dc8:
0852   1C42 20 80 18    				jsr			L1880
0853   1C45 20 28 1C    				jsr			L1dae										; Delay 3 frames 
0854   1C48 60          				rts
0855   1C49             
0856   1C49             
0857   1C49             				;; Compare player score to high score
0858   1C49             L1e08:
0859   1C49 A5 BE       				lda			SCOREP+1
0860   1C4B C5 AF       				cmp			SCOREH+1
0861   1C4D F0 04       				beq			L1e13
0862   1C4F             				nopx
targ_fp.asm line 0862: unrecognized instruction.          (NOPX)
0863   1C4F             
0864   1C4F B0 0A       				bcs			L1e1b
0865   1C51 EA          				nop
0866   1C52             
0867   1C52 60          				rts
0868   1C53             
0869   1C53             L1e13:
0870   1C53 A5 BD       				lda			SCOREP
0871   1C55 C5 AE       				cmp			SCOREH
0872   1C57 B0 02       				bcs			L1e1b
0873   1C59 EA          				nop
0874   1C5A             
0875   1C5A 60          				rts
0876   1C5B             
0877   1C5B             				;; Copy player score to high score
0878   1C5B             L1e1b:
0879   1C5B A5 BD       				lda			SCOREP
0880   1C5D 85 AE       				sta			SCOREH
0881   1C5F A5 BE       				lda			SCOREP+1
0882   1C61 85 AF       				sta			SCOREH+1
0883   1C63             
0884   1C63             				;; LSBs of status = Player # for high score
0885   1C63 A5 A7       				lda			STATUS
0886   1C65 29 FC       				and			#$fc										; Clear bits 1-0 
0887   1C67 85 A7       				sta			STATUS
0888   1C69 A5 BF       				lda			PNUM
0889   1C6B 29 03       				and			#$03										; Mask bits 1-0 
0890   1C6D 05 A7       				ora			STATUS
0891   1C6F 85 A7       				sta			STATUS
0892   1C71 60          				rts
0893   1C72             
0894   1C72             
0895   1C72             				;; Table ($FF terminated)
0896   1C72             				;; Set pixels for large font
0897   1C72             L1f52:
0898   1C72             LBIG0:
0899   1C72 01 02       				.db			     $01, $02
0900   1C74 20 23       				.db			$20,           $23
0901   1C76 40 43       				.db			$40,           $43
0902   1C78 60 63       				.db			$60,           $63
0903   1C7A 80 83       				.db			$80,           $83
0904   1C7C A1 A2       				.db			     $A1, $A2
0905   1C7E FF          				.db			$FF									
0906   1C7F             
0907   1C7F             LBIG1:	
0908   1C7F 02          				.db			          $02
0909   1C80 21 22       				.db			     $21, $22
0910   1C82 42          				.db			          $42
0911   1C83 62          				.db			          $62
0912   1C84 82          				.db			          $82
0913   1C85 A1 A2 A3    				.db			     $A1, $A2, $A3
0914   1C88 FF          				.db			$FF
0915   1C89             
0916   1C89             LBIG2:
0917   1C89 01 02       				.db			     $01, $02
0918   1C8B 20 23       				.db			$20,            $23
0919   1C8D 43          				.db			                $43
0920   1C8E 61 62       				.db			     $61,	$62
0921   1C90 80          				.db			$80
0922   1C91 A0 A1 A2 A3 				.db			$A0, $A1, $A2, $A3
0923   1C95 FF          				.db			$FF
0924   1C96             
0925   1C96             LBIG3:
0926   1C96 00 01 02    				.db			$00, $01, $02, 
0927   1C99 23          				.db			               $23
0928   1C9A 41 42       				.db			     $41, $42
0929   1C9C 63          				.db			               $63
0930   1C9D 80 8E       				.db			$80,           $8e
0931   1C9F A1 A2       				.db			     $A1, $A2
0932   1CA1 FF          				.db			$FF
0933   1CA2             
0934   1CA2             LBIG4:				
0935   1CA2 02          				.db			          $02
0936   1CA3 20 22       				.db			$20,      $22
0937   1CA5 40 42       				.db			$40,      $42
0938   1CA7 60 61 62 63 				.db			$60, $61, $62, $63
0939   1CAB 82          				.db			          $82
0940   1CAC A2          				.db		            $A2     
0941   1CAD FF          				.db			$FF
0942   1CAE             
0943   1CAE             LBIG5:
0944   1CAE 00 01 02 03 				.db			$00, $01, $02, $03
0945   1CB2 20          				.db			$20
0946   1CB3 40 41 42    				.db			$40, $41, $42
0947   1CB6 63          				.db			               $63
0948   1CB7 80 83       				.db			$80,           $83
0949   1CB9 A1 A2       				.db			     $A1, $A2
0950   1CBB FF          				.db			$FF
0951   1CBC             
0952   1CBC             LBIG6:				
0953   1CBC 01 02 03    				.db			     $01, $02, $03
0954   1CBF 20          				.db			$20
0955   1CC0 40 41 42    				.db			$40, $41, $42
0956   1CC3 60 63       				.db			$60,           $63
0957   1CC5 80 83       				.db			$80,           $83
0958   1CC7 A1 A2       				.db			     $A1, $A2     
0959   1CC9 FF          				.db			$FF
0960   1CCA             
0961   1CCA             LBIG7:
0962   1CCA 00 01 02 03 				.db			$00, $01, $02, $03
0963   1CCE 23          				.db			               $23
0964   1CCF 42 43       				.db			          $42, $43
0965   1CD1 61 62       				.db			     $61,	$62
0966   1CD3 81          				.db			     $81
0967   1CD4 A1          				.db			     $A1
0968   1CD5 FF          				.db			$FF
0969   1CD6             
0970   1CD6             LBIG8:
0971   1CD6 02 03       				.db			     $02, $03
0972   1CD8 21 23       				.db			$21,           $23
0973   1CDA 41 42       				.db			     $41, $42     
0974   1CDC 60 63       				.db			$60,           $63
0975   1CDE 80 83       				.db			$80,           $83
0976   1CE0 A1 A2       				.db			     $A1, $A2     
0977   1CE2 FF          				.db			$FF
0978   1CE3             
0979   1CE3             LBIG9:
0980   1CE3 01 02       				.db		       $01, $02     
0981   1CE5 20 23       				.db			$20,           $23
0982   1CE7 41 42 43    				.db			     $41, $42, $43
0983   1CEA 63          				.db			               $63
0984   1CEB 80 83       				.db			$80,           $83
0985   1CED A1 A2       				.db		       $A1, $A2      
0986   1CEF FF          				.db			$FF
0987   1CF0             
0988   1CF0             
0989   1CF0             				;; Indicies into above table
0990   1CF0             L1fde:
0991   1CF0 00          				.db			LBIG0-LBIG0
0992   1CF1 0D          				.db			LBIG1-LBIG0
0993   1CF2 17          				.db			LBIG2-LBIG0
0994   1CF3 24          				.db			LBIG3-LBIG0
0995   1CF4 30          				.db			LBIG4-LBIG0
0996   1CF5 3C          				.db			LBIG5-LBIG0
0997   1CF6 4A          				.db			LBIG6-LBIG0
0998   1CF7 58          				.db			LBIG7-LBIG0
0999   1CF8 64          				.db			LBIG8-LBIG0
1000   1CF9 71          				.db			LBIG9-LBIG0
1001   1CFA             
1002   1CFA             				;; Fake game move table
1003   1CFA             L1fe8:
1004   1CFA 20 40 04 08 				.db			$20, $40, $04, $08			; (4 entries) {U,D,R,L}
1005   1CFE             
1006   1CFE             
1007   1CFE             				;; Score for special target (x100)
1008   1CFE             L1fec:
1009   1CFE 01 02 03 05 				.db			$01, $02, $03, $05			; (4 entries)
1010   1D02             
1011   1D02             				;; Table
1012   1D02             L1ff0:
1013   1D02 0A 09 08 06 				.db			$0a, $09, $08, $06
1014   1D06 05 04 04 03 				.db			$05, $04, $04, $03
1015   1D0A 03 03 02 02 				.db			$03, $03, $02, $02
1016   1D0E 02 02 02 02 				.db			$02, $02, $02, $02
1017   1D12             
1018   1D12             				;; Check fire button
1019   1D12             L2000:
1020   1D12 AD 05 51    				lda			IN0B										; Control inputs
1021   1D15 C9 FF       				cmp			#$ff
1022   1D17 D0 06       				bne			L200d										; Something pressed
1023   1D19 EA          				nop
1024   1D1A             
1025   1D1A A9 00       				lda			#$00										; No controls
1026   1D1C 85 34       				sta			CURIN0									; IN0 store
1027   1D1E 60          				rts
1028   1D1F             
1029   1D1F             				;; Validate inputs
1030   1D1F             L200d:
1031   1D1F 85 34       				sta			CURIN0									; IN0 store
1032   1D21 A2 04       				ldx			#$04										; Loop counter
1033   1D23             L2011:
1034   1D23 AD 05 51    				lda			IN0B										; Control inputs
1035   1D26 05 34       				ora			CURIN0									; IN0 store
1036   1D28 85 34       				sta			CURIN0									; IN0 store
1037   1D2A CA          				dex
1038   1D2B D0 F6       				bne			L2011										; Loop
1039   1D2D             
1040   1D2D 49 FF       				eor			#$ff
1041   1D2F 85 34       				sta			CURIN0									; IN0 store
1042   1D31             
1043   1D31 29 10       				and			#$10										; Button
1044   1D33 F0 0B       				beq			L202e										; Button pressed 
1045   1D35 EA          				nop
1046   1D36             
1047   1D36 A5 35       				lda			OLDIN0									; Old IN0 store
1048   1D38 85 36       				sta			OOLDIN0									; Old Old IN0 store
1049   1D3A A5 34       				lda			CURIN0									; IN0 Store
1050   1D3C 29 EF       				and			#$ef										; Clear Button
1051   1D3E 85 35       				sta			OLDIN0									; Old IN0 store
1052   1D40             L202e:
1053   1D40 60          				rts
1054   1D41             
1055   1D41             
1056   1D41             L202f:
1057   1D41 A5 30       				lda			$30
1058   1D43 29 60       				and			#$60										; Check D6,5
1059   1D45 D0 06       				bne			L203b
1060   1D47 EA          				nop
1061   1D48 A9 16       				lda			#$16
1062   1D4A 85 38       				sta			$38
1063   1D4C 60          				rts
1064   1D4D             L203b:
1065   1D4D C6 38       				dec			$38
1066   1D4F 30 02       				bmi			L2041
1067   1D51 EA          				nop
1068   1D52             
1069   1D52 60          				rts
1070   1D53             
1071   1D53             L2041:
1072   1D53 A5 30       				lda			$30
1073   1D55 29 20       				and			#$20										; Check D5 
1074   1D57 D0 0D       				bne			L2054
1075   1D59 EA          				nop
1076   1D5A             
1077   1D5A A5 3A       				lda			$3a
1078   1D5C 20 A5 1D    				jsr			L2093
1079   1D5F A5 30       				lda			$30
1080   1D61 29 BF       				and			#$bf										; Clear D6 
1081   1D63 85 30       				sta			$30
1082   1D65 60          				rts
1083   1D66             
1084   1D66             L2054:
1085   1D66 20 86 20    				jsr			L23a4										; Kick PRNG
1086   1D69 29 01       				and			#$01										; Mask LSB 
1087   1D6B AA          				tax
1088   1D6C             
1089   1D6C A5 1C       				lda			SPR1H
1090   1D6E F0 12       				beq			L2070
1091   1D70 EA          				nop
1092   1D71             
1093   1D71 A5 1D       				lda			SPR1V
1094   1D73 F0 07       				beq			L206a
1095   1D75 EA          				nop
1096   1D76             
1097   1D76 BD 39 24    				lda			L27ad, x								; SPR1H!=0, SPR1V!=0 
1098   1D79 4C 90 1D    				jmp			L207e
1099   1D7C             
1100   1D7C             L206a:
1101   1D7C BD 37 24    				lda			L27ab, x								; SPR1H!=0, SPR1V==0 
1102   1D7F 4C 90 1D    				jmp			L207e
1103   1D82             
1104   1D82             L2070:
1105   1D82 A5 1D       				lda			SPR1V
1106   1D84 F0 07       				beq			L207b
1107   1D86 EA          				nop
1108   1D87             
1109   1D87 BD 3B 24    				lda			L27af, x								; SPR1H==0, SPR1V!=0 
1110   1D8A 4C 90 1D    				jmp			L207e
1111   1D8D             
1112   1D8D             L207b:
1113   1D8D BD 3D 24    				lda			L27b1, x								; SPR1H==0, SPR1V==0 
1114   1D90             L207e:
1115   1D90 20 A5 1D    				jsr			L2093										; a = New dir? 
1116   1D93 A5 30       				lda			$30
1117   1D95 29 9F       				and			#$9f										; Clear D6,5 
1118   1D97 85 30       				sta			$30
1119   1D99 60          				rts
1120   1D9A             
1121   1D9A             L2088:
1122   1D9A A5 34       				lda			CURIN0
1123   1D9C 29 EF       				and			#$ef										; Clear d4 
1124   1D9E D0 05       				bne			L2093 
1125   1DA0 EA          				nop
1126   1DA1             
1127   1DA1 20 30 1F    				jsr			L2225										; (if 0) 
1128   1DA4 60          				rts
1129   1DA5             
1130   1DA5             L2093:
1131   1DA5 C9 20       				cmp			#$20
1132   1DA7 F0 53       				beq			L20ea
1133   1DA9 EA          				nop
1134   1DAA             
1135   1DAA C9 40       				cmp			#$40
1136   1DAC F0 77       				beq			L2113
1137   1DAE EA          				nop
1138   1DAF             
1139   1DAF C9 04       				cmp			#$04
1140   1DB1 D0 04       				bne			L20a5
1141   1DB3 EA          				nop
1142   1DB4             
1143   1DB4 4C 50 1E    				jmp			L213e
1144   1DB7             
1145   1DB7             L20a5:
1146   1DB7 C9 08       				cmp			#$08
1147   1DB9 D0 04       				bne			L20ad
1148   1DBB EA          				nop
1149   1DBC             
1150   1DBC 4C 7B 1E    				jmp			L2169
1151   1DBF             L20ad:
1152   1DBF 60          				rts
1153   1DC0             
1154   1DC0             L20ae:
1155   1DC0 A5 31       				lda			$31
1156   1DC2 F0 02       				beq			L20b4
1157   1DC4 EA          				nop
1158   1DC5             
1159   1DC5 60          				rts
1160   1DC6             
1161   1DC6             L20b4:
1162   1DC6 A5 34       				lda			CURIN0
1163   1DC8 29 10       				and			#$10
1164   1DCA D0 02       				bne			L20bc
1165   1DCC EA          				nop
1166   1DCD             
1167   1DCD 60          				rts
1168   1DCE             
1169   1DCE             L20bc:
1170   1DCE A9 0C       				lda			#$0c
1171   1DD0 85 A4       				sta			$a4
1172   1DD2 A9 01       				lda			#$01
1173   1DD4 85 31       				sta			$31
1174   1DD6 A9 02       				lda			#$02
1175   1DD8 85 26       				sta			$26
1176   1DDA 85 27       				sta			$27
1177   1DDC A5 1A       				lda			SPRVAL
1178   1DDE 0A          				asl			a
1179   1DDF 0A          				asl			a
1180   1DE0 0A          				asl			a
1181   1DE1 0A          				asl			a
1182   1DE2 09 40       				ora			#$40
1183   1DE4 85 00       				sta			$00
1184   1DE6 A5 1A       				lda			SPRVAL
1185   1DE8 29 0F       				and			#$0f										; Clear MOB1 
1186   1DEA 05 00       				ora			$00
1187   1DEC 85 1A       				sta			SPRVAL
1188   1DEE             
1189   1DEE             				;; Copy SPR1 pos to SPR2
1190   1DEE A5 1C       				lda			SPR1H
1191   1DF0 85 22       				sta			SPR2H
1192   1DF2 A5 1D       				lda			SPR1V
1193   1DF4 85 23       				sta			SPR2V
1194   1DF6 20 E8 1E    				jsr			L21d9
1195   1DF9 4C 05 21    				jmp			L246d										; Update MOBLAT (and rts)
1196   1DFC             
1197   1DFC             
1198   1DFC             L20ea:
1199   1DFC A5 1F       				lda			$1f
1200   1DFE F0 13       				beq			L2101
1201   1E00 EA          				nop
1202   1E01 30 04       				bmi			L20f5
1203   1E03 EA          				nop
1204   1E04 4C 03 1F    				jmp			L21f4
1205   1E07             L20f5:
1206   1E07 A5 20       				lda			$20
1207   1E09 29 3F       				and			#$3f
1208   1E0B C9 0A       				cmp			#$0a
1209   1E0D B0 0B       				bcs			L2108
1210   1E0F EA          				nop
1211   1E10 4C 19 1F    				jmp			L220a
1212   1E13             L2101:
1213   1E13 20 B0 1E    				jsr			L21a1
1214   1E16 B0 02       				bcs			L2108
1215   1E18 EA          				nop
1216   1E19 60          				rts
1217   1E1A             
1218   1E1A             				;; Missile up?
1219   1E1A             L2108:
1220   1E1A A9 01       				lda			#$01
1221   1E1C 85 1F       				sta			$1f											; MOB1 V speed
1222   1E1E A9 00       				lda			#$00
1223   1E20 85 1E       				sta			$1e											; MOB1 H speed
1224   1E22 4C A3 1E    				jmp			L2191
1225   1E25             
1226   1E25             L2113:
1227   1E25 A5 1F       				lda			$1f
1228   1E27 F0 13       				beq			L212a
1229   1E29 EA          				nop
1230   1E2A             
1231   1E2A 10 04       				bpl			L211e
1232   1E2C EA          				nop
1233   1E2D             
1234   1E2D 4C 03 1F    				jmp			L21f4
1235   1E30             
1236   1E30             				;; $1f > 0
1237   1E30             L211e:
1238   1E30 A5 20       				lda			$20
1239   1E32 29 3F       				and			#$3f										; Mask 6 LSBs 
1240   1E34 C9 0A       				cmp			#$0a
1241   1E36 B0 0B       				bcs			L2131
1242   1E38 EA          				nop
1243   1E39             
1244   1E39 4C 19 1F    				jmp			L220a
1245   1E3C             
1246   1E3C             L212a:
1247   1E3C 20 B0 1E    				jsr			L21a1
1248   1E3F B0 02       				bcs			L2131
1249   1E41 EA          				nop
1250   1E42             
1251   1E42 60          				rts
1252   1E43             
1253   1E43             				;; Missile down?
1254   1E43             L2131:
1255   1E43 A9 FE       				lda			#$fe
1256   1E45 85 1F       				sta			$1f											; MOB1 V speed
1257   1E47 A9 00       				lda			#$00
1258   1E49 85 1E       				sta			$1e											; MOB1 H speed
1259   1E4B A9 01       				lda			#$01
1260   1E4D 4C A3 1E    				jmp			L2191
1261   1E50             
1262   1E50             L213e:
1263   1E50 A5 1E       				lda			$1e
1264   1E52 F0 13       				beq			L2155
1265   1E54 EA          				nop
1266   1E55             
1267   1E55 10 04       				bpl			L2149
1268   1E57 EA          				nop
1269   1E58             
1270   1E58 4C 03 1F    				jmp			L21f4
1271   1E5B             L2149:
1272   1E5B A5 20       				lda			$20
1273   1E5D 29 3F       				and			#$3f
1274   1E5F C9 0A       				cmp			#$0a
1275   1E61 B0 0B       				bcs			L215c
1276   1E63 EA          				nop
1277   1E64 4C 19 1F    				jmp			L220a
1278   1E67             L2155:
1279   1E67 20 B8 1E    				jsr			L21a9
1280   1E6A B0 02       				bcs			L215c
1281   1E6C EA          				nop
1282   1E6D 60          				rts
1283   1E6E             
1284   1E6E             				;; Missile left?
1285   1E6E             L215c:
1286   1E6E A9 FE       				lda			#$fe 
1287   1E70 85 1E       				sta			$1e											; MOB1 H speed
1288   1E72 A9 00       				lda			#$00
1289   1E74 85 1F       				sta			$1f											; MOB1 V speed
1290   1E76 A9 02       				lda			#$02
1291   1E78 4C A3 1E    				jmp			L2191
1292   1E7B             
1293   1E7B             L2169:
1294   1E7B A5 1E       				lda			$1e											; MOB1 H speed
1295   1E7D F0 13       				beq			L2180
1296   1E7F EA          				nop
1297   1E80             
1298   1E80 30 04       				bmi			L2174
1299   1E82 EA          				nop
1300   1E83             
1301   1E83 4C 03 1F    				jmp			L21f4
1302   1E86             
1303   1E86             L2174:
1304   1E86 A5 20       				lda			$20
1305   1E88 29 3F       				and			#$3f
1306   1E8A C9 0A       				cmp			#$0a
1307   1E8C B0 0B       				bcs			L2187
1308   1E8E EA          				nop
1309   1E8F             
1310   1E8F 4C 19 1F    				jmp			L220a
1311   1E92             
1312   1E92             L2180:
1313   1E92 20 B8 1E    				jsr			L21a9
1314   1E95 B0 02       				bcs			L2187
1315   1E97 EA          				nop
1316   1E98             
1317   1E98 60          				rts
1318   1E99             
1319   1E99             				;; Missile right?
1320   1E99             L2187:
1321   1E99 A9 01       				lda			#$01
1322   1E9B 85 1E       				sta			$1e											; MOB1 H speed
1323   1E9D A9 00       				lda			#$00
1324   1E9F 85 1F       				sta			$1f											; MOB1 V speed
1325   1EA1 A9 03       				lda			#$03										; MOB1 
1326   1EA3             
1327   1EA3             L2191:
1328   1EA3 48          				pha
1329   1EA4 A5 1A       				lda			SPRVAL
1330   1EA6 29 F0       				and			#$f0										; Clear MOB2
1331   1EA8 85 1A       				sta			SPRVAL
1332   1EAA 68          				pla
1333   1EAB 05 1A       				ora			SPRVAL
1334   1EAD 85 1A       				sta			SPRVAL
1335   1EAF             ;				jsr			L246d										; Update MOBLAT (unneeded)
1336   1EAF 60          				rts
1337   1EB0             
1338   1EB0             L21a1:
1339   1EB0 A5 1C       				lda			SPR1H
1340   1EB2 F0 22       				beq			L21c7
1341   1EB4 EA          				nop
1342   1EB5 4C BD 1E    				jmp			L21ae
1343   1EB8             L21a9:
1344   1EB8 A5 1D       				lda			SPR1V
1345   1EBA F0 1A       				beq			L21c7
1346   1EBC EA          				nop
1347   1EBD             L21ae:
1348   1EBD 85 01       				sta			$01
1349   1EBF A2 0A       				ldx			#$0a
1350   1EC1 A9 00       				lda			#$00
1351   1EC3 85 00       				sta			$00
1352   1EC5             L21b6:
1353   1EC5 C5 01       				cmp			$01
1354   1EC7 F0 0D       				beq			L21c7
1355   1EC9 EA          				nop
1356   1ECA A9 18       				lda			#$18
1357   1ECC 18          				clc
1358   1ECD 65 00       				adc			$00
1359   1ECF 85 00       				sta			$00
1360   1ED1 CA          				dex
1361   1ED2 D0 F1       				bne			L21b6
1362   1ED4 18          				clc
1363   1ED5 60          				rts
1364   1ED6             L21c7:
1365   1ED6 A5 39       				lda			$39
1366   1ED8 85 3A       				sta			$3a
1367   1EDA A5 34       				lda			CURIN0
1368   1EDC 29 EF       				and			#$ef
1369   1EDE 85 39       				sta			$39
1370   1EE0 A5 30       				lda			$30
1371   1EE2 29 BF       				and			#$bf										 ; Clear D6 
1372   1EE4 85 30       				sta			$30
1373   1EE6 38          				sec
1374   1EE7 60          				rts
1375   1EE8             
1376   1EE8             				;; 
1377   1EE8             L21d9:
1378   1EE8 A5 1E       				lda			$1e
1379   1EEA 20 F7 1E    				jsr			L21e8
1380   1EED 85 24       				sta			$24
1381   1EEF A5 1F       				lda			$1f
1382   1EF1 20 F7 1E    				jsr			L21e8
1383   1EF4 85 25       				sta			$25
1384   1EF6 60          				rts
1385   1EF7             
1386   1EF7             				;; a --> #$02, #$00, #$fd
1387   1EF7             L21e8:
1388   1EF7 F0 06       				beq			L21f0										; 0 -> 0 
1389   1EF9 EA          				nop
1390   1EFA             
1391   1EFA 30 04       				bmi			L21f1
1392   1EFC EA          				nop
1393   1EFD             
1394   1EFD A9 02       				lda			#$02										; pos -> $02 
1395   1EFF             L21f0:
1396   1EFF 60          				rts
1397   1F00             L21f1:
1398   1F00 A9 FD       				lda			#$fd										; neg -> $fd 
1399   1F02 60          				rts
1400   1F03             
1401   1F03             L21f4:
1402   1F03 A5 20       				lda			$20
1403   1F05 10 02       				bpl			L21fa
1404   1F07 EA          				nop
1405   1F08 60          				rts
1406   1F09             L21fa:
1407   1F09 A5 36       				lda			$36
1408   1F0B C5 35       				cmp			$35
1409   1F0D D0 09       				bne			L2209
1410   1F0F EA          				nop
1411   1F10 A5 20       				lda			$20
1412   1F12 29 BF       				and			#$bf
1413   1F14 09 80       				ora			#$80
1414   1F16 85 20       				sta			$20
1415   1F18             L2209:
1416   1F18 60          				rts
1417   1F19             L220a:
1418   1F19 A5 20       				lda			$20
1419   1F1B 29 40       				and			#$40
1420   1F1D F0 02       				beq			L2212
1421   1F1F EA          				nop
1422   1F20 60          				rts
1423   1F21             L2212:
1424   1F21 A5 36       				lda			$36
1425   1F23 C5 35       				cmp			$35
1426   1F25 D0 F1       				bne			L2209
1427   1F27 A5 20       				lda			$20
1428   1F29 29 7F       				and			#$7f										; Clear D7 
1429   1F2B 09 40       				ora			#$40										; Set D6 
1430   1F2D 85 20       				sta			$20
1431   1F2F             ;				lda			$3c											; Not used
1432   1F2F             ;				sta			$2e											; Never read 
1433   1F2F 60          				rts
1434   1F30             L2225:
1435   1F30 A5 20       				lda			$20
1436   1F32 29 3F       				and			#$3f
1437   1F34 85 20       				sta			$20
1438   1F36 60          				rts
1439   1F37             L222c:
1440   1F37 20 75 1F    				jsr			L226a
1441   1F3A             L222f:
1442   1F3A A5 10       				lda			SCRLOC
1443   1F3C 29 1F       				and			#$1f
1444   1F3E 85 00       				sta			$00
1445   1F40 A5 2A       				lda			$2a
1446   1F42 29 1F       				and			#$1f
1447   1F44 38          				sec
1448   1F45 E5 00       				sbc			$00
1449   1F47 85 2D       				sta			$2d
1450   1F49 A5 11       				lda			SCRLOC+1
1451   1F4B 85 19       				sta			$19
1452   1F4D A5 10       				lda			SCRLOC
1453   1F4F 85 18       				sta			$18
1454   1F51 20 67 1F    				jsr			L225c
1455   1F54 85 00       				sta			$00
1456   1F56 A5 2B       				lda			$2b
1457   1F58 85 19       				sta			$19
1458   1F5A A5 2A       				lda			$2a
1459   1F5C 85 18       				sta			$18
1460   1F5E 20 67 1F    				jsr			L225c
1461   1F61 38          				sec
1462   1F62 E5 00       				sbc			$00
1463   1F64 85 2C       				sta			$2c
1464   1F66 60          				rts
1465   1F67             L225c:
1466   1F67 A2 05       				ldx			#$05
1467   1F69             L225e:
1468   1F69 66 19       				ror			$19
1469   1F6B 66 18       				ror			$18
1470   1F6D CA          				dex
1471   1F6E D0 F9       				bne			L225e
1472   1F70 A5 18       				lda			$18
1473   1F72 29 1F       				and			#$1f
1474   1F74 60          				rts
1475   1F75             L226a:
1476   1F75 A5 1D       				lda			SPR1V
1477   1F77 85 18       				sta			$18
1478   1F79 A5 1C       				lda			SPR1H
1479   1F7B 85 19       				sta			$19
1480   1F7D 4C 88 1F    				jmp			L227d
1481   1F80             L2275:
1482   1F80 A5 23       				lda			SPR2V
1483   1F82 85 18       				sta			$18
1484   1F84 A5 22       				lda			SPR2H
1485   1F86 85 19       				sta			$19
1486   1F88             L227d:
1487   1F88 A9 00       				lda			#$00
1488   1F8A 85 2B       				sta			$2b
1489   1F8C A5 18       				lda			$18
1490   1F8E 49 FF       				eor			#$ff
1491   1F90 4A          				lsr			a
1492   1F91 4A          				lsr			a
1493   1F92 4A          				lsr			a
1494   1F93 18          				clc
1495   1F94 69 01       				adc			#$01
1496   1F96 E9 04       				sbc			#$04
1497   1F98 85 2A       				sta			$2a
1498   1F9A 18          				clc
1499   1F9B 65 2A       				adc			$2a
1500   1F9D 85 2A       				sta			$2a
1501   1F9F A2 04       				ldx			#$04
1502   1FA1             L2296:
1503   1FA1 06 2A       				asl			$2a
1504   1FA3 26 2B       				rol			$2b
1505   1FA5 CA          				dex
1506   1FA6 D0 F9       				bne			L2296
1507   1FA8 A5 2A       				lda			$2a
1508   1FAA 69 60       				adc			#$60
1509   1FAC 85 2A       				sta			$2a
1510   1FAE A5 2B       				lda			$2b
1511   1FB0 69 40       				adc			#$40
1512   1FB2 85 2B       				sta			$2b
1513   1FB4 A5 19       				lda			$19
1514   1FB6 49 FF       				eor			#$ff
1515   1FB8 4A          				lsr			a
1516   1FB9 4A          				lsr			a
1517   1FBA 4A          				lsr			a
1518   1FBB 18          				clc
1519   1FBC 69 01       				adc			#$01
1520   1FBE 38          				sec
1521   1FBF E9 03       				sbc			#$03
1522   1FC1 18          				clc
1523   1FC2 65 2A       				adc			$2a
1524   1FC4 85 2A       				sta			$2a
1525   1FC6 60          				rts
1526   1FC7             
1527   1FC7             				;; Write character RAM
1528   1FC7             L22bc:
1529   1FC7 A9 00       				lda			#$00
1530   1FC9 85 0E       				sta			STRLOC
1531   1FCB 85 10       				sta			SCRLOC
1532   1FCD A9 38       				lda			#$38
1533   1FCF 85 0F       				sta			STRLOC+1
1534   1FD1 A9 48       				lda			#$48
1535   1FD3 85 11       				sta			SCRLOC+1
1536   1FD5             
1537   1FD5 A2 08       				ldx			#$08										; 8 pages
1538   1FD7 A0 00       				ldy			#$00
1539   1FD9             CHLOOP:
1540   1FD9 B1 0E       				lda			(STRLOC), y
1541   1FDB 91 10       				sta			(SCRLOC), y
1542   1FDD C8          				iny
1543   1FDE D0 F9       				bne			CHLOOP									; Loop
1544   1FE0             
1545   1FE0 E6 0F       				inc			STRLOC+1
1546   1FE2 E6 11       				inc			SCRLOC+1
1547   1FE4 CA          				dex
1548   1FE5 D0 F2       				bne			CHLOOP									; Loop
1549   1FE7 60          				rts
1550   1FE8             
1551   1FE8             
1552   1FE8             				;; Draw string #a
1553   1FE8             DRAWSTRA:
1554   1FE8 0A          				asl			a												; a<<1
1555   1FE9 AA          				tax
1556   1FEA             				
1557   1FEA             				;; ROM loc of string  
1558   1FEA BD BD 2B    				lda			TXTTBL,x
1559   1FED 85 0E       				sta			STRLOC
1560   1FEF BD BE 2B    				lda			TXTTBL+1,x
1561   1FF2 85 0F       				sta			STRLOC+1
1562   1FF4             
1563   1FF4             				;; Screen loc of string  
1564   1FF4 BD F1 2B    				lda			TXTLOC,x
1565   1FF7 85 10       				sta			SCRLOC
1566   1FF9 BD F2 2B    				lda			TXTLOC+1,x
1567   1FFC 85 11       				sta			SCRLOC+1
1568   1FFE             
1569   1FFE             				;; Draw string from (STRLOC) at (SCRLOC)
1570   1FFE             				;; Deprecated
1571   1FFE             DRAWSTR:
1572   1FFE             L22fe:
1573   1FFE A0 00       				ldy			#$00
1574   2000             DRAWSTRN:
1575   2000             L2300:
1576   2000 B1 0E       				lda			(STRLOC), y							; Get char
1577   2002 D0 02       				bne			L2306										; 0 terminated
1578   2004 EA          				nop
1579   2005             
1580   2005 60          				rts															; Exit 
1581   2006             
1582   2006             L2306:
1583   2006 91 10       				sta			(SCRLOC), y							; Store char
1584   2008 C8          				iny
1585   2009 4C 00 20    				jmp			L2300										; Loop
1586   200C             
1587   200C             
1588   200C             				;; Add 3 lines to SCRLOC
1589   200C             L230c:
1590   200C A9 60       				lda			#$60
1591   200E 4C 18 20    				jmp			L2318
1592   2011             
1593   2011             				;; Add 2 lines to SCRLOC
1594   2011             L2311:
1595   2011 A9 40       				lda			#$40
1596   2013 4C 18 20    				jmp			L2318
1597   2016             
1598   2016             				;; Add 1 line  to SCRLOC
1599   2016             L2316:
1600   2016 A9 20       				lda			#$20
1601   2018             
1602   2018             L2318:
1603   2018 18          				clc
1604   2019 65 10       				adc			SCRLOC
1605   201B 85 10       				sta			SCRLOC
1606   201D A5 11       				lda			SCRLOC+1
1607   201F 69 00       				adc			#$00
1608   2021 85 11       				sta			SCRLOC+1
1609   2023 60          				rts
1610   2024             
1611   2024             				;; Back 3 lines
1612   2024             L2324:
1613   2024 A9 60       				lda			#$60
1614   2026 4C 30 20    				jmp			L2330										; SCRLOC =- a
1615   2029             
1616   2029             				;; Back 2 lines
1617   2029             L2329:
1618   2029 A9 40       				lda			#$40
1619   202B 4C 30 20    				jmp			L2330										; SCRLOC =- a 
1620   202E             
1621   202E             
1622   202E             				;; SCRLOC -= #$20
1623   202E             L232e:
1624   202E A9 20       				lda			#$20
1625   2030             
1626   2030             				;; SCRLOC -= a
1627   2030             L2330:
1628   2030 85 00       				sta			$00
1629   2032 38          				sec
1630   2033 A5 10       				lda			SCRLOC
1631   2035 E5 00       				sbc			$00
1632   2037 85 10       				sta			SCRLOC
1633   2039 A5 11       				lda			SCRLOC+1
1634   203B E9 00       				sbc			#$00
1635   203D 85 11       				sta			SCRLOC+1
1636   203F 60          				rts
1637   2040             
1638   2040             
1639   2040             				;; Clear screen
1640   2040             L2340:
1641   2040 20 59 20    				jsr			L2359										; ($10-11) = $4000
1642   2043             
1643   2043 A8          				tay															; y=a=0
1644   2044 A2 04       				ldx			#$04										; Loop counter
1645   2046             L2346:
1646   2046 20 51 20    				jsr			L2351										; Clear y chars at ($10-11)
1647   2049             
1648   2049 E6 11       				inc		SCRLOC+1
1649   204B CA          				dex
1650   204C D0 F8       				bne			L2346										; Loop
1651   204E 60          				rts
1652   204F             
1653   204F             				;; Clear $20 chars at ($10-11)
1654   204F A0 20       				ldy			#$20
1655   2051             
1656   2051             				;; Clear y chars at ($10-11)
1657   2051             L2351:
1658   2051 A9 20       				lda			#$20										; (space char)
1659   2053             L2353:
1660   2053 88          				dey
1661   2054 91 10       				sta			(SCRLOC), y
1662   2056 D0 FB       				bne			L2353										; Loop
1663   2058 60          				rts
1664   2059             
1665   2059             				;; ($10-11) = $4000
1666   2059             L2359:
1667   2059 A9 40       				lda			#$40
1668   205B D0 0D       				bne			L236a
1669   205D EA          				nop
1670   205E             
1671   205E             				;; ($10-11) = $4100
1672   205E A9 41       				lda			#$41
1673   2060 D0 08       				bne			L236a
1674   2062 EA          				nop
1675   2063             
1676   2063             				;; ($10-11) = $4200
1677   2063 A9 42       				lda			#$42
1678   2065 D0 03       				bne			L236a
1679   2067 EA          				nop
1680   2068             
1681   2068             				;; ($10-11) = $4300
1682   2068             L2368:
1683   2068 A9 43       				lda			#$43
1684   206A             L236a:
1685   206A 85 11       				sta		SCRLOC+1
1686   206C A9 00       				lda			#$00
1687   206E 85 10       				sta			SCRLOC
1688   2070 60          				rts
1689   2071             
1690   2071             
1691   2071             L2371:
1692   2071 A5 B1       				lda			ARROWS
1693   2073 C5 A8       				cmp			$a8
1694   2075 D0 07       				bne			L237e
1695   2077 EA          				nop
1696   2078 A9 9F       				lda			#$9f
1697   207A 20 B0 20    				jsr			L23ca
1698   207D 60          				rts
1699   207E             L237e:
1700   207E 85 A8       				sta			$a8
1701   2080 A9 60       				lda			#$60
1702   2082 20 AC 20    				jsr			L23cf										; Set AUDIO1 bits 
1703   2085 60          				rts
1704   2086             
1705   2086             
1706   2086             				;; Kick PRNG
1707   2086             L23a4:
1708   2086 98          				tya
1709   2087 48          				pha															; Push y
1710   2088             
1711   2088 A0 23       				ldy			#$23										; Loop counter 
1712   208A             L23a8:
1713   208A A5 09       				lda			PRNG+1
1714   208C F0 11       				beq			L23bd										; ==0
1715   208E EA          				nop
1716   208F             
1717   208F 29 60       				and			#$60
1718   2091 C9 20       				cmp			#$20
1719   2093 F0 0A       				beq			L23bd										; == 20/60/a0/e0
1720   2095 EA          				nop
1721   2096             
1722   2096 C9 40       				cmp			#$40
1723   2098 F0 05       				beq			L23bd										; == 40/c0
1724   209A EA          				nop
1725   209B             
1726   209B 18          				clc															; Clear carry
1727   209C 90 02       				bcc			L23be										; (Always)
1728   209E EA          				nop
1729   209F             
1730   209F             L23bd:
1731   209F 38          				sec															; Set carry
1732   20A0             L23be:
1733   20A0 26 08       				rol			PRNG
1734   20A2 26 09       				rol			PRNG+1
1735   20A4 88          				dey
1736   20A5 D0 E3       				bne			L23a8										; Loop 
1737   20A7 68          				pla
1738   20A8 A8          				tay
1739   20A9 A5 08       				lda			PRNG
1740   20AB 60          				rts
1741   20AC             
1742   20AC             
1743   20AC             				;; Set AUDIO1 bits
1744   20AC             L23cf:
1745   20AC 05 A3       				ora			VAUD1
1746   20AE D0 02       				bne			L23d1										; Always
1747   20B0             
1748   20B0             				;; Clear AUDIO1 bits
1749   20B0             L23ca:
1750   20B0 25 A3       				and			VAUD1
1751   20B2             
1752   20B2             L23d1:
1753   20B2 85 A3       				sta			VAUD1
1754   20B4 8D 00 52    				sta			AUDIO1
1755   20B7 60          				rts
1756   20B8             
1757   20B8             
1758   20B8             				;; Set LIVES froom DIPs
1759   20B8             L23d7:
1760   20B8 AD 00 51    				lda			DSW											; DIPs
1761   20BB 49 FF       				eor			#$ff										; Invert 
1762   20BD 29 60       				and			#$60										; Mask lives
1763   20BF 4A          				lsr			a
1764   20C0 4A          				lsr			a
1765   20C1 4A          				lsr			a
1766   20C2 4A          				lsr			a
1767   20C3 4A          				lsr			a
1768   20C4 AA          				tax
1769   20C5 BD 4F 24    				lda			L27c3, x								; Lives table 
1770   20C8 85 C1       				sta			LIVES
1771   20CA 60          				rts
1772   20CB             
1773   20CB             
1774   20CB             				;; Draw STR08
1775   20CB             
1776   20CB             L2421:
1777   20CB A0 00       				ldy			#$00
1778   20CD A9 10       				lda			#$10
1779   20CF 8D 00 52    				sta			AUDIO1
1780   20D2 A9 EE       				lda			#$ee
1781   20D4 8D 00 51    				sta			MOBLAT									; Sprite latch
1782   20D7             
1783   20D7             				;; Draw STR09
1784   20D7 A9 09       				lda			#$09										; GET READY 
1785   20D9 20 E8 1F    				jsr			DRAWSTRA								; Draw string
1786   20DC             
1787   20DC             				;; Draw STR0A
1788   20DC A9 0A       				lda			#$0a										; PLAYER___
1789   20DE 20 E8 1F    				jsr			DRAWSTRA								; Draw sting
1790   20E1             
1791   20E1 A5 BF       				lda			PNUM
1792   20E3 09 30       				ora			#$30
1793   20E5 8D 53 42    				sta			$4253										; Location
1794   20E8             
1795   20E8             ;				jmp			DEL168									; Delay 168 frames
1796   20E8             				
1797   20E8             DEL168:	
1798   20E8 A9 A8       				lda			#$a8										; 168 frames 
1799   20EA             DELAY:
1800   20EA 85 12       				sta			TIMERA
1801   20EC             
1802   20EC             				;; Spin until TIMERA==0
1803   20EC             DLOOP:
1804   20EC A5 12       				lda			TIMERA
1805   20EE D0 FC       				bne			DLOOP
1806   20F0             
1807   20F0 60          				rts
1808   20F1             				
1809   20F1             
1810   20F1             				;; Update sprite locations
1811   20F1             L2459:
1812   20F1 A5 1C       				lda			SPR1H
1813   20F3 8D 00 50    				sta			MOB1H
1814   20F6 A5 1D       				lda			SPR1V
1815   20F8 8D 40 50    				sta			MOB1V
1816   20FB A5 22       				lda			SPR2H
1817   20FD 8D 80 50    				sta			MOB2H
1818   2100 A5 23       				lda			SPR2V
1819   2102 8D C0 50    				sta			MOB2V
1820   2105             L246d:
1821   2105 A5 1A       				lda			SPRVAL
1822   2107 8D 00 51    				sta			MOBLAT									; Sprite latch
1823   210A 60          				rts
1824   210B             
1825   210B             
1826   210B             L2473:
1827   210B A5 1E       				lda			$1e
1828   210D F0 24       				beq			L249b
1829   210F EA          				nop
1830   2110 18          				clc
1831   2111 65 1C       				adc			SPR1H
1832   2113 69 00       				adc			#$00
1833   2115 20 66 21    				jsr			L24ce
1834   2118 85 1C       				sta			SPR1H
1835   211A B0 02       				bcs			L2486
1836   211C EA          				nop
1837   211D             
1838   211D 60          				rts
1839   211E             
1840   211E             L2486:
1841   211E A5 30       				lda			$30
1842   2120 29 40       				and			#$40										; Check D6 
1843   2122 D0 08       				bne			L2494
1844   2124 EA          				nop
1845   2125             
1846   2125 A5 30       				lda			$30
1847   2127 09 40       				ora			#$40										; Set D6 
1848   2129 85 30       				sta			$30
1849   212B 60          				rts
1850   212C             
1851   212C             L2494:
1852   212C A5 30       				lda			$30
1853   212E 09 20       				ora			#$20										; Set D5 
1854   2130 85 30       				sta			$30
1855   2132 60          				rts
1856   2133             
1857   2133             L249b:
1858   2133 A5 1F       				lda			$1f
1859   2135 D0 02       				bne			L24a1
1860   2137 EA          				nop
1861   2138 60          				rts
1862   2139             
1863   2139             L24a1:
1864   2139 18          				clc
1865   213A 65 1D       				adc			SPR1V
1866   213C 69 00       				adc			#$00
1867   213E 20 66 21    				jsr			L24ce
1868   2141 85 1D       				sta			SPR1V
1869   2143 B0 D9       				bcs			L2486
1870   2145 60          				rts
1871   2146             
1872   2146             L24ae:
1873   2146 A5 24       				lda			$24
1874   2148 F0 0B       				beq			L24bd
1875   214A EA          				nop
1876   214B             
1877   214B 18          				clc
1878   214C 65 22       				adc			SPR2H
1879   214E 69 00       				adc			#$00
1880   2150 20 77 21    				jsr			L24df
1881   2153 85 22       				sta			SPR2H
1882   2155             L24bd:
1883   2155 A5 25       				lda			$25
1884   2157 D0 02       				bne			L24c3
1885   2159 EA          				nop
1886   215A             
1887   215A 60          				rts
1888   215B             
1889   215B             L24c3:
1890   215B 18          				clc
1891   215C 65 23       				adc			SPR2V
1892   215E 69 00       				adc			#$00
1893   2160 20 77 21    				jsr			L24df
1894   2163 85 23       				sta			SPR2V
1895   2165 60          				rts
1896   2166             
1897   2166             L24ce:
1898   2166 C9 FC       				cmp			#$fc
1899   2168 B0 07       				bcs			L24d9
1900   216A EA          				nop
1901   216B C9 D8       				cmp			#$d8
1902   216D B0 05       				bcs			L24dc
1903   216F EA          				nop
1904   2170             
1905   2170 60          				rts
1906   2171             
1907   2171             L24d9:
1908   2171 A9 00       				lda			#$00
1909   2173 60          				rts
1910   2174             L24dc:
1911   2174 A9 D8       				lda			#$d8
1912   2176 60          				rts
1913   2177             
1914   2177             L24df:
1915   2177 C9 FC       				cmp			#$fc
1916   2179 B0 07       				bcs			L24ea
1917   217B EA          				nop
1918   217C             
1919   217C C9 DA       				cmp			#$da
1920   217E B0 02       				bcs			L24ea
1921   2180 EA          				nop
1922   2181             
1923   2181 60          				rts
1924   2182             
1925   2182             L24ea:
1926   2182 85 00       				sta			$00
1927   2184 A5 1A       				lda			SPRVAL
1928   2186 09 F0       				ora			#$f0
1929   2188 85 1A       				sta			SPRVAL
1930   218A A9 00       				lda			#$00
1931   218C 85 31       				sta			$31
1932   218E A5 00       				lda			$00
1933   2190 60          				rts
1934   2191             L24f9:
1935   2191 A5 0C       				lda			$0c
1936   2193 29 18       				and			#$18
1937   2195 49 08       				eor			#$08
1938   2197 85 0C       				sta			$0c
1939   2199 60          				rts
1940   219A             
1941   219A             
1942   219A             L2514:
1943   219A             				;; Stash SCRLOC
1944   219A A5 10       				lda			SCRLOC
1945   219C 48          				pha
1946   219D A5 11       				lda			SCRLOC+1
1947   219F 48          				pha
1948   21A0             
1949   21A0 A5 0C       				lda			$0c											; Arrow dir?
1950   21A2 29 18       				and			#$18
1951   21A4 AA          				tax
1952   21A5 C9 08       				cmp			#$08
1953   21A7 F0 09       				beq			L2529
1954   21A9 EA          				nop
1955   21AA             
1956   21AA C9 10       				cmp			#$10
1957   21AC F0 0C       				beq			L2531
1958   21AE EA          				nop
1959   21AF             
1960   21AF 20 24 20    				jsr			L2324										; Back 3 lines
1961   21B2             L2529:
1962   21B2 A9 03       				lda			#$03
1963   21B4 20 30 20    				jsr			L2330										; SCRLOC =- a 
1964   21B7 4C BD 21    				jmp			L2534
1965   21BA             
1966   21BA             L2531:
1967   21BA 20 24 20    				jsr			L2324										; Back 3 lines
1968   21BD             L2534:
1969   21BD 8A          				txa															; x<<1
1970   21BE 0A          				asl			a
1971   21BF AA          				tax															; Selects $10 byte tabkes at L2757 
1972   21C0 A9 00       				lda			#$00
1973   21C2 85 00       				sta			$00
1974   21C4             
1975   21C4             				;; Copy 15 chars to ($41-4f)
1976   21C4             L253b:
1977   21C4 BC E3 23    				ldy			L2757, x								; Offset from SCRLOC
1978   21C7 F0 14       				beq			L2554
1979   21C9 EA          				nop
1980   21CA             
1981   21CA B1 10       				lda			(SCRLOC), y
1982   21CC 86 01       				stx			$01
1983   21CE A6 00       				ldx			$00
1984   21D0 29 7F       				and			#$7f
1985   21D2 95 41       				sta			$41, x
1986   21D4 E8          				inx
1987   21D5 86 00       				stx			$00
1988   21D7 A6 01       				ldx			$01
1989   21D9 E8          				inx
1990   21DA 4C C4 21    				jmp			L253b										; Loop 
1991   21DD             
1992   21DD             
1993   21DD             L2554:
1994   21DD             				;; Restore SCRLOC
1995   21DD 68          				pla
1996   21DE 85 11       				sta			SCRLOC+1
1997   21E0 68          				pla
1998   21E1 85 10       				sta			SCRLOC
1999   21E3 60          				rts
2000   21E4             
2001   21E4             
2002   21E4             L2558:
2003   21E4 A5 41       				lda			$41
2004   21E6 C9 60       				cmp			#$60
2005   21E8 B0 02       				bcs			L2560
2006   21EA EA          				nop
2007   21EB             
2008   21EB 60          				rts
2009   21EC             
2010   21EC             L2560:
2011   21EC A5 4B       				lda			$4b
2012   21EE C9 60       				cmp			#$60
2013   21F0 B0 13       				bcs			L2579
2014   21F2 EA          				nop
2015   21F3             
2016   21F3 A5 4A       				lda			$4a
2017   21F5 C9 60       				cmp			#$60
2018   21F7 B0 02       				bcs			L256f
2019   21F9 EA          				nop
2020   21FA             
2021   21FA 60          				rts
2022   21FB             
2023   21FB             L256f:
2024   21FB C9 20       				cmp			#$20
2025   21FD 90 19       				bcc			L258c
2026   21FF EA          				nop
2027   2200             
2028   2200 A9 04       				lda			#$04										; Set D2 
2029   2202 4C 0C 22    				jmp			L2580
2030   2205             
2031   2205             L2579:
2032   2205 C9 20       				cmp			#$20
2033   2207 90 0F       				bcc			L258c
2034   2209 EA          				nop
2035   220A             
2036   220A A9 02       				lda			#$02										; Set D1 
2037   220C             L2580:
2038   220C 05 05       				ora			$05
2039   220E 85 05       				sta			$05
2040   2210 60          				rts
2041   2211             
2042   2211             L2585:
2043   2211 A5 41       				lda			$41
2044   2213 C9 20       				cmp			#$20										; Check D5 
2045   2215 F0 08       				beq			L2593
2046   2217 EA          				nop
2047   2218             L258c:
2048   2218 A5 05       				lda			$05
2049   221A 09 01       				ora			#$01										; Set D0 
2050   221C 85 05       				sta			$05
2051   221E 60          				rts
2052   221F             L2593:
2053   221F A5 05       				lda			$05
2054   2221 09 80       				ora			#$80										; Set D7 
2055   2223 85 05       				sta			$05
2056   2225 60          				rts
2057   2226             L259a:
2058   2226 A5 4A       				lda			$4a
2059   2228 C9 20       				cmp			#$20
2060   222A D0 07       				bne			L25a7
2061   222C EA          				nop
2062   222D             
2063   222D A5 05       				lda			$05
2064   222F 09 10       				ora			#$10
2065   2231 85 05       				sta			$05
2066   2233             L25a7:
2067   2233 A5 4B       				lda			$4b
2068   2235 C9 20       				cmp			#$20
2069   2237 D0 07       				bne			L25b4
2070   2239 EA          				nop
2071   223A A5 05       				lda			$05
2072   223C 09 08       				ora			#$08
2073   223E 85 05       				sta			$05
2074   2240             L25b4:
2075   2240 60          				rts
2076   2241 A5 4A       				lda			$4a
2077   2243 C9 20       				cmp			#$20
2078   2245 90 25       				bcc			L25e0
2079   2247 EA          				nop
2080   2248 A5 4B       				lda			$4b
2081   224A C9 20       				cmp			#$20
2082   224C 90 1E       				bcc			L25e0
2083   224E EA          				nop
2084   224F A5 4C       				lda			$4c
2085   2251 C9 20       				cmp			#$20
2086   2253 90 17       				bcc			L25e0
2087   2255 EA          				nop
2088   2256 A5 4D       				lda			$4d
2089   2258 C9 20       				cmp			#$20
2090   225A 90 10       				bcc			L25e0
2091   225C EA          				nop
2092   225D A5 45       				lda			$45
2093   225F C9 20       				cmp			#$20
2094   2261 90 09       				bcc			L25e0
2095   2263 EA          				nop
2096   2264 A5 49       				lda			$49
2097   2266 C9 20       				cmp			#$20
2098   2268 90 02       				bcc			L25e0
2099   226A EA          				nop
2100   226B 60          				rts
2101   226C             L25e0:
2102   226C A5 05       				lda			$05
2103   226E 09 40       				ora			#$40
2104   2270 85 05       				sta			$05
2105   2272 60          				rts
2106   2273             
2107   2273             				;; Code can't get here?
2108   2273 A5 41       				lda			$41
2109   2275 C9 20       				cmp			#$20
2110   2277 D0 02       				bne			L25ef
2111   2279 EA          				nop
2112   227A             
2113   227A 60          				rts
2114   227B             
2115   227B             L25ef:
2116   227B A5 43       				lda			$43
2117   227D C9 20       				cmp			#$20
2118   227F D0 09       				bne			L25fe
2119   2281 EA          				nop
2120   2282             
2121   2282 A5 47       				lda			$47
2122   2284 C9 20       				cmp			#$20
2123   2286 D0 02       				bne			L25fe
2124   2288 EA          				nop
2125   2289             
2126   2289 60          				rts
2127   228A             L25fe:
2128   228A A5 05       				lda			$05
2129   228C 09 20       				ora			#$20										; Set D5 
2130   228E 85 05       				sta			$05
2131   2290 60          				rts
2132   2291             
2133   2291             L2605:
2134   2291 20 F0 22    				jsr			L2664
2135   2294 A6 3D       				ldx			$3d
2136   2296 BD 23 24    				lda			L2797, x
2137   2299 85 0C       				sta			$0c
2138   229B BC 2B 24    				ldy			L279f, x
2139   229E 20 2A 23    				jsr			L269e
2140   22A1 BD 33 24    				lda			L27a7, x
2141   22A4 20 18 20    				jsr			L2318
2142   22A7 A5 3D       				lda			$3d
2143   22A9 C9 03       				cmp			#$03
2144   22AB F0 02       				beq			L2623
2145   22AD EA          				nop
2146   22AE             
2147   22AE 60          				rts
2148   22AF             
2149   22AF             L2623:
2150   22AF 20 2E 20    				jsr			L232e										; Could be jmp 
2151   22B2 60          				rts
2152   22B3             
2153   22B3             
2154   22B3             L2627:
2155   22B3 20 F0 22    				jsr			L2664
2156   22B6 A6 3D       				ldx			$3d
2157   22B8 BD 27 24    				lda			L279b, x
2158   22BB 85 0C       				sta			$0c
2159   22BD BC 2F 24    				ldy			L27a3, x
2160   22C0 20 2A 23    				jsr			L269e
2161   22C3 A5 3D       				lda			$3d
2162   22C5 C9 03       				cmp			#$03
2163   22C7 F0 17       				beq			L2654
2164   22C9 EA          				nop
2165   22CA C9 01       				cmp			#$01
2166   22CC F0 09       				beq			L264b
2167   22CE EA          				nop
2168   22CF             
2169   22CF C9 02       				cmp			#$02
2170   22D1 F0 08       				beq			L264f
2171   22D3 EA          				nop
2172   22D4             
2173   22D4 C6 10       				dec			SCRLOC									; Back 1 char 
2174   22D6 60          				rts
2175   22D7             
2176   22D7             L264b:
2177   22D7 20 16 20    				jsr			L2316										; Add 1 line
2178   22DA 60          				rts
2179   22DB             
2180   22DB             L264f:
2181   22DB E6 10       				inc			SCRLOC									; Add 1 char 
2182   22DD 20 2E 20    				jsr			L232e
2183   22E0             L2654:
2184   22E0 60          				rts
2185   22E1             
2186   22E1             
2187   22E1             				;; Get new PRNG every 4th call
2188   22E1             L2655:
2189   22E1 C6 0B       				dec			$0b
2190   22E3 30 03       				bmi			L265c
2191   22E5 EA          				nop
2192   22E6             
2193   22E6 18          				clc															; Clr = no new PRNG 
2194   22E7 60          				rts
2195   22E8             
2196   22E8             L265c:
2197   22E8 20 F0 22    				jsr			L2664
2198   22EB 20 86 20    				jsr			L23a4										; Kick PRNG
2199   22EE 38          				sec															; Set = new PRNG 
2200   22EF 60          				rts
2201   22F0             
2202   22F0             L2664:
2203   22F0 A9 04       				lda			#$04
2204   22F2 85 0B       				sta			$0b
2205   22F4 60          				rts
2206   22F5             
2207   22F5             
2208   22F5             L2669:
2209   22F5 A5 0C       				lda			$0c
2210   22F7 29 18       				and			#$18										; Mask D4,3 
2211   22F9 85 0C       				sta			$0c
2212   22FB F0 1C       				beq			L268d
2213   22FD EA          				nop
2214   22FE             
2215   22FE C9 08       				cmp			#$08										; Check D3 
2216   2300 F0 0E       				beq			L2684
2217   2302 EA          				nop
2218   2303             
2219   2303 C9 10       				cmp			#$10										; Check D4 
2220   2305 F0 1B       				beq			L2696
2221   2307 EA          				nop
2222   2308             
2223   2308 A0 01       				ldy			#$01										; == $18 
2224   230A 20 2A 23    				jsr			L269e
2225   230D C6 10       				dec			SCRLOC
2226   230F 60          				rts
2227   2310             
2228   2310             
2229   2310             				;; == $08
2230   2310             L2684:
2231   2310 A0 00       				ldy			#$00
2232   2312 20 2A 23    				jsr			L269e
2233   2315 20 16 20    				jsr			L2316										; Add 1 line
2234   2318 60          				rts
2235   2319             
2236   2319             
2237   2319             				;; == $00
2238   2319             L268d:
2239   2319 A0 20       				ldy			#$20
2240   231B 20 2A 23    				jsr			L269e
2241   231E 20 2E 20    				jsr			L232e
2242   2321 60          				rts
2243   2322             
2244   2322             
2245   2322             				;; == $10
2246   2322             L2696:
2247   2322 A0 00       				ldy			#$00
2248   2324 20 2A 23    				jsr			L269e
2249   2327 E6 10       				inc			SCRLOC
2250   2329 60          				rts
2251   232A             
2252   232A             
2253   232A             				;; == $18
2254   232A             L269e:
2255   232A A9 20       				lda			#$20
2256   232C 91 10       				sta			(SCRLOC), y
2257   232E 60          				rts
2258   232F             
2259   232F             
2260   232F             L26a3:
2261   232F A5 0C       				lda			$0c
2262   2331 29 1F       				and			#$1f
2263   2333 A0 00       				ldy			#$00
2264   2335 91 10       				sta			(SCRLOC), y
2265   2337 E6 0C       				inc			$0c
2266   2339 A5 0C       				lda			$0c
2267   233B 29 1F       				and			#$1f
2268   233D A4 04       				ldy			$04
2269   233F             L26b3:
2270   233F 91 10       				sta			(SCRLOC), y
2271   2341 A5 0C       				lda			$0c
2272   2343 29 07       				and			#$07
2273   2345 C9 07       				cmp			#$07
2274   2347 F0 04       				beq			L26c1
2275   2349 EA          				nop
2276   234A E6 0C       				inc			$0c
2277   234C 60          				rts
2278   234D             L26c1:
2279   234D A5 0C       				lda			$0c
2280   234F 09 40       				ora			#$40
2281   2351 85 0C       				sta			$0c
2282   2353 60          				rts
2283   2354             
2284   2354             L26c8:
2285   2354 20 8C 23    				jsr			L2700
2286   2357 20 59 20    				jsr			L2359										; (SCRLOC) = $4000
2287   235A A9 80       				lda			#$80
2288   235C 85 10       				sta			SCRLOC
2289   235E A2 09       				ldx			#$09
2290   2360             L26d4:
2291   2360 A9 BA       				lda			#$ba
2292   2362 20 74 23    				jsr			L26e8
2293   2365 20 16 20    				jsr			L2316										; Add 1 line
2294   2368 A9 BC       				lda			#$bc
2295   236A 20 74 23    				jsr			L26e8
2296   236D 20 11 20    				jsr			L2311										; Add 2lines
2297   2370 CA          				dex
2298   2371 D0 ED       				bne			L26d4
2299   2373 60          				rts
2300   2374             
2301   2374             L26e8:
2302   2374 A0 03       				ldy			#$03
2303   2376 85 03       				sta			$03
2304   2378 85 04       				sta			$04
2305   237A E6 04       				inc			$04
2306   237C             L26f0:
2307   237C A5 03       				lda			$03
2308   237E 91 10       				sta			(SCRLOC), y
2309   2380 C8          				iny
2310   2381 A5 04       				lda			$04
2311   2383 91 10       				sta			(SCRLOC), y
2312   2385 C8          				iny
2313   2386 C8          				iny
2314   2387 C0 1D       				cpy			#$1d
2315   2389 90 F1       				bcc			L26f0
2316   238B 60          				rts
2317   238C             L2700:
2318   238C 20 59 20    				jsr			L2359										; ($10-11) = $4000
2319   238F A9 42       				lda			#$42
2320   2391 85 10       				sta			SCRLOC
2321   2393 A9 60       				lda			#$60
2322   2395 20 C9 23    				jsr			L273d
2323   2398 20 68 20    				jsr			L2368										; ($10-11) = $4300
2324   239B A9 E2       				lda			#$e2
2325   239D 85 10       				sta			SCRLOC
2326   239F A9 61       				lda			#$61
2327   23A1 20 C9 23    				jsr			L273d
2328   23A4 20 59 20    				jsr			L2359										; ($10-11) = $4000
2329   23A7 A9 60       				lda			#$60
2330   23A9 85 10       				sta			SCRLOC
2331   23AB A9 63       				lda			#$63
2332   23AD 20 CF 23    				jsr			L2743
2333   23B0 20 59 20    				jsr			L2359										; ($10-11) = $4000
2334   23B3 A9 61       				lda			#$61
2335   23B5 85 10       				sta			SCRLOC
2336   23B7 A9 62       				lda			#$62
2337   23B9 20 D4 23    				jsr			L2748
2338   23BC 20 59 20    				jsr			L2359										; ($10-11) = $4000
2339   23BF A9 61       				lda			#$61
2340   23C1 85 10       				sta			SCRLOC
2341   23C3 A9 62       				lda			#$62
2342   23C5 20 CF 23    				jsr			L2743
2343   23C8 60          				rts
2344   23C9             
2345   23C9             L273d:
2346   23C9 A0 1C       				ldy			#$1c
2347   23CB 20 53 20    				jsr			L2353
2348   23CE 60          				rts
2349   23CF             
2350   23CF             L2743:
2351   23CF A0 1E       				ldy			#$1e
2352   23D1 4C D6 23    				jmp			L274a
2353   23D4             
2354   23D4             L2748:
2355   23D4 A0 00       				ldy			#$00
2356   23D6             L274a:
2357   23D6 A2 1C       				ldx			#$1c
2358   23D8             L274c:
2359   23D8 91 10       				sta			(SCRLOC), y
2360   23DA 48          				pha
2361   23DB 20 16 20    				jsr			L2316										; ($10-11) += $20 (1 line)
2362   23DE 68          				pla
2363   23DF CA          				dex
2364   23E0 D0 F6       				bne			L274c
2365   23E2 60          				rts
2366   23E3             
2367   23E3             
2368   23E3             				;; Tables ($00 terminated)
2369   23E3             L2757:
2370   23E3 43 42 23 44 				.db			$43, $42, $23, $44,	$41, $22, $03, $24	;
2370   23E7 41 22 03 24 
2371   23EB 45 62 64 61 				.db			$45, $62, $64, $61, $65, $60, $66, $00	;
2371   23EF 65 60 66 00 
2372   23F3             
2373   23F3 43 44 63 42 				.db			$43, $44, $63, $42, $45, $64, $83, $62	;
2373   23F7 45 64 83 62 
2374   23FB 41 24 22 25 				.db			$41, $24, $22, $25, $21, $26, $20, $00	;
2374   23FF 21 26 20 00 
2375   2403             
2376   2403 62 42 63 82 				.db			$62, $42, $63, $82, $22, $43, $64, $83	;
2376   2407 22 43 64 83 
2377   240B A2 41 81 21 				.db			$A2, $41, $81, $21, $A1, $01, $61, $00	;
2377   240F A1 01 61 00 
2378   2413             
2379   2413 62 82 61 42 				.db			$62, $82, $61, $42, $A2, $81, $60, $41	;
2379   2417 A2 81 60 41 
2380   241B 22 83 43 A3 				.db			$22, $83, $43, $A3, $23, $C3, $03, $00	;
2380   241F 23 C3 03 00 
2381   2423             
2382   2423             L2797:
2383   2423 10 18 08 00 				.db			$10, $18, $08, $00			;
2384   2427             L279b:
2385   2427 18 10 00 08 				.db			$18, $10, $00, $08			;
2386   242B             L279f:
2387   242B 20 00 00 01 				.db			$20, $00, $00, $01			;
2388   242F             L27a3:
2389   242F 20 00 00 01 				.db			$20, $00, $00, $01			;
2390   2433             L27a7:
2391   2433 00 1F 01 00 				.db			$00, $1F, $01, $00			;
2392   2437             L27ab:
2393   2437 04 20       				.db			$04, $20												; SPR1H!=0, SPR1V==0 
2394   2439             L27ad:
2395   2439 40 04       				.db			$40, $04												; SPR1H!=0, SPR1V!=0 
2396   243B             L27af:
2397   243B 08 40       				.db			$08, $40												; SPR1H==0, SPR1V!=0 
2398   243D             L27b1:
2399   243D 20 08       				.db			$20, $08												; SPR1H==0, SPR1V==0
2400   243F             L27b3:
2401   243F 00 02 01 80 				.db			$00, $02, $01, $80			;
2402   2443             L27b7:
2403   2443 02 00 80 01 				.db			$02, $00, $80, $01			;
2404   2447             L27bb:
2405   2447 01 80 02 00 				.db			$01, $80, $02, $00			;
2406   244B             L27bf:
2407   244B 80 01 00 02 				.db			$80, $01, $00, $02			;
2408   244F             				
2409   244F             L27c3:
2410   244F 02 03 04 05 				.db			$02, $03, $04, $05							; Lives table				
2411   2453             
2412   2453             
2413   2453             L2800:
2414   2453 A5 3E       				lda			$3e
2415   2455 10 07       				bpl			L280b
2416   2457 EA          				nop
2417   2458             
2418   2458 20 46 26    				jsr			L29f3
2419   245B 4C 73 24    				jmp			L2820
2420   245E             
2421   245E             L280b:
2422   245E A5 B1       				lda			ARROWS
2423   2460 C9 03       				cmp			#$03
2424   2462 90 0F       				bcc			L2820
2425   2464 EA          				nop
2426   2465             
2427   2465 C6 0E       				dec			$0e
2428   2467 F0 06       				beq			L281c
2429   2469 EA          				nop
2430   246A             
2431   246A A9 FF       				lda			#$ff
2432   246C 85 B2       				sta			$b2
2433   246E 60          				rts
2434   246F             
2435   246F             L281c:
2436   246F A5 B1       				lda			ARROWS
2437   2471 85 0E       				sta			$0e
2438   2473             L2820:
2439   2473 A6 3D       				ldx			$3d
2440   2475 A5 2D       				lda			$2d
2441   2477 10 03       				bpl			L2829
2442   2479 EA          				nop
2443   247A 49 FF       				eor			#$ff
2444   247C             L2829:
2445   247C 85 00       				sta			$00
2446   247E A5 2C       				lda			$2c
2447   2480 10 03       				bpl			L2832
2448   2482 EA          				nop
2449   2483             L2830:
2450   2483 49 FF       				eor			#$ff
2451   2485             L2832:
2452   2485 C5 00       				cmp			$00
2453   2487 B0 12       				bcs			L2848
2454   2489 EA          				nop
2455   248A A5 2D       				lda			$2d
2456   248C 10 07       				bpl			L2842
2457   248E EA          				nop
2458   248F BD 47 24    				lda			L27bb, x
2459   2492 4C A9 24    				jmp			L2856
2460   2495             L2842:
2461   2495 BD 4B 24    				lda			L27bf, x
2462   2498 4C A9 24    				jmp			L2856
2463   249B             L2848:
2464   249B A5 2C       				lda			$2c
2465   249D 10 07       				bpl			L2853
2466   249F EA          				nop
2467   24A0 BD 3F 24    				lda			L27b3, x
2468   24A3 4C A9 24    				jmp			L2856
2469   24A6             L2853:
2470   24A6 BD 43 24    				lda			L27b7, x
2471   24A9             L2856:
2472   24A9 F0 04       				beq			L285c
2473   24AB EA          				nop
2474   24AC 85 B2       				sta			$b2
2475   24AE 60          				rts
2476   24AF             L285c:
2477   24AF A5 3E       				lda			$3e
2478   24B1 10 2B       				bpl			L288b
2479   24B3 EA          				nop
2480   24B4 A5 1A       				lda			SPRVAL
2481   24B6 29 03       				and			#$03
2482   24B8 18          				clc
2483   24B9 65 3D       				adc			$3d
2484   24BB C9 01       				cmp			#$01
2485   24BD F0 09       				beq			L2875
2486   24BF EA          				nop
2487   24C0 C9 05       				cmp			#$05
2488   24C2 F0 0E       				beq			L287f
2489   24C4 EA          				nop
2490   24C5 4C DE 24    				jmp			L288b
2491   24C8             L2875:
2492   24C8 A5 30       				lda			$30
2493   24CA 29 10       				and			#$10										; Check D4 
2494   24CC D0 0B       				bne			L2886
2495   24CE EA          				nop
2496   24CF             
2497   24CF 4C DE 24    				jmp			L288b
2498   24D2             
2499   24D2             L287f:
2500   24D2 A5 30       				lda			$30
2501   24D4 29 08       				and			#$08										; Check D3 
2502   24D6 F0 06       				beq			L288b
2503   24D8 EA          				nop
2504   24D9             
2505   24D9             L2886:
2506   24D9 A9 03       				lda			#$03
2507   24DB 85 B2       				sta			$b2
2508   24DD 60          				rts
2509   24DE             L288b:
2510   24DE A9 00       				lda			#$00
2511   24E0 85 B2       				sta			$b2
2512   24E2 60          				rts
2513   24E3             
2514   24E3             				;; Can't get here
2515   24E3             L2890:
2516   24E3 A9 80       				lda			#$80
2517   24E5 85 B2       				sta			$b2
2518   24E7 60          				rts
2519   24E8             
2520   24E8             				;; Can't get here
2521   24E8             L2895:
2522   24E8 A9 01       				lda			#$01
2523   24EA 85 B2       				sta			$b2
2524   24EC 60          				rts
2525   24ED             
2526   24ED             L289a:
2527   24ED 20 9A 21    				jsr			L2514
2528   24F0 20 ED 25    				jsr			L299a
2529   24F3 A5 0C       				lda			$0c
2530   24F5 29 18       				and			#$18
2531   24F7 4A          				lsr			a
2532   24F8 4A          				lsr			a
2533   24F9 4A          				lsr			a
2534   24FA 85 3D       				sta			$3d
2535   24FC A9 00       				lda			#$00
2536   24FE 85 05       				sta			$05
2537   2500 20 53 24    				jsr			L2800
2538   2503 20 11 22    				jsr			L2585
2539   2506 A5 05       				lda			$05
2540   2508 29 01       				and			#$01
2541   250A F0 0B       				beq			L28c4
2542   250C EA          				nop
2543   250D             
2544   250D A5 41       				lda			$41
2545   250F C9 3A       				cmp			#$3a
2546   2511 B0 19       				bcs			L28d9
2547   2513 EA          				nop
2548   2514             
2549   2514 4C 91 21    				jmp			L24f9
2550   2517             
2551   2517             L28c4:
2552   2517 20 E4 21    				jsr			L2558
2553   251A A5 05       				lda			$05
2554   251C 29 06       				and			#$06
2555   251E F0 0C       				beq			L28d9
2556   2520 EA          				nop
2557   2521             
2558   2521 C9 02       				cmp			#$02
2559   2523 F0 04       				beq			L28d6
2560   2525 EA          				nop
2561   2526             
2562   2526 4C 91 22    				jmp			L2605
2563   2529             
2564   2529             L28d6:
2565   2529 4C B3 22    				jmp			L2627
2566   252C             
2567   252C             L28d9:
2568   252C 20 26 22    				jsr			L259a
2569   252F A5 05       				lda			$05
2570   2531 30 1F       				bmi			L28ff
2571   2533 EA          				nop
2572   2534 29 18       				and			#$18
2573   2536 F0 17       				beq			L28fc
2574   2538 EA          				nop
2575   2539 C9 08       				cmp			#$08
2576   253B F0 0F       				beq			L28f9
2577   253D EA          				nop
2578   253E C9 10       				cmp			#$10
2579   2540 F0 07       				beq			L28f6
2580   2542 EA          				nop
2581   2543 20 86 20    				jsr			L23a4								; Kick PRNG
2582   2546 30 04       				bmi			L28f9
2583   2548 EA          				nop
2584   2549             L28f6:
2585   2549 4C B3 22    				jmp			L2627
2586   254C             L28f9:
2587   254C 4C 91 22    				jmp			L2605
2588   254F             L28fc:
2589   254F 4C 91 21    				jmp			L24f9
2590   2552             L28ff:
2591   2552 A5 05       				lda			$05
2592   2554 29 18       				and			#$18
2593   2556 F0 22       				beq			L2927
2594   2558 EA          				nop
2595   2559 C9 18       				cmp			#$18
2596   255B F0 26       				beq			L2930
2597   255D EA          				nop
2598   255E A5 3E       				lda			$3e
2599   2560 30 40       				bmi			L294f
2600   2562 EA          				nop
2601   2563 20 E1 22    				jsr			L2655
2602   2566 90 12       				bcc			L2927
2603   2568 EA          				nop
2604   2569 30 0F       				bmi			L2927
2605   256B EA          				nop
2606   256C             L2919:
2607   256C A5 05       				lda			$05
2608   256E 29 18       				and			#$18
2609   2570 C9 08       				cmp			#$08
2610   2572 F0 0C       				beq			L292d
2611   2574 EA          				nop
2612   2575 C9 10       				cmp			#$10
2613   2577 F0 04       				beq			L292a
2614   2579 EA          				nop
2615   257A             L2927:
2616   257A 4C C7 25    				jmp			L2974
2617   257D             L292a:
2618   257D 4C B3 22    				jmp			L2627
2619   2580             L292d:
2620   2580 4C 91 22    				jmp			L2605
2621   2583             L2930:
2622   2583 A5 B2       				lda			$b2
2623   2585 F0 F3       				beq			L2927
2624   2587 C9 03       				cmp			#$03
2625   2589 F0 0D       				beq			L2945
2626   258B EA          				nop
2627   258C C9 01       				cmp			#$01
2628   258E F0 ED       				beq			L292a
2629   2590 C9 80       				cmp			#$80
2630   2592 F0 EC       				beq			L292d
2631   2594 C9 02       				cmp			#$02
2632   2596 F0 B7       				beq			L28fc
2633   2598             L2945:
2634   2598 20 E1 22    				jsr			L2655
2635   259B 90 DD       				bcc			L2927
2636   259D 30 DE       				bmi			L292a
2637   259F 4C 80 25    				jmp			L292d
2638   25A2             L294f:
2639   25A2 A5 B2       				lda			$b2
2640   25A4 F0 D4       				beq			L2927
2641   25A6 30 0D       				bmi			L2962
2642   25A8 EA          				nop
2643   25A9 C9 01       				cmp			#$01
2644   25AB F0 11       				beq			L296b
2645   25AD EA          				nop
2646   25AE C9 02       				cmp			#$02
2647   25B0 F0 9D       				beq			L28fc
2648   25B2 4C 6C 25    				jmp			L2919
2649   25B5             L2962:
2650   25B5 A5 05       				lda			$05
2651   25B7 29 10       				and			#$10
2652   25B9 D0 C5       				bne			L292d
2653   25BB 4C 7A 25    				jmp			L2927
2654   25BE             L296b:
2655   25BE A5 05       				lda			$05
2656   25C0 29 08       				and			#$08
2657   25C2 D0 B9       				bne			L292a
2658   25C4 4C 7A 25    				jmp			L2927
2659   25C7             L2974:
2660   25C7 20 F5 22    				jsr			L2669
2661   25CA 60          				rts
2662   25CB             L2978:
2663   25CB A0 00       				ldy			#$00
2664   25CD B1 10       				lda			(SCRLOC), y
2665   25CF C9 21       				cmp			#$21
2666   25D1 F0 18       				beq			L2998
2667   25D3 EA          				nop
2668   25D4 A5 0C       				lda			$0c
2669   25D6 29 10       				and			#$10
2670   25D8 D0 06       				bne			L298d
2671   25DA EA          				nop
2672   25DB A0 20       				ldy			#$20
2673   25DD 4C E2 25    				jmp			L298f
2674   25E0             L298d:
2675   25E0 A0 01       				ldy			#$01
2676   25E2             L298f:
2677   25E2 B1 10       				lda			(SCRLOC), y
2678   25E4 C9 21       				cmp			#$21
2679   25E6 F0 03       				beq			L2998
2680   25E8 EA          				nop
2681   25E9 18          				clc
2682   25EA 60          				rts
2683   25EB             L2998:
2684   25EB 38          				sec
2685   25EC 60          				rts
2686   25ED             L299a:
2687   25ED 20 37 1F    				jsr			L222c
2688   25F0 A5 2D       				lda			$2d
2689   25F2 10 03       				bpl			L29a4
2690   25F4 EA          				nop
2691   25F5 49 FF       				eor			#$ff
2692   25F7             L29a4:
2693   25F7 C9 07       				cmp			#$07
2694   25F9 B0 2F       				bcs			L29d7
2695   25FB EA          				nop
2696   25FC C9 02       				cmp			#$02
2697   25FE B0 07       				bcs			L29b4
2698   2600 EA          				nop
2699   2601 A5 30       				lda			$30
2700   2603 09 10       				ora			#$10										; Set D4 
2701   2605 85 30       				sta			$30
2702   2607             L29b4:
2703   2607 A5 2C       				lda			$2c
2704   2609 10 03       				bpl			L29bb
2705   260B EA          				nop
2706   260C 49 FF       				eor			#$ff
2707   260E             L29bb:
2708   260E C9 07       				cmp			#$07
2709   2610 B0 18       				bcs			L29d7
2710   2612 EA          				nop
2711   2613 C9 02       				cmp			#$02
2712   2615 B0 07       				bcs			L29cb
2713   2617 EA          				nop
2714   2618 A5 30       				lda			$30
2715   261A 09 08       				ora			#$08										; Set D3 
2716   261C 85 30       				sta			$30
2717   261E             L29cb:
2718   261E A5 3E       				lda			$3e
2719   2620 09 80       				ora			#$80
2720   2622 85 3E       				sta			$3e
2721   2624 A9 01       				lda			#$01
2722   2626 85 0F       				sta			$0f
2723   2628 18          				clc
2724   2629 60          				rts
2725   262A             L29d7:
2726   262A A5 B1       				lda			ARROWS
2727   262C C9 04       				cmp			#$04
2728   262E B0 08       				bcs			L29e5
2729   2630 EA          				nop
2730   2631 A5 3E       				lda			$3e
2731   2633 09 80       				ora			#$80
2732   2635 85 3E       				sta			$3e
2733   2637 60          				rts
2734   2638             L29e5:
2735   2638 A5 30       				lda			$30
2736   263A 29 E7       				and			#$e7										; Clear D4,3 
2737   263C 85 30       				sta			$30
2738   263E A5 3E       				lda			$3e
2739   2640 29 7F       				and			#$7f
2740   2642 85 3E       				sta			$3e
2741   2644 38          				sec
2742   2645 60          				rts
2743   2646             L29f3:
2744   2646 A5 1A       				lda			SPRVAL
2745   2648 29 03       				and			#$03
2746   264A F0 10       				beq			L2a09
2747   264C EA          				nop
2748   264D C9 01       				cmp			#$01
2749   264F F0 1B       				beq			L2a19
2750   2651 EA          				nop
2751   2652 C9 02       				cmp			#$02
2752   2654 F0 26       				beq			L2a29
2753   2656 EA          				nop
2754   2657 E6 2A       				inc			$2a
2755   2659 4C 7E 26    				jmp			L2a2b
2756   265C             L2a09:
2757   265C A9 20       				lda			#$20
2758   265E 18          				clc
2759   265F 65 2A       				adc			$2a
2760   2661 85 2A       				sta			$2a
2761   2663 A5 2B       				lda			$2b
2762   2665 69 00       				adc			#$00
2763   2667 85 2B       				sta			$2b
2764   2669 4C 7E 26    				jmp			L2a2b
2765   266C             L2a19:
2766   266C A5 2A       				lda			$2a
2767   266E 38          				sec
2768   266F E9 20       				sbc			#$20
2769   2671 85 2A       				sta			$2a
2770   2673 A5 2B       				lda			$2b
2771   2675 E9 00       				sbc			#$00
2772   2677 85 2B       				sta			$2b
2773   2679 4C 7E 26    				jmp			L2a2b
2774   267C             L2a29:
2775   267C C6 2A       				dec			$2a
2776   267E             L2a2b:
2777   267E 20 3A 1F    				jsr			L222f
2778   2681 60          				rts
2779   2682             
2780   2682             				;; Split nybbles
2781   2682             L2a2f:
2782   2682 A8          				tay															; Stash a
2783   2683 4A          				lsr			a												; a>>1
2784   2684 4A          				lsr			a												; a>>2
2785   2685 4A          				lsr			a												; a>>3
2786   2686 4A          				lsr			a												; a>>4
2787   2687 48          				pha															; Hi nybble
2788   2688 98          				tya
2789   2689 29 0F       				and			#$0f										; Low nybble
2790   268B A8          				tay															; Stash in y
2791   268C 68          				pla															; Hi nybble
2792   268D 60          				rts
2793   268E             
2794   268E             				;; Draw player scores
2795   268E             L2a3b:
2796   268E A0 00       				ldy			#$00										; P1
2797   2690 A2 01       				ldx			#$01										; P1 offset
2798   2692 20 99 26    				jsr			L2a46
2799   2695             				
2800   2695 A0 01       				ldy			#$01										; P2
2801   2697 A2 1A       				ldx			#$1a										; P2 offset
2802   2699             L2a46:
2803   2699 B9 D0 00    				lda			$00d0, y								; Score lo
2804   269C 85 03       				sta			$03
2805   269E B9 D2 00    				lda			$00d2, y								; Score hi
2806   26A1 20 B3 26    				jsr			L2a60										; Draw 2 byte score from a, $03
2807   26A4 60          				rts
2808   26A5             
2809   26A5             				;; Add a to current player score & redraw
2810   26A5             				;; (X = offset)
2811   26A5             L2a52:
2812   26A5 F8          				sed
2813   26A6 18          				clc
2814   26A7 65 BD       				adc			SCOREP
2815   26A9 85 BD       				sta			SCOREP
2816   26AB 85 03       				sta			$03
2817   26AD A5 BE       				lda			SCOREP+1
2818   26AF 69 00       				adc			#$00
2819   26B1 85 BE       				sta			SCOREP+1
2820   26B3             
2821   26B3             				;; Draw 2 byte score from a, $03 + 0
2822   26B3             L2a60:
2823   26B3 20 BD 26    				jsr			L2a6a
2824   26B6 A9 30       				lda			#$30
2825   26B8 9D 20 40    				sta			$4020, x								; Append 0
2826   26BB D8          				cld
2827   26BC 60          				rts
2828   26BD             
2829   26BD             				;; Draw 2-byte score from a, $03
2830   26BD             L2a6a:
2831   26BD 20 C2 26    				jsr			DRAWBCD									; Do hi byte
2832   26C0 A5 03       				lda			$03											; Get lo byte
2833   26C2             
2834   26C2             				;; DrawBCD at $4020+x
2835   26C2             DRAWBCD:
2836   26C2             L2a6f:
2837   26C2 20 82 26    				jsr			L2a2f										; Split nybbles
2838   26C5 20 C9 26    				jsr			L2a76										; Do hi nubble
2839   26C8 98          				tya															; Get lo nybble
2840   26C9             L2a76:
2841   26C9 09 30       				ora			#$30										; BCD to char
2842   26CB 9D 20 40    				sta			$4020, x								; Store to screen
2843   26CE E8          				inx
2844   26CF 60          				rts
2845   26D0             
2846   26D0             L2a7d:
2847   26D0 A5 BF       				lda			PNUM
2848   26D2 C9 01       				cmp			#$01
2849   26D4 F0 06       				beq			L2a89
2850   26D6 EA          				nop
2851   26D7             
2852   26D7 A2 09       				ldx			#$09
2853   26D9 4C DE 26    				jmp			L2a8b
2854   26DC             
2855   26DC             L2a89:
2856   26DC A2 00       				ldx			#$00
2857   26DE             L2a8b:
2858   26DE A9 64       				lda			#$64
2859   26E0 A4 C1       				ldy			LIVES
2860   26E2             L2a8f:
2861   26E2 9D 2A 40    				sta			$402a, x
2862   26E5 E8          				inx
2863   26E6 88          				dey
2864   26E7 D0 F9       				bne			L2a8f
2865   26E9 60          				rts
2866   26EA             L2a97:
2867   26EA A5 3E       				lda			$3e
2868   26EC 29 02       				and			#$02
2869   26EE D0 1D       				bne			L2aba
2870   26F0 EA          				nop
2871   26F1             
2872   26F1 E6 06       				inc			DELL
2873   26F3 30 02       				bmi			L2aa4
2874   26F5 EA          				nop
2875   26F6             
2876   26F6 60          				rts
2877   26F7             
2878   26F7             L2aa4:
2879   26F7 20 86 20    				jsr			L23a4										; Kick PRNG
2880   26FA 29 47       				and			#$47
2881   26FC C9 40       				cmp			#$40
2882   26FE F0 06       				beq			L2ab3
2883   2700 EA          				nop
2884   2701             
2885   2701 A9 00       				lda			#$00
2886   2703 85 06       				sta			DELL
2887   2705 60          				rts
2888   2706             
2889   2706             L2ab3:
2890   2706 A5 3E       				lda			$3e
2891   2708 09 02       				ora			#$02										; Set D1 
2892   270A 85 3E       				sta			$3e
2893   270C 60          				rts
2894   270D             
2895   270D             L2aba:
2896   270D 20 9C 29    				jsr			L2e76
2897   2710 60          				rts
2898   2711             
2899   2711             
2900   2711             				;; Draw DEPOSIT COIN / OR PRESS START
2901   2711             L2b4f:
2902   2711 2C 00 51    				bit			DSW
2903   2714 30 07       				bmi			ICNOFP
2904   2716             
2905   2716 A9 37       				lda			#$37
2906   2718 20 E8 1F    				jsr			DRAWSTRA
2907   271B F0 0F       				beq			DICPRESS								; (Always) 
2908   271D             
2909   271D             ICNOFP:
2910   271D A9 11       				lda			#$11										; DEPOSIT COIN
2911   271F 20 E8 1F    				jsr			DRAWSTRA								; Draw string (and return)
2912   2722             				
2913   2722 A5 A1       				lda			CREDIT									; Credits
2914   2724 D0 01       				bne			L2b58
2915   2726             
2916   2726 60          				rts
2917   2727             
2918   2727             L2b58:
2919   2727 A9 12       				lda			#$12										; OR PRESS START
2920   2729 20 E8 1F    				jsr			DRAWSTRA								; Draw string
2921   272C             
2922   272C             DICPRESS:
2923   272C A5 07       				lda			DELH
2924   272E 29 01       				and			#$01										; Mask LSB
2925   2730 18          				clc
2926   2731 69 18       				adc			#$18										; blank or PRESS START 
2927   2733 4C E8 1F    				jmp			DRAWSTRA								; Draw string (and return)
2928   2736             
2929   2736             
2930   2736             				;; Draw CREDITS_##
2931   2736             L2bea:
2932   2736 2C 00 51    				bit			DSW
2933   2739 30 05       				bmi			DCNOFP
2934   273B             
2935   273B A9 16       				lda			#$16										; FREE PLAY 
2936   273D 4C E8 1F    				jmp			DRAWSTRA								; Draw string (and return)
2937   2740             				 
2938   2740             DCNOFP:
2939   2740 A9 14       				lda			#$14										; CREDITS
2940   2742 20 E8 1F    				jsr			DRAWSTRA
2941   2745             
2942   2745 A5 A1       				lda			CREDIT
2943   2747 20 82 26    				jsr			L2a2f										; Split nybbles
2944   274A 09 30       				ora			#$30										; BCD to Char
2945   274C 8D 13 40    				sta			$4013
2946   274F 98          				tya
2947   2750 09 30       				ora			#$30										; BCD to Char
2948   2752 8D 14 40    				sta			$4014
2949   2755 60          				rts
2950   2756             
2951   2756             
2952   2756             				;; Initial arrow config
2953   2756             L2c2b:
2954   2756 A9 71       				lda			#$71										; Middle right arrow pos 
2955   2758 85 10       				sta			SCRLOC
2956   275A A9 6E       				lda			#$6e										; Middle left arrow pos 
2957   275C 85 11       				sta			SCRLOC+1
2958   275E A4 B1       				ldy			ARROWS
2959   2760 A2 00       				ldx			#$00
2960   2762             
2961   2762             L2c37:
2962   2762 20 86 20    				jsr			L23a4										; Kick PRNG
2963   2765 29 0F       				and			#$0f										; Mask low nybble 
2964   2767 95 50       				sta			$50, x									; ($50) 
2965   2769 E8          				inx															; x=1 mod 7
2966   276A A9 08       				lda			#$08										; (Down) 
2967   276C 95 50       				sta			$50, x									; ($51) 
2968   276E E8          				inx															; x=2 mod 7
2969   276F 98          				tya															; a=ARROWS 
2970   2770 F0 0A       				beq			L2c51										; No arrows 
2971   2772 EA          				nop
2972   2773             
2973   2773 30 07       				bmi			L2c51										; Negative arrows ?!
2974   2775 EA          				nop
2975   2776             
2976   2776 A9 00       				lda			#$00										; Not last arrow 
2977   2778 88          				dey
2978   2779 4C 7E 27    				jmp			L2c53
2979   277C             
2980   277C             L2c51:
2981   277C A9 A0       				lda			#$a0										; Last arrow 
2982   277E             L2c53:
2983   277E 95 50       				sta			$50, x									; ($52) 
2984   2780 E8          				inx															; x=3 mod 7
2985   2781 A5 B1       				lda			ARROWS
2986   2783 95 50       				sta			$50, x									; ($53) 
2987   2785 E8          				inx															; x=4 mod 7
2988   2786 A9 1F       				lda			#$1f
2989   2788 95 50       				sta			$50, x									; ($54) 
2990   278A E8          				inx															; x=5 mod 7
2991   278B 8A          				txa
2992   278C 29 01       				and			#$01										; Odd or even 
2993   278E F0 0C       				beq			L2c71
2994   2790 EA          				nop
2995   2791             
2996   2791             				;; Get right arrow loc and +=3
2997   2791 A5 10       				lda			SCRLOC 
2998   2793 E6 10       				inc			SCRLOC
2999   2795 E6 10       				inc			SCRLOC
3000   2797 E6 10       				inc			SCRLOC
3001   2799 4C A4 27    				jmp			L2c79
3002   279C             
3003   279C             L2c71:
3004   279C             				;; Get left arrow loc and --3
3005   279C A5 11       				lda		SCRLOC+1
3006   279E C6 11       				dec		SCRLOC+1
3007   27A0 C6 11       				dec		SCRLOC+1
3008   27A2 C6 11       				dec		SCRLOC+1
3009   27A4             
3010   27A4             L2c79:
3011   27A4 95 50       				sta			$50, x									; ($55)
3012   27A6 E8          				inx															; x=6 mod 7
3013   27A7 A9 40       				lda			#$40
3014   27A9 95 50       				sta			$50, x									; ($56)
3015   27AB E8          				inx															; x= 0 mod 7 
3016   27AC E0 45       				cpx			#$45										; $07 * $0a - 1
3017   27AE 90 B2       				bcc			L2c37										; More arrows!
3018   27B0             
3019   27B0 A5 B1       				lda			ARROWS
3020   27B2 C9 03       				cmp			#$03
3021   27B4 B0 0D       				bcs			L2c98
3022   27B6 EA          				nop
3023   27B7             
3024   27B7 A9 18       				lda			#$18										; (Left) 
3025   27B9 A2 01       				ldx			#$01
3026   27BB 95 50       				sta			$50, x									; ($51) 
3027   27BD A9 10       				lda			#$10										; (Right) 
3028   27BF A2 08       				ldx			#$08
3029   27C1 95 50       				sta			$50, x									; ($58) 
3030   27C3             
3031   27C3             L2c98:
3032   27C3 60          				rts
3033   27C4             
3034   27C4             
3035   27C4             L2c99:
3036   27C4 A5 30       				lda			$30
3037   27C6 29 7F       				and			#$7f										; Clear MSB 
3038   27C8 85 30       				sta			$30
3039   27CA 24 30       				bit			$30
3040   27CC 30 F6       				bmi			L2c99										; Never -- you just cleared it! 
3041   27CE             
3042   27CE A6 2F       				ldx			$2f											; Always #$10 
3043   27D0             
3044   27D0 A9 50       				lda			#(ARRTBL&$ff)
3045   27D2 85 32       				sta			ARRPTR
3046   27D4 A9 00       				lda			#((ARRTBL>>8)&$ff)
3047   27D6 85 33       				sta			ARRPTR+1
3048   27D8             
3049   27D8             L2cb2:
3050   27D8 8A          				txa
3051   27D9 48          				pha															; Stash x
3052   27DA 20 E3 27    				jsr			L2cbd
3053   27DD 68          				pla
3054   27DE AA          				tax															; Restore x
3055   27DF CA          				dex
3056   27E0 D0 F6       				bne			L2cb2
3057   27E2 60          				rts
3058   27E3             
3059   27E3             				;; Manipulate arrows
3060   27E3             				;; Copy data from (ARRPTR) to ($0b)
3061   27E3             L2cbd:
3062   27E3 A0 00       				ldy			#$00
3063   27E5             L2cbf:
3064   27E5 B1 32       				lda			(ARRPTR), y
3065   27E7 99 0B 00    				sta			$000b, y
3066   27EA C8          				iny
3067   27EB C0 07       				cpy			#$07
3068   27ED D0 F6       				bne			L2cbf										; Loop
3069   27EF             
3070   27EF 20 0C 28    				jsr			L2ce6
3071   27F2             
3072   27F2             				;; Copy bytes from ($0b) to (ARRPTR)
3073   27F2 A0 00       				ldy			#$00
3074   27F4             L2cce:
3075   27F4 B9 0B 00    				lda			$000b, y
3076   27F7 91 32       				sta			(ARRPTR), y
3077   27F9 C8          				iny
3078   27FA C0 07       				cpy			#$07
3079   27FC D0 F6       				bne			L2cce										; Loop
3080   27FE             
3081   27FE             				;; ARRPTR += 7
3082   27FE A5 32       				lda			ARRPTR
3083   2800 18          				clc
3084   2801 69 07       				adc			#$07
3085   2803 85 32       				sta			ARRPTR
3086   2805 A5 33       				lda			ARRPTR+1
3087   2807 69 00       				adc			#$00
3088   2809 85 33       				sta			ARRPTR+1
3089   280B 60          				rts
3090   280C             
3091   280C             
3092   280C             L2ce6:
3093   280C C6 0F       				dec			$0f
3094   280E 30 02       				bmi			L2cec										; $0f was 0
3095   2810 EA          				nop
3096   2811             
3097   2811 60          				rts
3098   2812             
3099   2812             L2cec:
3100   2812 A5 0D       				lda			$0d
3101   2814 29 20       				and			#$20										; Mask bit 5
3102   2816 F0 02       				beq			L2cf4										; Clear
3103   2818 EA          				nop
3104   2819             
3105   2819 60          				rts
3106   281A             
3107   281A             L2cf4:
3108   281A A5 B1       				lda			ARROWS
3109   281C C9 04       				cmp			#$04
3110   281E 90 0A       				bcc			L2d04
3111   2820 EA          				nop
3112   2821             
3113   2821 A9 00       				lda			#$00
3114   2823 85 0E       				sta			$0e
3115   2825 A9 04       				lda			#$04
3116   2827 4C 2D 28    				jmp			L2d07
3117   282A             
3118   282A             L2d04:
3119   282A 18          				clc
3120   282B 65 28       				adc			$28
3121   282D             
3122   282D             L2d07:
3123   282D 85 0F       				sta			$0f
3124   282F 20 CB 25    				jsr			L2978
3125   2832 B0 43       				bcs			L2d51
3126   2834 EA          				nop
3127   2835             
3128   2835 A5 0C       				lda			$0c
3129   2837 30 3E       				bmi			L2d51
3130   2839 EA          				nop
3131   283A             
3132   283A 29 40       				and			#$40
3133   283C F0 04       				beq			L2d1c
3134   283E EA          				nop
3135   283F             
3136   283F 20 ED 24    				jsr			L289a
3137   2842             L2d1c:
3138   2842 A5 0C       				lda			$0c
3139   2844 29 10       				and			#$10
3140   2846 D0 06       				bne			L2d28
3141   2848 EA          				nop
3142   2849             
3143   2849 A9 20       				lda			#$20
3144   284B 4C 50 28    				jmp			L2d2a
3145   284E             
3146   284E             L2d28:
3147   284E A9 01       				lda			#$01
3148   2850             L2d2a:
3149   2850 85 04       				sta			$04
3150   2852 A5 0D       				lda			$0d
3151   2854 29 40       				and			#$40
3152   2856 D0 05       				bne			L2d37
3153   2858 EA          				nop
3154   2859             
3155   2859 20 2F 23    				jsr			L26a3
3156   285C 60          				rts
3157   285D             
3158   285D             L2d37:
3159   285D A5 0C       				lda			$0c
3160   285F 29 1F       				and			#$1f
3161   2861 09 C0       				ora			#$c0
3162   2863 85 03       				sta			$03
3163   2865 A0 00       				ldy			#$00
3164   2867 91 10       				sta			(SCRLOC), y
3165   2869 E6 03       				inc			$03
3166   286B A5 03       				lda			$03
3167   286D A4 04       				ldy			$04
3168   286F 91 10       				sta			(SCRLOC), y
3169   2871 E6 0C       				inc			$0c
3170   2873 20 3F 23    				jsr			L26b3
3171   2876 60          				rts
3172   2877             L2d51:
3173   2877 A5 0C       				lda			$0c
3174   2879 30 13       				bmi			L2d68
3175   287B EA          				nop
3176   287C             
3177   287C A9 21       				lda			#$21
3178   287E 20 A1 28    				jsr			L2d7b
3179   2881 A5 0C       				lda			$0c
3180   2883 09 80       				ora			#$80										; Set D7 
3181   2885 85 0C       				sta			$0c
3182   2887 A9 01       				lda			#$01
3183   2889 85 BC       				sta			$bc
3184   288B C6 B1       				dec			ARROWS
3185   288D 60          				rts
3186   288E             
3187   288E             L2d68:
3188   288E A5 0D       				lda			$0d
3189   2890 30 0E       				bmi			L2d7a
3190   2892 EA          				nop
3191   2893             
3192   2893 A5 0D       				lda			$0d
3193   2895 09 80       				ora			#$80
3194   2897 85 0D       				sta			$0d
3195   2899 A0 00       				ldy			#$00
3196   289B A9 20       				lda			#$20
3197   289D 20 A1 28    				jsr			L2d7b
3198   28A0             L2d7a:
3199   28A0 60          				rts
3200   28A1             
3201   28A1             L2d7b:
3202   28A1 85 03       				sta			$03
3203   28A3 A0 00       				ldy			#$00
3204   28A5 91 10       				sta			(SCRLOC), y
3205   28A7 A5 0C       				lda			$0c
3206   28A9 29 10       				and			#$10
3207   28AB D0 06       				bne			L2d8d
3208   28AD EA          				nop
3209   28AE A0 20       				ldy			#$20
3210   28B0 4C B5 28    				jmp			L2d8f
3211   28B3             L2d8d:
3212   28B3 A0 01       				ldy			#$01
3213   28B5             L2d8f:
3214   28B5 A5 03       				lda			$03
3215   28B7 91 10       				sta			(SCRLOC), y							; Why was this STRLOC? 
3216   28B9 60          				rts
3217   28BA             				
3218   28BA             L2d94:
3219   28BA 20 0B 21    				jsr			L2473
3220   28BD A5 20       				lda			$20
3221   28BF 29 3F       				and			#$3f
3222   28C1 85 21       				sta			$21
3223   28C3             
3224   28C3             L2d9d:
3225   28C3 A5 31       				lda			$31
3226   28C5 D0 0C       				bne			L2dad
3227   28C7 EA          				nop
3228   28C8             
3229   28C8 A9 00       				lda			#$00
3230   28CA 85 C2       				sta			$c2
3231   28CC A5 1A       				lda			SPRVAL
3232   28CE 09 F0       				ora			#$f0
3233   28D0 85 1A       				sta			SPRVAL
3234   28D2 60          				rts
3235   28D3             
3236   28D3             L2dad:
3237   28D3 C6 27       				dec			$27
3238   28D5 D0 16       				bne			L2dc7
3239   28D7 EA          				nop
3240   28D8             
3241   28D8 E6 C2       				inc			$c2
3242   28DA 20 80 1F    				jsr			L2275
3243   28DD A0 00       				ldy			#$00
3244   28DF B1 2A       				lda			($2a), y
3245   28E1 C9 20       				cmp			#$20
3246   28E3 D0 09       				bne			L2dc8
3247   28E5 EA          				nop
3248   28E6             
3249   28E6             L2dc0:
3250   28E6 20 46 21    				jsr			L24ae
3251   28E9 A5 26       				lda			$26
3252   28EB 85 27       				sta			$27
3253   28ED             L2dc7:
3254   28ED 60          				rts
3255   28EE             
3256   28EE             L2dc8:
3257   28EE 85 03       				sta			$03
3258   28F0 A5 C2       				lda			$c2
3259   28F2 C9 06       				cmp			#$06
3260   28F4 90 F0       				bcc			L2dc0
3261   28F6             
3262   28F6 A9 21       				lda			#$21
3263   28F8 91 2A       				sta			($2a), y
3264   28FA A5 1A       				lda			SPRVAL
3265   28FC 09 F0       				ora			#$f0
3266   28FE 85 1A       				sta			SPRVAL
3267   2900 A5 30       				lda			$30
3268   2902 09 04       				ora			#$04										; Set D2 
3269   2904 85 30       				sta			$30
3270   2906 A9 00       				lda			#$00
3271   2908 85 31       				sta			$31
3272   290A A5 03       				lda			$03
3273   290C C9 C0       				cmp			#$c0
3274   290E B0 02       				bcs			L2dec
3275   2910 EA          				nop
3276   2911             
3277   2911 60          				rts
3278   2912             
3279   2912             L2dec:
3280   2912 A5 3E       				lda			$3e
3281   2914 29 9F       				and			#$9f										; Clear D6,5 
3282   2916 85 3E       				sta			$3e
3283   2918 A9 00       				lda			#$00
3284   291A 85 B8       				sta			$b8
3285   291C A9 80       				lda			#$80
3286   291E 85 B9       				sta			$b9
3287   2920 20 86 20    				jsr			L23a4										; Kick PRNG
3288   2923 09 C0       				ora			#$c0										; Set D7,6 
3289   2925 85 B3       				sta			$b3
3290   2927 20 D0 29    				jsr			L2eaa
3291   292A A9 80       				lda			#$80
3292   292C 85 BC       				sta			$bc
3293   292E A5 3E       				lda			$3e
3294   2930 29 FD       				and			#$fd
3295   2932 85 3E       				sta			$3e
3296   2934 E6 B0       				inc			$b0
3297   2936 60          				rts
3298   2937             
3299   2937             
3300   2937             L2e11:
3301   2937 A5 B8       				lda			$b8
3302   2939 C9 08       				cmp			#PRNG
3303   293B B0 08       				bcs			L2e1f
3304   293D EA          				nop
3305   293E             
3306   293E A5 97       				lda			$97
3307   2940 09 80       				ora			#$80
3308   2942 85 97       				sta			$97
3309   2944 60          				rts
3310   2945             
3311   2945             L2e1f:
3312   2945 A5 3E       				lda			$3e
3313   2947 29 20       				and			#$20
3314   2949 F0 02       				beq			L2e27
3315   294B EA          				nop
3316   294C             
3317   294C 60          				rts
3318   294D             
3319   294D             L2e27:
3320   294D A5 B4       				lda			$b4
3321   294F 38          				sec
3322   2950 E9 20       				sbc			#$20
3323   2952 85 9B       				sta			$9b
3324   2954 A5 B5       				lda			$b5
3325   2956 E9 00       				sbc			#$00
3326   2958 85 9C       				sta			$9c
3327   295A A0 00       				ldy			#$00
3328   295C B1 9B       				lda			($9b), y
3329   295E C9 20       				cmp			#$20
3330   2960 F0 02       				beq			L2e3e
3331   2962 EA          				nop
3332   2963             
3333   2963 60          				rts
3334   2964             
3335   2964             L2e3e:
3336   2964 C6 9B       				dec			$9b
3337   2966 B1 9B       				lda			($9b), y
3338   2968 E6 9B       				inc			$9b
3339   296A C9 20       				cmp			#$20
3340   296C F0 02       				beq			L2e4a
3341   296E EA          				nop
3342   296F             
3343   296F 60          				rts
3344   2970             
3345   2970             L2e4a:
3346   2970 C8          				iny
3347   2971 B1 9B       				lda			($9b), y
3348   2973 C9 20       				cmp			#$20
3349   2975             L2e4f:
3350   2975 F0 02       				beq			L2e53
3351   2977 EA          				nop
3352   2978 60          				rts
3353   2979             
3354   2979             L2e53:
3355   2979 20 86 20    				jsr			L23a4										; Kick PRNG
3356   297C 29 08       				and			#$08										; Mask D3  
3357   297E 09 12       				ora			#$12										; Set D4,1 
3358   2980 85 97       				sta			$97											; ??
3359   2982 A9 43       				lda			#$43
3360   2984 85 98       				sta			$98											; ??
3361   2986             
3362   2986 A9 04       				lda			#$04
3363   2988 85 96       				sta			$96
3364   298A A9 01       				lda			#$01
3365   298C 85 9A       				sta			$9a
3366   298E A5 3E       				lda			$3e
3367   2990 09 20       				ora			#$20
3368   2992 85 3E       				sta			$3e
3369   2994 A9 8C       				lda			#$8c
3370   2996 85 B9       				sta			$b9
3371   2998 20 BB 29    				jsr			L2e95
3372   299B 60          				rts
3373   299C             
3374   299C             L2e76:
3375   299C A5 3E       				lda			$3e
3376   299E 29 20       				and			#$20
3377   29A0 F0 02       				beq			L2e7e
3378   29A2 EA          				nop
3379   29A3             
3380   29A3 60          				rts
3381   29A4             
3382   29A4             L2e7e:
3383   29A4 C6 B3       				dec			$b3
3384   29A6 F0 02       				beq			L2e84
3385   29A8 EA          				nop
3386   29A9             
3387   29A9 60          				rts
3388   29AA             
3389   29AA             L2e84:
3390   29AA A9 2F       				lda			#$2f
3391   29AC 85 B3       				sta			$b3
3392   29AE E6 B8       				inc			$b8
3393   29B0 A5 B9       				lda			$b9
3394   29B2 C9 90       				cmp			#$90
3395   29B4 90 05       				bcc			L2e95
3396   29B6 EA          				nop
3397   29B7             
3398   29B7 A9 80       				lda			#$80
3399   29B9 85 B9       				sta			$b9
3400   29BB             
3401   29BB             L2e95:
3402   29BB A0 00       				ldy			#$00
3403   29BD 20 C2 29    				jsr			L2e9c
3404   29C0 A0 20       				ldy			#$20
3405   29C2             L2e9c:
3406   29C2 A5 B9       				lda			$b9
3407   29C4 91 B4       				sta			($b4), y
3408   29C6 C8          				iny
3409   29C7 E6 B9       				inc			$b9
3410   29C9 A5 B9       				lda			$b9
3411   29CB 91 B4       				sta			($b4), y
3412   29CD E6 B9       				inc			$b9
3413   29CF 60          				rts
3414   29D0             
3415   29D0             
3416   29D0             L2eaa:
3417   29D0 A9 40       				lda			#$40
3418   29D2 85 B5       				sta			$b5
3419   29D4 A9 20       				lda			#$20
3420   29D6 85 B4       				sta			$b4
3421   29D8 20 FF 29    				jsr			L2ed9
3422   29DB AA          				tax
3423   29DC             L2eb6:
3424   29DC A9 60       				lda			#$60
3425   29DE 18          				clc
3426   29DF 65 B4       				adc			$b4
3427   29E1 85 B4       				sta			$b4
3428   29E3 A5 B5       				lda			$b5
3429   29E5 69 00       				adc			#$00
3430   29E7 85 B5       				sta			$b5
3431   29E9 CA          				dex
3432   29EA 10 F0       				bpl			L2eb6
3433   29EC 20 FF 29    				jsr			L2ed9
3434   29EF             
3435   29EF             				;; a=3*a
3436   29EF AA          				tax
3437   29F0 A0 00       				ldy			#$00
3438   29F2             L2ecc:
3439   29F2 C8          				iny
3440   29F3 C8          				iny
3441   29F4 C8          				iny
3442   29F5 CA          				dex
3443   29F6 10 FA       				bpl			L2ecc										; Loop 
3444   29F8 98          				tya
3445   29F9             
3446   29F9 18          				clc
3447   29FA 65 B4       				adc			$b4
3448   29FC 85 B4       				sta			$b4
3449   29FE 60          				rts
3450   29FF             
3451   29FF             L2ed9:
3452   29FF 20 86 20    				jsr			L23a4										; Kick PRNG
3453   2A02 29 0F       				and			#$0f
3454   2A04 C9 09       				cmp			#$09
3455   2A06 90 02       				bcc			L2ee4
3456   2A08 EA          				nop
3457   2A09             
3458   2A09 4A          				lsr			a
3459   2A0A             L2ee4:
3460   2A0A 60          				rts
3461   2A0B             
3462   2A0B             
3463   2A0B             				;; Copy P1 store to player data
3464   2A0B             L2ee5:
3465   2A0B A2 00       				ldx			#$00										; For P1
3466   2A0D 4C 12 2A    				jmp			L2eec
3467   2A10             
3468   2A10             				;; Copy P2 store to player data
3469   2A10             L2eea:
3470   2A10 A2 01       				ldx			#$01										; For P2
3471   2A12             L2eec:
3472   2A12 B5 D0       				lda			$d0, x
3473   2A14 85 BD       				sta			SCOREP									; Score lo
3474   2A16 B5 D2       				lda			$d2, x
3475   2A18 85 BE       				sta			SCOREP+1								; Score hi
3476   2A1A B5 D4       				lda			$d4, x
3477   2A1C 85 B1       				sta			ARROWS									; Active arrows
3478   2A1E B5 D6       				lda			$d6, x
3479   2A20 85 C1       				sta			LIVES										; Lives left
3480   2A22 B5 D8       				lda			$d8, x
3481   2A24 85 B0       				sta			$b0											; Shots at special
3482   2A26 B5 DA       				lda			$da, x
3483   2A28 85 C3       				sta			$c3											; Points/arrow
3484   2A2A 60          				rts
3485   2A2B             
3486   2A2B             				;; Copy player data to P1 store
3487   2A2B             L2f05:
3488   2A2B A2 00       				ldx			#$00										; For P1
3489   2A2D 4C 32 2A    				jmp			L2f0c
3490   2A30             
3491   2A30             				;; Copy player data to P2 store
3492   2A30             L2f0a:
3493   2A30 A2 01       				ldx			#$01										; For P2
3494   2A32             L2f0c:
3495   2A32 A5 BD       				lda			SCOREP									; Score lo
3496   2A34 95 D0       				sta			$d0, x
3497   2A36 A5 BE       				lda			SCOREP+1								; Score hi
3498   2A38 95 D2       				sta			$d2, x
3499   2A3A A5 B1       				lda			ARROWS									; Active arrows
3500   2A3C 95 D4       				sta			$d4, x
3501   2A3E A5 C1       				lda			LIVES										; Lives left
3502   2A40 95 D6       				sta			$d6, x
3503   2A42 A5 B0       				lda			$b0											; Shots at special
3504   2A44 95 D8       				sta			$d8, x							
3505   2A46 A5 C3       				lda			$c3											; Points/arrow
3506   2A48 95 DA       				sta			$da, x
3507   2A4A 60          				rts
3508   2A4B             
3509   2A4B             
3510   2A4B             				;;
3511   2A4B             				;; Common text include
3512   2A4B             				;;
3513   2A4B             
3514   2A4B             .include "targ_txt.asm"
0001+  2A4B             
0002+  2A4B             STR00:																					; L1e54
0003+  2A4B 42 45 41 54 				.db			"BEAT HIGH SCORE FOR EXTRA PLAY", $00
0003+  2A4F 20 48 49 47 
0003+  2A53 48 20 53 43 
0003+  2A57 4F 52 45 20 
0003+  2A5B 46 4F 52 20 
0003+  2A5F 45 58 54 52 
0003+  2A63 41 20 50 4C 
0003+  2A67 41 59 00 
0004+  2A6A             
0005+  2A6A             STR01:																					; L1e72
0006+  2A6A 45 58 54 52 				.db			"EXTRA POINTS",$00
0006+  2A6E 41 20 50 4F 
0006+  2A72 49 4E 54 53 
0006+  2A76 00 
0007+  2A77             
0008+  2A77             STR02:																					; L1e7f
0009+  2A77 45 58 54 45 				.db			"EXTENDED PLAY FOR "
0009+  2A7B 4E 44 45 44 
0009+  2A7F 20 50 4C 41 
0009+  2A83 59 20 46 4F 
0009+  2A87 52 20 
0010+  2A89             				
0011+  2A89             STR0A:																					; L27e2
0012+  2A89 50 4C 41 59 				.db			"PLAYER   ", $00
0012+  2A8D 45 52 20 20 
0012+  2A91 20 00 
0013+  2A93             
0014+  2A93             STR03:																					; L1e9b
0015+  2A93 54 4F 50 50 				.db			"TOPPING HIGH SCORE ", $00
0015+  2A97 49 4E 47 20 
0015+  2A9B 48 49 47 48 
0015+  2A9F 20 53 43 4F 
0015+  2AA3 52 45 20 00 
0016+  2AA7             
0017+  2AA7             STR04:																					; L1eaf
0018+  2AA7 45 58 54 52 				.db			"EXTRA CREDIT ", $00
0018+  2AAB 41 20 43 52 
0018+  2AAF 45 44 49 54 
0018+  2AB3 20 00 
0019+  2AB5             
0020+  2AB5             STR05:																					; L1ebd
0021+  2AB5 46 4F 52 20 				.db			"FOR TOPPING HIGH SCORE", $00
0021+  2AB9 54 4F 50 50 
0021+  2ABD 49 4E 47 20 
0021+  2AC1 48 49 47 48 
0021+  2AC5 20 53 43 4F 
0021+  2AC9 52 45 00 
0022+  2ACC             
0023+  2ACC             STR06:																					; L1f3e
0024+  2ACC 48 49 20 53 				.db			"HI SCR", $00
0024+  2AD0 43 52 00 
0025+  2AD3             
0026+  2AD3             STR07:																					;	L27c7
0027+  2AD3             ;				.db			"END OF GAME", $00							; XXX 
0028+  2AD3 47 41 4D 45 				.db			"GAME  OVER", $00
0028+  2AD7 20 20 4F 56 
0028+  2ADB 45 52 00 
0029+  2ADE             
0030+  2ADE             STR08:																					; L27d3
0031+  2ADE 54 41 52 47 				.db			"TARG", $00
0031+  2AE2 00 
0032+  2AE3             
0033+  2AE3             STR09:																					; L27d8
0034+  2AE3 47 45 54 20 				.db			"GET  READY", $00
0034+  2AE7 20 52 45 41 
0034+  2AEB 44 59 00 
0035+  2AEE             
0036+  2AEE             ;				.db			"PLAYER   ", $00								; Was STR0A 
0037+  2AEE             
0038+  2AEE             STR0B:																					; L27ec
0039+  2AEE 01 20 20 31 				.db			$01,"  10 POINTS", $00
0039+  2AF2 30 20 50 4F 
0039+  2AF6 49 4E 54 53 
0039+  2AFA 00 
0040+  2AFB             
0041+  2AFB             STR0C:																					; L2f37
0042+  2AFB 31 20 50 4C 				.db			"1 PLAYER  1 COIN", $00				  ; Coinage 08 #1
0042+  2AFF 41 59 45 52 
0042+  2B03 20 20 31 20 
0042+  2B07 43 4F 49 4E 
0042+  2B0B 00 
0043+  2B0C             
0044+  2B0C             STR0D:																					; L2f49
0045+  2B0C 32 20 50 4C 				.db			"2 PLAYERS  2 COINS", $00				; Coinage 08 #2
0045+  2B10 41 59 45 52 
0045+  2B14 53 20 20 32 
0045+  2B18 20 43 4F 49 
0045+  2B1C 4E 53 00 
0046+  2B1F             
0047+  2B1F             STR0E:																					; L2f5b
0048+  2B1F 31 20 50 4C 				.db			"1 PLAYER   2 COINS", $00				; Coinage 10 #1
0048+  2B23 41 59 45 52 
0048+  2B27 20 20 20 32 
0048+  2B2B 20 43 4F 49 
0048+  2B2F 4E 53 00 
0049+  2B32             
0050+  2B32             STR0F:																					; L2f6d
0051+  2B32 32 20 50 4C 				.db			"2 PLAYERS  4 COINS", $00				; Coiange 10 #2 
0051+  2B36 41 59 45 52 
0051+  2B3A 53 20 20 34 
0051+  2B3E 20 43 4F 49 
0051+  2B42 4E 53 00 
0052+  2B45             
0053+  2B45             STR10:																					; L2f25
0054+  2B45 32 20 50 4C 				.db			"2 PLAYERS   1 COIN", $00				; Coinage 18
0054+  2B49 41 59 45 52 
0054+  2B4D 53 20 20 20 
0054+  2B51 31 20 43 4F 
0054+  2B55 49 4E 00 
0055+  2B58             
0056+  2B58             STR11:																					; L2f7f
0057+  2B58 49 4E 53 45 				.db			"INSERT  COIN", $00
0057+  2B5C 52 54 20 20 
0057+  2B60 43 4F 49 4E 
0057+  2B64 00 
0058+  2B65             
0059+  2B65             STR12:																					;	L2f8c
0060+  2B65 4F 52 00    				.db			"OR", $00
0061+  2B68             
0062+  2B68             STR13:																					; L2f9b
0063+  2B68 4E 45 58 54 				.db			"NEXT LEVEL", $00
0063+  2B6C 20 4C 45 56 
0063+  2B70 45 4C 00 
0064+  2B73             
0065+  2B73             STR14:																					; L2fa1
0066+  2B73 43 52 45 44 				.db			"CREDITS", $00
0066+  2B77 49 54 53 00 
0067+  2B7B             
0068+  2B7B             STR15:																					; L2fc8
0069+  2B7B 43 4F 50 59 				.db			"COPYRIGHT 1980  BY EXIDY INC", $00
0069+  2B7F 52 49 47 48 
0069+  2B83 54 20 31 39 
0069+  2B87 38 30 20 20 
0069+  2B8B 42 59 20 45 
0069+  2B8F 58 49 44 59 
0069+  2B93 20 49 4E 43 
0069+  2B97 00 
0070+  2B98             
0071+  2B98             STR16:
0072+  2B98             STR17:
0073+  2B98 46 52 45 45 				.db			"FREE  PLAY", $00
0073+  2B9C 20 20 50 4C 
0073+  2BA0 41 59 00 
0074+  2BA3             
0075+  2BA3             STR18:
0076+  2BA3 20 20 20 20 				.db			"            ", $00
0076+  2BA7 20 20 20 20 
0076+  2BAB 20 20 20 20 
0076+  2BAF 00 
0077+  2BB0             
0078+  2BB0             STR19:
0079+  2BB0 50 52 45 53 				.db			"PRESS  START", $00
0079+  2BB4 53 20 20 53 
0079+  2BB8 54 41 52 54 
0079+  2BBC 00 
0080+  2BBD             
0081+  2BBD             
0082+  2BBD             TXTTBL:
0083+  2BBD 4B 2A       				.dw			STR00
0084+  2BBF 6A 2A       				.dw			STR01
0085+  2BC1 77 2A       				.dw			STR02
0086+  2BC3 93 2A       				.dw			STR03
0087+  2BC5 A7 2A       				.dw			STR04
0088+  2BC7 B5 2A       				.dw			STR05
0089+  2BC9 CC 2A       				.dw			STR06
0090+  2BCB D3 2A       				.dw			STR07
0091+  2BCD DE 2A       				.dw			STR08
0092+  2BCF E3 2A       				.dw			STR09
0093+  2BD1 89 2A       				.dw			STR0A
0094+  2BD3 EE 2A       				.dw			STR0B
0095+  2BD5 FB 2A       				.dw			STR0C
0096+  2BD7 0C 2B       				.dw			STR0D
0097+  2BD9 1F 2B       				.dw			STR0E
0098+  2BDB 32 2B       				.dw			STR0F
0099+  2BDD 45 2B       				.dw			STR10
0100+  2BDF 58 2B       				.dw			STR11
0101+  2BE1 65 2B       				.dw			STR12
0102+  2BE3 68 2B       				.dw			STR13
0103+  2BE5 73 2B       				.dw			STR14
0104+  2BE7 7B 2B       				.dw			STR15
0105+  2BE9 98 2B       				.dw			STR16
0106+  2BEB 98 2B       				.dw			STR17
0107+  2BED A3 2B       				.dw			STR18
0108+  2BEF B0 2B       				.dw			STR19
0109+  2BF1             
0110+  2BF1             				;; Screen locations
0111+  2BF1             TXTLOC:
0112+  2BF1 C1 40       				.dw			$40c1														; STR00
0113+  2BF3 4A 41       				.dw			$414a														; STR01
0114+  2BF5 04 42       				.dw			$4204														; STR02  
0115+  2BF7 2C 42       				.dw			$422c														; STR03
0116+  2BF9 0B 42       				.dw			$420b														; STR04 
0117+  2BFB 38 42       				.dw			$4238														; STR05 
0118+  2BFD 2A 40       				.dw			$402a														; STR06
0119+  2BFF 0B 42       				.dw			$420b														; STR07 
0120+  2C01 0E 43       				.dw			$430e														; STR08
0121+  2C03 0B 42       				.dw			$420b														; STR09
0122+  2C05 4C 42       				.dw			$424c														; STR0A
0123+  2C07 8A 42       				.dw			$428a														; STR0B
0124+  2C09 48 41       				.dw			$4148														; STR0C 
0125+  2C0B 87 41       				.dw			$4187														; STR0D 
0126+  2C0D 47 41       				.dw			$4147														; STR0E 
0127+  2C0F 87 41       				.dw			$4187														; STR0F 
0128+  2C11 47 41       				.dw			$4147														; STR10 
0129+  2C13 EA 41       				.dw			$41ea														; STR11
0130+  2C15 0F 42       				.dw			$420f														; STR12
0131+  2C17 0B 42       				.dw			$420b														; STR13
0132+  2C19 0B 40       				.dw			$400b														; STR14
0133+  2C1B 82 43       				.dw			$4382 													; STR15
0134+  2C1D 0B 40       				.dw			$400b														; STR16
0135+  2C1F 6B 41       				.dw			$416b														; STR17
0136+  2C21 2A 42       				.dw			$422a														; STR18
0137+  2C23 2A 42       				.dw			$422a														; STR19
0138+  2C25             
0139+  2C25             				
0140+  2C25~            .if 0
0141+  2C25~            				;; Remove unused text
0142+  2C25~            STRxx:																					; L2fa9
0143+  2C25~            				.db			"TOP THIS SCORE FOR EXTRA BONUS", $00
0144+  2C25~            
0145+  2C25~            STRXX:																					; L1ed4
0146+  2C25~            				.db			"1 GAME  ONE 10 PENCE COIN ", $00
0147+  2C25~            
0148+  2C25~            STRXX:																					; L1eef
0149+  2C25~            				.db			"6 GAMES ONE 50 PENCE COIN", $00
0150+  2C25~            
0151+  2C25~            STRXX:																					; L1f09
0152+  2C25~            				.db			"1 GAME  TWO 10 PENCE COINS", $00
0153+  2C25~            
0154+  2C25~            STRXX:																					; L1f24
0155+  2C25~            				.db			"3 GAMES ONE 50 PENCE COIN", $00
0156+  2C25             .endif3515   2C25             
3516   2C25             				;; Reset vector
3517   3000             				.org		$3000
3518   3000             LRESET:
3519   3000             L3000:
3520   3000 78          				sei															; Disable interrupts
3521   3001 A2 FF       				ldx			#$ff										; Stack pointer, loop counter
3522   3003 9A          				txs															; Set stack pointer
3523   3004             
3524   3004             				;; Wait for vblank
3525   3004             L3004:
3526   3004 AD 03 51    				lda			$5103										; IRQ source
3527   3007 CA          				dex
3528   3008 30 FA       				bmi			L3004										; Loop
3529   300A             
3530   300A D8          				cld
3531   300B A9 00       				lda			#$00
3532   300D 85 A0       				sta			HCOIN
3533   300F 85 A1       				sta			CREDIT
3534   3011 85 02       				sta			START
3535   3013 85 A2       				sta			COINCNT
3536   3015 58          				cli															; Enable interrupts
3537   3016             
3538   3016 20 C7 1F    				jsr			L22bc										; Write character RAM 
3539   3019             
3540   3019 A9 00       				lda			#$00
3541   301B 85 AB       				sta			$ab											; ?? 
3542   301D 85 A3       				sta			VAUD1										; ?? 
3543   301F 85 BD       				sta			SCOREP									; Clear player score 
3544   3021 85 BE       				sta			SCOREP+1
3545   3023             
3546   3023             				;; Set default high score
3547   3023 85 AE       				sta			SCOREH									; HS lo
3548   3025 A9 10       				lda			#$10
3549   3027 85 AF       				sta			SCOREH+1								; HS hi
3550   3029             
3551   3029 20 0C 18    				jsr			L180c										; Copy player data to P1
3552   302C 20 06 18    				jsr			L1806										; Copy player data to P2
3553   302F             
3554   302F             MAINLOOP:				
3555   302F 20 63 33    				jsr			ATTRACT									; Attract mode 
3556   3032 20 E2 33    				jsr			FAKEGAME								; Fake gameplay
3557   3035             ;				jsr			SHOWHS									; High score screen
3558   3035             ;				jsr			FAKEGAME								; Fake gameplay
3559   3035             
3560   3035 A5 02       				lda			START
3561   3037 F0 F6       				beq			MAINLOOP
3562   3039             
3563   3039 20 3A 34    				jsr			CFGGAME
3564   303C 20 42 30    				jsr			PLAYGAME
3565   303F 4C 2F 30    				jmp			MAINLOOP
3566   3042             
3567   3042             				;; Real game play
3568   3042             PLAYGAME:
3569   3042             L3030:
3570   3042 78          				sei
3571   3043             ;				ldx			#$ff										; Trash stack ptr
3572   3043             ;				txs															; Trash stack ptr
3573   3043 58          				cli
3574   3044 A9 00       				lda			#$00
3575   3046 85 BD       				sta			SCOREP									; Clear player score 
3576   3048 85 BE       				sta			SCOREP+1
3577   304A 85 DC       				sta			$dc
3578   304C 85 DD       				sta			$dd
3579   304E A9 01       				lda			#$01
3580   3050 85 BF       				sta			PNUM
3581   3052 85 C3       				sta			$c3											; Level 
3582   3054 20 B8 20    				jsr			L23d7										; Set LIVES froom DIPs
3583   3057 20 0C 18    				jsr			L180c										; Copy player data to P1
3584   305A 20 06 18    				jsr			L1806										; Copy player data to P2
3585   305D 20 10 19    				jsr			L1971
3586   3060 20 8E 26    				jsr			L2a3b										; Draw player scores
3587   3063 20 06 18    				jsr			L1806										; Copy player data to P2
3588   3066 A5 B1       				lda			ARROWS
3589   3068 85 A8       				sta			$a8
3590   306A A9 00       				lda			#$00
3591   306C 85 A4       				sta			$a4
3592   306E A9 90       				lda			#$90
3593   3070 85 A3       				sta			VAUD1
3594   3072 8D 00 52    				sta			AUDIO1
3595   3075 A9 20       				lda			#$20
3596   3077 85 35       				sta			$35
3597   3079 85 36       				sta			$36
3598   307B             
3599   307B             				;; Main game play loop
3600   307B             L306c:
3601   307B 20 C4 27    				jsr			L2c99
3602   307E 20 E7 32    				jsr			L3307
3603   3081 20 12 1D    				jsr			L2000										; Check fire button
3604   3084 20 9A 1D    				jsr			L2088
3605   3087 20 C0 1D    				jsr			L20ae
3606   308A 20 0E 1A    				jsr			L1a75
3607   308D 20 63 19    				jsr			L19c4
3608   3090 20 41 1D    				jsr			L202f
3609   3093 20 EA 26    				jsr			L2a97
3610   3096 20 37 29    				jsr			L2e11
3611   3099 20 28 18    				jsr			L1828
3612   309C A5 B1       				lda			ARROWS									; Active arrows 
3613   309E F0 0F       				beq			L309e										; Next level? 
3614   30A0 EA          				nop
3615   30A1             
3616   30A1 A5 30       				lda			$30
3617   30A3 29 02       				and			#$02										; Check D1 
3618   30A5 F0 D4       				beq			L306c										; No death
3619   30A7             				
3620   30A7 20 57 31    				jsr			L316e										; Handle death
3621   30AA             
3622   30AA A5 02       				lda			START										; $00 for game over
3623   30AC D0 CD       				bne			L306c
3624   30AE             
3625   30AE 60          				rts															; GAME OVER 
3626   30AF             
3627   30AF             
3628   30AF             				;; End of level
3629   30AF             L309e:
3630   30AF A9 EE       				lda			#$ee
3631   30B1 8D 00 51    				sta			MOBLAT									; Sprite latch
3632   30B4 A9 15       				lda			#$15
3633   30B6 20 EA 20    				jsr			DELAY										; Delay 21 frames
3634   30B9             
3635   30B9 A9 10       				lda			#$10
3636   30BB 8D 00 52    				sta			AUDIO1
3637   30BE A6 BF       				ldx			PNUM
3638   30C0 CA          				dex
3639   30C1 20 00 18    				jsr			L1800										; Copy player data to PX
3640   30C4 A9 15       				lda			#$15
3641   30C6 20 EA 20    				jsr			DELAY										; Delay 21 frames
3642   30C9             
3643   30C9 A9 EE       				lda			#$ee										; Clear sprites 
3644   30CB 8D 00 51    				sta			MOBLAT									; Sprite latch
3645   30CE 85 1A       				sta			SPRVAL
3646   30D0 20 90 1B    				jsr			L1cf2										; Bonus screen 
3647   30D3 20 EC 18    				jsr			L194d
3648   30D6 4C 7B 30    				jmp			L306c										; Next level
3649   30D9             				
3650   30D9             				 
3651   30D9             L30c4:
3652   30D9 A9 10       				lda			#$10
3653   30DB 8D 00 52    				sta			AUDIO1
3654   30DE A9 EE       				lda			#$ee
3655   30E0 8D 00 51    				sta			MOBLAT									; Sprite latch
3656   30E3 A9 15       				lda			#$15
3657   30E5 20 EA 20    				jsr			DELAY										; Delay 21 frames
3658   30E8             
3659   30E8 A5 A7       				lda			STATUS
3660   30EA 29 03       				and			#$03
3661   30EC D0 04       				bne			L30de										; Extended play
3662   30EE EA          				nop
3663   30EF             
3664   30EF             L30d8:
3665   30EF 4C CB 18    				jmp			L1918										; GAME OVER
3666   30F2             
3667   30F2             L30de:
3668   30F2 AD 00 51    				lda			DSW											; DIPs
3669   30F5 49 FF       				eor			#$ff
3670   30F7 29 04       				and			#$04
3671   30F9 D0 3A       				bne			L313a
3672   30FB EA          				nop
3673   30FC 24 A7       				bit			STATUS
3674   30FE 70 EF       				bvs			L30d8
3675   3100 20 40 20    				jsr			L2340										; Clear screen
3676   3103 A5 A7       				lda			STATUS
3677   3105 29 03       				and			#$03
3678   3107 85 BF       				sta			PNUM
3679   3109 F0 E4       				beq			L30d8
3680   310B 4A          				lsr			a
3681   310C AA          				tax
3682   310D A9 01       				lda			#$01
3683   310F 95 D6       				sta			$d6, x
3684   3111             
3685   3111             				;; Draw STR02
3686   3111 A9 02       				lda			#$02										; EXTENDED PLAY
3687   3113 20 E8 1F    				jsr			DRAWSTRA 
3688   3116             
3689   3116             				;; Draw STR03
3690   3116 A9 03       				lda			#$03										; TOPPING HIGH
3691   3118 20 E8 1F    				jsr			DRAWSTRA
3692   311B             				
3693   311B A5 BF       				lda			PNUM
3694   311D 09 30       				ora			#$30										; To ASCII 
3695   311F 8D 1D 42    				sta			$421d										; Player # in ASCII 
3696   3122 20 E8 20    				jsr			DEL168
3697   3125             				
3698   3125 A5 A7       				lda			STATUS
3699   3127 09 40       				ora			#$40
3700   3129 85 A7       				sta			STATUS
3701   312B A5 BF       				lda			PNUM										; P1=1, P2=0
3702   312D 4A          				lsr			a												; P1=0, P2=1 
3703   312E AA          				tax
3704   312F 20 14 18    				jsr			L1814										; Copy PX store to player data
3705   3132 4C AF 30    				jmp			L309e
3706   3135             
3707   3135             L313a:
3708   3135 20 40 20    				jsr			L2340										; Clear screen
3709   3138 20 36 27    				jsr			L2bea										; Draw CREDITS_##
3710   313B E6 A1       				inc			CREDIT									; Credits
3711   313D             
3712   313D             				;; Draw STR04
3713   313D A9 04       				lda			#$04										; EXTRA CREDIT
3714   313F 20 E8 1F    				jsr			DRAWSTRA
3715   3142             				
3716   3142             				;; Draw STR05
3717   3142 A9 05       				lda			#$05										; FOR TOPPING
3718   3144 20 E8 1F    				jsr			DRAWSTRA
3719   3147             
3720   3147 A9 54       				lda			#$54
3721   3149 20 EA 20    				jsr			DELAY										; Delay 84 frames  
3722   314C             
3723   314C 20 36 27    				jsr			L2bea										; Draw CREDITS_##
3724   314F A9 54       				lda			#$54
3725   3151 20 EA 20    				jsr			DELAY										; Delay 84 frames  
3726   3154             
3727   3154 4C EF 30    				jmp			L30d8
3728   3157             
3729   3157             L316e:
3730   3157 A9 10       				lda			#$10
3731   3159 20 AC 20    				jsr			L23cf										; Set AUDIO1 bits 
3732   315C A9 EE       				lda			#$ee
3733   315E 8D 00 51    				sta			MOBLAT									; Sprite latch
3734   3161 20 49 1C    				jsr			L1e08										; Update high score? 
3735   3164             
3736   3164 A5 2F       				lda			$2f											; ?? Not new level?
3737   3166 D0 07       				bne			L3186
3738   3168 EA          				nop
3739   3169             
3740   3169 A9 0A       				lda			#$0a
3741   316B 85 2F       				sta			$2f
3742   316D 85 B1       				sta			ARROWS									; # Active arrows
3743   316F             
3744   316F             L3186:
3745   316F C6 C1       				dec			LIVES										; Lives left
3746   3171 10 05       				bpl			L318f										; >= 0
3747   3173 EA          				nop
3748   3174             
3749   3174             				;; Reset to 0 if negative
3750   3174 A9 00       				lda			#$00
3751   3176 85 C1       				sta			LIVES										; Lives left
3752   3178             
3753   3178             L318f:
3754   3178 A5 C0       				lda			NUMP										; # Players
3755   317A C9 02       				cmp			#$02
3756   317C D0 24       				bne			L31b9										; 1P only -- no swap
3757   317E EA          				nop
3758   317F             
3759   317F             				;; Swap players
3760   317F A5 BF       				lda			$bf											; Player #
3761   3181 C9 01       				cmp			#$01
3762   3183 F0 10       				beq			L31ac										; Currently P1
3763   3185 EA          				nop
3764   3186             
3765   3186             				;; Swap data to P1
3766   3186 A9 01       				lda			#$01
3767   3188 85 BF       				sta			$bf
3768   318A 20 06 18    				jsr			L1806										; Copy player data to P2
3769   318D 20 20 18    				jsr			L1820										; Copy P1 store to player data
3770   3190 A5 C1       				lda			LIVES										; Lives left
3771   3192 D0 16       				bne			L31c1
3772   3194 EA          				nop
3773   3195             
3774   3195             				;; Swap data to P2
3775   3195             L31ac:
3776   3195 A9 02       				lda			#$02
3777   3197 85 BF       				sta			$bf
3778   3199 20 0C 18    				jsr			L180c										; Copy player data to P1
3779   319C 20 1A 18    				jsr			L181a										; Copy P2 store to player data
3780   319F 4C A5 31    				jmp			L31bc
3781   31A2             
3782   31A2             
3783   31A2             L31b9:
3784   31A2 20 0C 18    				jsr			L180c
3785   31A5             L31bc:
3786   31A5 A5 C1       				lda			LIVES
3787   31A7 F0 0E       				beq			L31ce										; Game over 
3788   31A9 EA          				nop
3789   31AA             
3790   31AA             L31c1:
3791   31AA 20 40 20    				jsr			L2340										; Clear screen
3792   31AD 20 CB 20    				jsr			L2421
3793   31B0 20 10 19    				jsr			L1971
3794   31B3 20 8E 26    				jsr			L2a3b										; Draw player scores
3795   31B6 60          				rts
3796   31B7             
3797   31B7             L31ce:
3798   31B7 4C D9 30    				jmp			L30c4
3799   31BA             
3800   31BA             
3801   31BA             				;; IRQ vector
3802   31BA             LIRQ:
3803   31BA             L3131:
3804   31BA 08          				php
3805   31BB 48          				pha
3806   31BC 8A          				txa
3807   31BD 48          				pha
3808   31BE 98          				tya
3809   31BF 48          				pha
3810   31C0             
3811   31C0 AD 03 51    				lda			$5103										; IRQ source
3812   31C3 A8          				tay
3813   31C4 29 60       				and			#$60
3814   31C6 D0 6C       				bne			L31ee										; Coin 1 or 2 pressed
3815   31C8 EA          				nop
3816   31C9             
3817   31C9 98          				tya
3818   31CA 30 61       				bmi			IRQEND									; Not Vblank
3819   31CC             
3820   31CC             L3f4d:
3821   31CC A5 A7       				lda			STATUS
3822   31CE 29 20       				and			#$20
3823   31D0 D0 04       				bne			L3f57
3824   31D2 EA          				nop
3825   31D3             
3826   31D3 20 F1 20    				jsr			L2459										; Update sprite locations 
3827   31D6             
3828   31D6             L3f57:
3829   31D6 E6 A2       				inc			COINCNT
3830   31D8 10 05       				bpl			L3f60
3831   31DA EA          				nop
3832   31DB             
3833   31DB A9 80       				lda			#$80										; Max out at #$80 
3834   31DD 85 A2       				sta			COINCNT
3835   31DF             
3836   31DF             L3f60:
3837   31DF A5 30       				lda			$30
3838   31E1 09 80       				ora			#$80										; Set D7
3839   31E3 85 30       				sta			$30
3840   31E5             
3841   31E5             
3842   31E5             				;; Check P2 start
3843   31E5             CHKP2:
3844   31E5 AD 01 51    				lda			IN0
3845   31E8 29 02       				and			#$02										; 2P start
3846   31EA D0 24       				bne			CHKP1										; Not pressed 
3847   31EC             				
3848   31EC             DOP2:
3849   31EC 2C 00 51    				bit			DSW											; DIPs
3850   31EF 10 1B       				bpl			P2DEC0									; Free play
3851   31F1             				
3852   31F1 A5 A1       				lda			CREDIT
3853   31F3 C9 02       				cmp			#$02
3854   31F5 B0 0F       				bcs			P2DEC2									; >=2 credits
3855   31F7             
3856   31F7 C9 01       				cmp			#$01
3857   31F9 90 15       				bcc			CHKP1										; <1 credit
3858   31FB             
3859   31FB AD 00 51    				lda			DSW
3860   31FE 29 18       				and			#$18										; Mask coinage 
3861   3200 C9 18       				cmp			#$18										; 2P_1C 
3862   3202 F0 05       				beq			P2DEC1
3863   3204             
3864   3204 D0 0A       				bne			CHKP1										; Not enough credits 
3865   3206             				
3866   3206             P2DEC2:
3867   3206 20 D9 18    				jsr			L193a										; Decrement credits
3868   3209             P2DEC1:	
3869   3209 20 D9 18    				jsr			L193a										; Decrement credits
3870   320C             P2DEC0:
3871   320C A9 02       				lda			#$02										; 2P
3872   320E D0 15       				bne			SETSTART
3873   3210             
3874   3210             
3875   3210             				;; Check P1 start
3876   3210             CHKP1:
3877   3210 AD 01 51    				lda			IN0
3878   3213 29 01       				and			#$01										; 1P start 
3879   3215 D0 10       				bne			DECTA										; Not pressed
3880   3217             
3881   3217             DOP1:
3882   3217 2C 00 51    				bit			DSW											; DIPs 
3883   321A 10 07       				bpl			P1DEC0									; Free play
3884   321C             				 
3885   321C A5 A1       				lda			CREDIT
3886   321E F0 07       				beq			DECTA										; No credits
3887   3220             				
3888   3220             P1DEC1: 
3889   3220 20 D9 18    				jsr			L193a										; Decrement credits
3890   3223             
3891   3223             P1DEC0:
3892   3223 A9 01       				lda			#$01										; 1P
3893   3225             
3894   3225             SETSTART:
3895   3225 85 02       				sta			START
3896   3227             
3897   3227             
3898   3227             				;; Decrement TIMERA down to zero
3899   3227             				;; Added to eliminate delay code
3900   3227             DECTA:
3901   3227 A5 12       				lda			TIMERA
3902   3229 F0 02       				beq			IRQEND
3903   322B             
3904   322B C6 12       				dec			TIMERA
3905   322D             
3906   322D             IRQEND:
3907   322D             L31e4:
3908   322D 68          				pla
3909   322E A8          				tay
3910   322F 68          				pla
3911   3230 AA          				tax
3912   3231 68          				pla
3913   3232 28          				plp
3914   3233 40          				rti
3915   3234             
3916   3234             
3917   3234             				;; Coin pressed
3918   3234             L31ee:
3919   3234             				;; Coin debounce?
3920   3234 A5 A2       				lda			COINCNT
3921   3236 C9 06       				cmp			#$06
3922   3238 90 F3       				bcc			L31e4										; Exit NMI if $a2 <= 6
3923   323A             				
3924   323A 20 57 32    				jsr			IRQCOIN									; Validate coin 
3925   323D B0 EE       				bcs			IRQEND									; No valid coin
3926   323F             
3927   323F~            .if 0
3928   323F~            				;; Push y, $10-11, $14-15
3929   323F~            				;; Apparently unneeded
3930   323F~            				tya
3931   323F~            				pha
3932   323F~            				lda			STRLOC
3933   323F~            				pha
3934   323F~            				lda			STRLOC+1
3935   323F~            				pha
3936   323F~            				lda			SCRLOC
3937   323F~            				pha
3938   323F~            				lda			SCRLOC+1
3939   323F~            				pha
3940   323F             .endif
3941   323F             
3942   323F A9 00       				lda			#$00
3943   3241 85 A2       				sta			COINCNT
3944   3243             			
3945   3243             				;; Handle quarters only
3946   3243             L3252:
3947   3243             ;				bit			$0301										; ?? 
3948   3243             ;				bmi			L3268										; Skip to end
3949   3243 AD 01 03    				lda			$0301										; Valid coins
3950   3246 F0 0C       				beq			L3268										; Skip to end
3951   3248             
3952   3248 20 C2 32    				jsr			L32ee										; Add coin 
3953   324B             				
3954   324B 24 A7       				bit			STATUS
3955   324D 30 05       				bmi			L3268										; (In game)
3956   324F             
3957   324F A0 12       				ldy			#$12
3958   3251 20 AC 1A    				jsr			L1b13										; Play song? 
3959   3254             
3960   3254             				;; End of coin routine
3961   3254             L3268:
3962   3254             				
3963   3254~            .if 0
3964   3254~            				;; Apparently unneeded
3965   3254~            				pla
3966   3254~            				sta			SCRLOC+1
3967   3254~            				pla
3968   3254~            				sta			SCRLOC
3969   3254~            				pla
3970   3254~            				sta			STRLOC+1
3971   3254~            				pla
3972   3254~            				sta			STRLOC
3973   3254~            				pla
3974   3254~            				tay
3975   3254             .endif
3976   3254 4C 2D 32    				jmp			IRQEND									; End of ISR
3977   3257             
3978   3257             
3979   3257             
3980   3257             				;; IRQ Coin handler
3981   3257             IRQCOIN:
3982   3257             L3279:
3983   3257 A9 05       				lda			#$05										; 5 tries to catch coin
3984   3259 8D 00 03    				sta			$0300										; Loop counter
3985   325C 2C 01 51    				bit			IN0											; Control inputs
3986   325F 10 15       				bpl			L3298										; Coin 1
3987   3261 EA          				nop
3988   3262             
3989   3262 AD 00 51    				lda			DSW											; DIPs
3990   3265 29 01       				and			#$01										; Mask Coin 2
3991   3267 D0 35       				bne			L32c0										; Coin 2
3992   3269 EA          				nop
3993   326A             
3994   326A CE 00 03    				dec			$0300
3995   326D D0 E8       				bne			IRQCOIN									; Loop
3996   326F             
3997   326F A9 00       				lda			#$00										; No coin, clear D7
3998   3271 8D 01 03    				sta			$0301
3999   3274 38          				sec															; Invalid coin
4000   3275 60          				rts
4001   3276             
4002   3276             				;; Validate Coin 1
4003   3276             L3298:
4004   3276 A9 FF       				lda			#$ff										; Loop counter
4005   3278 8D 00 03    				sta			$0300
4006   327B             L329d:
4007   327B 2C 01 51    				bit			IN0											; Control inputs
4008   327E 30 D7       				bmi			IRQCOIN									; No Coin 1
4009   3280 CE 00 03    				dec			$0300
4010   3283 D0 F6       				bne			L329d										; Loop
4011   3285             
4012   3285             L32a7:
4013   3285 2C 01 51    				bit			IN0											; Control inputs
4014   3288 10 FB       				bpl			L32a7										; Coin 1
4015   328A             				
4016   328A CE 00 03    				dec			$0300										; Loop counter (#ff)
4017   328D             L32af:
4018   328D 2C 01 51    				bit			IN0											; Control inputs
4019   3290 10 F3       				bpl			L32a7										; Coin 1 pressed
4020   3292             				
4021   3292 CE 00 03    				dec			$0300
4022   3295 D0 F6       				bne			L32af										; Loop
4023   3297             
4024   3297 A9 40       				lda			#$40										; Coin 1 = Set D6
4025   3299 8D 01 03    				sta			$0301
4026   329C 18          				clc															; Valid Coin 1
4027   329D 60          				rts
4028   329E             
4029   329E             
4030   329E             				;; Validate Coin 2
4031   329E             L32c0:
4032   329E A9 FF       				lda			#$ff										; Loop counter
4033   32A0 8D 00 03    				sta			$0300
4034   32A3             L32c5:
4035   32A3 AD 00 51    				lda			DSW											; DIPs
4036   32A6 29 01       				and			#$01
4037   32A8 F0 AD       				beq			IRQCOIN									; No coin 2
4038   32AA             
4039   32AA CE 00 03    				dec			$0300
4040   32AD D0 F4       				bne			L32c5										; Loop
4041   32AF             				
4042   32AF             L32d1:
4043   32AF AD 00 51    				lda			DSW											; DIPs
4044   32B2 29 01       				and			#$01										; Coin 2 
4045   32B4 D0 F9       				bne			L32d1										; Coin 2 pressed
4046   32B6             
4047   32B6 CE 00 03    				dec			$0300
4048   32B9 D0 F4       				bne			L32d1										; Loop
4049   32BB             				
4050   32BB A9 80       				lda			#$80										; Coin 2 = Set D7
4051   32BD 8D 01 03    				sta			$0301
4052   32C0 18          				clc															; Valid Coin 2
4053   32C1 60          				rts
4054   32C2             
4055   32C2             
4056   32C2             L32ee:
4057   32C2 AD 00 51    				lda			DSW											; DIPs
4058   32C5 29 18       				and			#$18										; Mask coinage
4059   32C7             				
4060   32C7 C9 10       				cmp			#$10
4061   32C9 D0 09       				bne			L3302										; Not 2C_1C
4062   32CB             
4063   32CB E6 A0       				inc			HCOIN										; Half coins
4064   32CD A5 A0       				lda			HCOIN
4065   32CF C9 02       				cmp			#$02
4066   32D1 B0 01       				bcs			L3302										; <2
4067   32D3             
4068   32D3             ;				clc															; Carry already clear 
4069   32D3 60          				rts
4070   32D4             
4071   32D4             				;; Add credit
4072   32D4             L3302:
4073   32D4             L2bd7:
4074   32D4 A5 A1       				lda			CREDIT									; Credits
4075   32D6 C9 99       				cmp			#$99
4076   32D8 F0 0C       				beq			CRED99
4077   32DA             
4078   32DA             				;; Increment credits BCD
4079   32DA             L2bdf:
4080   32DA F8          				sed
4081   32DB 18          				clc
4082   32DC 69 01       				adc			#$01
4083   32DE 85 A1       				sta			CREDIT
4084   32E0 D8          				cld
4085   32E1 A9 00       				lda			#$00
4086   32E3 85 A0       				sta			HCOIN										; Clear half coins
4087   32E5             						
4088   32E5 38          				sec
4089   32E6             CRED99:	
4090   32E6 60          				rts
4091   32E7             
4092   32E7             
4093   32E7             				;; Copy Arrow struct to ($0b-12)
4094   32E7             L3307:
4095   32E7             ;				ldx			#$07										; Should be 6?
4096   32E7 A2 06       				ldx			#$06
4097   32E9             L3309:
4098   32E9 B5 96       				lda			$96, x
4099   32EB 95 0B       				sta			$0b, x
4100   32ED CA          				dex
4101   32EE 10 F9       				bpl			L3309										; Loop
4102   32F0             
4103   32F0 C6 0F       				dec			$0f
4104   32F2 10 17       				bpl			L332b
4105   32F4 EA          				nop
4106   32F5             
4107   32F5 A5 B0       				lda			$b0
4108   32F7 C9 08       				cmp			#$08
4109   32F9 90 06       				bcc			L3321
4110   32FB EA          				nop
4111   32FC             
4112   32FC A9 02       				lda			#$02
4113   32FE 4C 08 33    				jmp			L3328
4114   3301             
4115   3301             L3321:
4116   3301 49 FF       				eor			#$ff
4117   3303 29 07       				and			#$07
4118   3305 18          				clc
4119   3306 69 02       				adc			#$02
4120   3308             L3328:
4121   3308 20 2D 28    				jsr			L2d07
4122   330B             
4123   330B              
4124   330B             				;; Copy ($0b-12) back
4125   330B             L332b:
4126   330B             ;				ldx			#$07										; Should be 6
4127   330B A2 06       				ldx			#$06
4128   330D             L332d:
4129   330D B5 0B       				lda			$0b, x
4130   330F 95 96       				sta			$96, x
4131   3311 CA          				dex
4132   3312 10 F9       				bpl			L332d										; Loop
4133   3314             
4134   3314 24 A7       				bit			STATUS
4135   3316 10 31       				bpl			L3369
4136   3318 EA          				nop
4137   3319             
4138   3319 24 0C       				bit			$0c
4139   331B 30 2C       				bmi			L3369
4140   331D EA          				nop
4141   331E             
4142   331E 24 0D       				bit			$0d
4143   3320 30 27       				bmi			L3369
4144   3322 EA          				nop
4145   3323             
4146   3323 A5 97       				lda			$97
4147   3325 29 40       				and			#$40
4148   3327 D0 02       				bne			L334b
4149   3329 EA          				nop
4150   332A             
4151   332A 60          				rts
4152   332B             
4153   332B             L334b:
4154   332B A9 EF       				lda			#$ef
4155   332D 20 B0 20    				jsr			L23ca
4156   3330 EE 0F 03    				inc			$030f
4157   3333 AD 0F 03    				lda			$030f
4158   3336 29 40       				and			#$40
4159   3338 D0 1B       				bne			L3375
4160   333A EA          				nop
4161   333B             
4162   333B A5 A3       				lda			VAUD1
4163   333D 29 08       				and			#$08
4164   333F F0 02       				beq			L3363
4165   3341 EA          				nop
4166   3342             
4167   3342 60          				rts
4168   3343             
4169   3343             L3363:
4170   3343 A9 08       				lda			#$08
4171   3345 20 AC 20    				jsr			L23cf										; Set AUDIO1 bits 
4172   3348 60          				rts
4173   3349             
4174   3349             L3369:
4175   3349 A5 A3       				lda			VAUD1
4176   334B 29 F0       				and			#$f0
4177   334D 09 10       				ora			#$10
4178   334F 85 A3       				sta			VAUD1
4179   3351 8D 00 52    				sta			AUDIO1
4180   3354 60          				rts
4181   3355             
4182   3355             L3375:
4183   3355 A5 A3       				lda			VAUD1
4184   3357 29 08       				and			#$08
4185   3359 D0 02       				bne			L337d
4186   335B EA          				nop
4187   335C             
4188   335C 60          				rts
4189   335D             
4190   335D             L337d:
4191   335D A9 F7       				lda			#$f7
4192   335F 20 B0 20    				jsr			L23ca
4193   3362 60          				rts
4194   3363             
4195   3363             
4196   3363             				;; Attract mode text
4197   3363             ATTRACT:
4198   3363 A5 02       				lda			START
4199   3365 F0 01       				beq			L3383										; No valid start 
4200   3367             
4201   3367 60          				rts
4202   3368             				
4203   3368             L3383:
4204   3368 A9 EE       				lda			#$ee
4205   336A 8D 00 51    				sta			MOBLAT									; Sprite latch
4206   336D 85 1A       				sta			SPRVAL
4207   336F 20 05 21    				jsr			L246d										; Update MOBLAT (redundant)
4208   3372 A9 10       				lda			#$10
4209   3374 85 A3       				sta			VAUD1
4210   3376 8D 00 52    				sta			AUDIO1
4211   3379 A9 00       				lda			#$00
4212   337B 85 A7       				sta			STATUS									; Clear status
4213   337D             
4214   337D 20 40 20    				jsr			L2340										; Clear screen
4215   3380             
4216   3380             				;; Draw coinage
4217   3380             L18ba:
4218   3380 2C 00 51    				bit			DSW											; DIPs
4219   3383 30 07       				bmi			COINQ										; (Quarters) 
4220   3385             
4221   3385             				;; Free play
4222   3385 A9 17       				lda			#$17										; FREE PLAY
4223   3387 20 E8 1F    				jsr			DRAWSTRA
4224   338A F0 1A       				beq			COINEND									; (Always)
4225   338C             
4226   338C             COINQ:
4227   338C             L18c6:
4228   338C             L2b7c:
4229   338C AD 00 51    				lda			DSW											; DIPs
4230   338F 29 18       				and			#$18										; Mask coinage
4231   3391 F0 13       				beq			COINEND									; Non-display 1C_1P setting
4232   3393             
4233   3393             L2b8d:
4234   3393 18          				clc
4235   3394 4A          				lsr			a												; {$08,$10,$18} -> ($04,$08,$0c)
4236   3395 4A          				lsr			a												; {$08,$10,$18} -> ($02,$04,$06)
4237   3396 69 0B       				adc			#$0b										; {$08,$10,$18} -> {$0d,$0f,$11}
4238   3398 48          				pha															; Stash value
4239   3399 29 FE       				and			#$fe										; Clear LSB 
4240   339B 20 E8 1F    				jsr			DRAWSTRA								; Draw string
4241   339E             
4242   339E 68          				pla															; Restore
4243   339F C9 11       				cmp			#$11										; (clears carry) 
4244   33A1 F0 03       				beq			COINEND									; Only line for 1C_2P 
4245   33A3             				
4246   33A3 20 E8 1F    				jsr			DRAWSTRA								; Draw string
4247   33A6             
4248   33A6             COINEND:
4249   33A6             L18c9:
4250   33A6 20 BA 18    				jsr			L18e2										; Draw HI SCR 
4251   33A9             
4252   33A9             L18f9:
4253   33A9 A5 A7       				lda			STATUS
4254   33AB 09 10       				ora			#$10										; Set bit 5 -- why?
4255   33AD 85 A7       				sta			STATUS
4256   33AF             
4257   33AF A9 08       				lda			#$08										; TARG 
4258   33B1 20 E8 1F    				jsr			DRAWSTRA								; Draw string (and return)
4259   33B4             				
4260   33B4 A9 15       				lda			#$15										; COPYRIGHT 
4261   33B6 20 E8 1F    				jsr			DRAWSTRA								; Draw string (ann return)
4262   33B9             				
4263   33B9 A9 0B       				lda			#$0b										; 10 POINTS 
4264   33BB 20 E8 1F    				jsr			DRAWSTRA								; Draw string (and return)
4265   33BE             
4266   33BE A9 00       				lda			#$00										; "TOP HIGH SCORE..."
4267   33C0 20 E8 1F    				jsr			DRAWSTRA								; Draw string
4268   33C3             
4269   33C3 20 8E 26    				jsr			L2a3b										; Draw player scores
4270   33C6             				
4271   33C6 A9 13       				lda			#$13										; 20 x 1/2 second total
4272   33C8 85 07       				sta			DELH										; Outer Loop counter
4273   33CA             
4274   33CA             L33a2:
4275   33CA 20 11 27    				jsr			L2b4f										; Draw DEPOSIT_COIN
4276   33CD 20 36 27    				jsr			L2bea										; Draw CREDITS_##
4277   33D0             
4278   33D0 A9 1E       				lda			#$1e										; 1/2 second
4279   33D2 85 12       				sta			TIMERA									; IRQ frame count down
4280   33D4             				 
4281   33D4             L33ab:
4282   33D4 A5 02       				lda			START										; Credits
4283   33D6 D0 09       				bne			ATTEND									; Credits -- check starts
4284   33D8 EA          				nop
4285   33D9             
4286   33D9             				;; No valid start
4287   33D9 A5 12       				lda			TIMERA									; IRQ frame count down
4288   33DB D0 F7       				bne			L33ab 									; Inner loop
4289   33DD             
4290   33DD C6 07       				dec			DELH
4291   33DF D0 E9       				bne			L33a2										; Outer Loop
4292   33E1             
4293   33E1             ATTEND:
4294   33E1 60          				rts
4295   33E2             
4296   33E2             
4297   33E2             				;; Fake gameplay loop
4298   33E2             FAKEGAME:
4299   33E2 A5 02       				lda			START
4300   33E4 F0 01       				beq			L33b8										; No valid start 
4301   33E6             
4302   33E6 60          				rts
4303   33E7             				
4304   33E7             L33b8:
4305   33E7             ;				jsr			L1e32										; Set up fake gameplay 
4306   33E7             L1e32:
4307   33E7 A9 01       				lda			#$01
4308   33E9 85 29       				sta			$29
4309   33EB 85 28       				sta			$28
4310   33ED A9 0B       				lda			#$0b
4311   33EF 85 2F       				sta			$2f
4312   33F1 A9 0A       				lda			#$0a
4313   33F3 85 B1       				sta			ARROWS
4314   33F5 20 1A 19    				jsr			L197b										; ?? 
4315   33F8 20 8E 26    				jsr			L2a3b										; Draw player scores
4316   33FB 20 BA 18    				jsr			L18e2										; Draw HI SCR 
4317   33FE A9 02       				lda			#$02
4318   3400 85 20       				sta			$20
4319   3402 85 21       				sta			$21
4320   3404 A9 00       				lda			#$00
4321   3406 85 A7       				sta			STATUS									; Clear status 
4322   3408             
4323   3408 A9 0D       				lda			#$0d 
4324   340A 85 07       				sta			DELH										; Outer loop timer 
4325   340C             
4326   340C             L33bf:
4327   340C 20 C4 27    				jsr			L2c99
4328   340F 20 E7 32    				jsr			L3307
4329   3412 20 6A 34    				jsr			L346e										; Inputs for fake gameplay 
4330   3415 20 9A 1D    				jsr			L2088
4331   3418 20 C0 1D    				jsr			L20ae
4332   341B 20 51 1A    				jsr			L1ab8
4333   341E 20 41 1D    				jsr			L202f
4334   3421 20 9C 29    				jsr			L2e76
4335   3424 20 37 29    				jsr			L2e11
4336   3427             
4337   3427 A5 02       				lda			START
4338   3429 D0 0E       				bne			FGEND										; Leave on credits 
4339   342B             
4340   342B A5 30       				lda			$30
4341   342D 29 02       				and			#$02										; Check D1 
4342   342F D0 08       				bne			FGEND										; Leave on crash 
4343   3431             				
4344   3431 C6 3F       				dec			$3f											; Inner loop counter 
4345   3433 D0 D7       				bne			L33bf										; Loop
4346   3435             
4347   3435 C6 07       				dec			DELH										; Outer loop counter 
4348   3437 D0 D3       				bne			L33bf										; Loop
4349   3439             
4350   3439             				;; Fake gameplay timeout
4351   3439             FGEND:
4352   3439 60          				rts
4353   343A             
4354   343A             
4355   343A             				;; Configure start game
4356   343A             CFGGAME:
4357   343A             L343e:
4358   343A A5 02       				lda			START
4359   343C 85 C0       				sta			NUMP										; # Players
4360   343E             				
4361   343E 20 D9 18    				jsr			L193a										; Decrement credits
4362   3441             
4363   3441 A9 0B       				lda			#$0b
4364   3443 85 2F       				sta			$2f
4365   3445 A9 0A       				lda			#$0a
4366   3447 85 B1       				sta			ARROWS
4367   3449 A9 03       				lda			#$03
4368   344B 85 28       				sta			$28
4369   344D 20 40 20    				jsr			L2340										; Clear screen
4370   3450 A9 01       				lda			#$01
4371   3452 85 BF       				sta			$bf
4372   3454 A9 80       				lda			#$80										; D7 = game mode
4373   3456 85 A7       				sta			STATUS									; Status
4374   3458 A0 16       				ldy			#$16
4375   345A A5 C0       				lda			NUMP
4376   345C C9 02       				cmp			#$02
4377   345E F0 03       				beq			L3465
4378   3460 EA          				nop
4379   3461             
4380   3461 A0 12       				ldy			#$12
4381   3463             L3465:
4382   3463 20 AC 1A    				jsr			L1b13
4383   3466 20 CB 20    				jsr			L2421
4384   3469 60          				rts
4385   346A             
4386   346A             
4387   346A             				;; Inputs for fake gameplay
4388   346A             L346e:
4389   346A A5 3F       				lda			$3f											; ??
4390   346C 29 1F       				and			#$1f										; Mask low 5 bits 
4391   346E C9 0F       				cmp			#$0f
4392   3470 D0 0B       				bne			L3481
4393   3472 EA          				nop
4394   3473             
4395   3473 20 86 20    				jsr			L23a4										; Kick PRNG
4396   3476 85 00       				sta			$00											; Store PRNG
4397   3478 29 49       				and			#$49										; 0100_1001
4398   347A D0 06       				bne			L3486
4399   347C EA          				nop
4400   347D             
4401   347D             L3481:
4402   347D A9 00       				lda			#$00										; Clear inputs
4403   347F 85 34       				sta			CURIN0
4404   3481 60          				rts
4405   3482             
4406   3482             L3486:
4407   3482 A5 00       				lda			$00
4408   3484 29 03       				and			#$03										; Mask low bits
4409   3486 AA          				tax
4410   3487 BD FA 1C    				lda			L1fe8, x								; Get fake move
4411   348A 85 34       				sta			CURIN0									; Store 
4412   348C             
4413   348C             				;; Fake fire?
4414   348C A5 00       				lda			$00
4415   348E 29 10       				and			#$10
4416   3490 05 34       				ora			CURIN0									; May set bit 4
4417   3492 85 34       				sta			CURIN0									; 04 08 20 40 / 14 1
4418   3494 29 EF       				and			#$ef										; D0 never set anyway?
4419   3496 85 35       				sta			OLDIN0									; Store
4420   3498 60          				rts
4421   3499             
4422   3499             
4423   3800             				.org		$3800
4424   3800             				.include "targ_char.asm"
0001+  3800             
0002+  3800             ;;			.org		$3800
0003+  3800             L3800:
0004+  3800 00          				.db			$00											; ................ $00
0005+  3801 00          				.db			$00											; ................ 
0006+  3802 00          				.db			$00											; ................ 
0007+  3803 00          				.db			$00											; ................ 
0008+  3804 00          				.db			$00											; ................ 
0009+  3805 00          				.db			$00											; ................ 
0010+  3806 00          				.db			$00											; ................ 
0011+  3807 00          				.db			$00											; ................ 
0012+  3808             
0013+  3808             L3808:
0014+  3808 18          				.db			$18											; ......####...... $01
0015+  3809 18          				.db			$18											; ......####...... 
0016+  380A 3C          				.db			$3c											; ....########.... 
0017+  380B 3C          				.db			$3c											; ....########.... 
0018+  380C 7E          				.db			$7e											; ..############.. 
0019+  380D 7E          				.db			$7e											; ..############.. 
0020+  380E E7          				.db			$e7											; ######....###### 
0021+  380F C3          				.db			$c3											; ####........#### 
0022+  3810             
0023+  3810             L3810:
0024+  3810 00          				.db			$00											; ................ $02
0025+  3811 00          				.db			$00											; ................ 
0026+  3812 00          				.db			$00											; ................ 
0027+  3813 00          				.db			$00											; ................ 
0028+  3814 00          				.db			$00											; ................ 
0029+  3815 00          				.db			$00											; ................ 
0030+  3816 18          				.db			$18											; ......####...... 
0031+  3817 18          				.db			$18											; ......####...... 
0032+  3818             
0033+  3818             L3818:
0034+  3818 3C          				.db			$3c											; ....########.... $03
0035+  3819 3C          				.db			$3c											; ....########.... 
0036+  381A 7E          				.db			$7e											; ..############.. 
0037+  381B 7E          				.db			$7e											; ..############.. 
0038+  381C E7          				.db			$e7											; ######....###### 
0039+  381D C3          				.db			$c3											; ####........#### 
0040+  381E 00          				.db			$00											; ................ 
0041+  381F 00          				.db			$00											; ................ 
0042+  3820             
0043+  3820             L3820:
0044+  3820 00          				.db			$00											; ................ $04
0045+  3821 00          				.db			$00											; ................ 
0046+  3822 00          				.db			$00											; ................ 
0047+  3823 00          				.db			$00											; ................ 
0048+  3824 18          				.db			$18											; ......####...... 
0049+  3825 18          				.db			$18											; ......####...... 
0050+  3826 3C          				.db			$3c											; ....########.... 
0051+  3827 3C          				.db			$3c											; ....########.... 
0052+  3828             
0053+  3828             L3828:
0054+  3828 7E          				.db			$7e											; ..############.. $05
0055+  3829 7E          				.db			$7e											; ..############.. 
0056+  382A E7          				.db			$e7											; ######....###### 
0057+  382B C3          				.db			$c3											; ####........#### 
0058+  382C 00          				.db			$00											; ................ 
0059+  382D 00          				.db			$00											; ................ 
0060+  382E 00          				.db			$00											; ................ 
0061+  382F 00          				.db			$00											; ................ 
0062+  3830             
0063+  3830             L3830:
0064+  3830 00          				.db			$00											; ................ $06
0065+  3831 00          				.db			$00											; ................ 
0066+  3832 18          				.db			$18											; ......####...... 
0067+  3833 18          				.db			$18											; ......####...... 
0068+  3834 3C          				.db			$3c											; ....########.... 
0069+  3835 3C          				.db			$3c											; ....########.... 
0070+  3836 7E          				.db			$7e											; ..############.. 
0071+  3837 7E          				.db			$7e											; ..############.. 
0072+  3838             
0073+  3838             L3838:
0074+  3838 E7          				.db			$e7											; ######....###### $07
0075+  3839 C3          				.db			$c3											; ####........#### 
0076+  383A 00          				.db			$00											; ................ 
0077+  383B 00          				.db			$00											; ................ 
0078+  383C 00          				.db			$00											; ................ 
0079+  383D 00          				.db			$00											; ................ 
0080+  383E 00          				.db			$00											; ................ 
0081+  383F 00          				.db			$00											; ................ 
0082+  3840             
0083+  3840             L3840:
0084+  3840 C3          				.db			$c3											; ####........#### $08
0085+  3841 E7          				.db			$e7											; ######....###### 
0086+  3842 7E          				.db			$7e											; ..############.. 
0087+  3843 7E          				.db			$7e											; ..############.. 
0088+  3844 3C          				.db			$3c											; ....########.... 
0089+  3845 3C          				.db			$3c											; ....########.... 
0090+  3846 18          				.db			$18											; ......####...... 
0091+  3847 18          				.db			$18											; ......####...... 
0092+  3848             
0093+  3848             L3848:
0094+  3848 00          				.db			$00											; ................ $09
0095+  3849 00          				.db			$00											; ................ 
0096+  384A 00          				.db			$00											; ................ 
0097+  384B 00          				.db			$00											; ................ 
0098+  384C 00          				.db			$00											; ................ 
0099+  384D 00          				.db			$00											; ................ 
0100+  384E 00          				.db			$00											; ................ 
0101+  384F 00          				.db			$00											; ................ 
0102+  3850             
0103+  3850             L3850:
0104+  3850 00          				.db			$00											; ................ $0a
0105+  3851 00          				.db			$00											; ................ 
0106+  3852 C3          				.db			$c3											; ####........#### 
0107+  3853 E7          				.db			$e7											; ######....###### 
0108+  3854 7E          				.db			$7e											; ..############.. 
0109+  3855 7E          				.db			$7e											; ..############.. 
0110+  3856 3C          				.db			$3c											; ....########.... 
0111+  3857 3C          				.db			$3c											; ....########.... 
0112+  3858             
0113+  3858             L3858:
0114+  3858 18          				.db			$18											; ......####...... $0b
0115+  3859 18          				.db			$18											; ......####...... 
0116+  385A 00          				.db			$00											; ................ 
0117+  385B 00          				.db			$00											; ................ 
0118+  385C 00          				.db			$00											; ................ 
0119+  385D 00          				.db			$00											; ................ 
0120+  385E 00          				.db			$00											; ................ 
0121+  385F 00          				.db			$00											; ................ 
0122+  3860             
0123+  3860             L3860:
0124+  3860 00          				.db			$00											; ................ $0c
0125+  3861 00          				.db			$00											; ................ 
0126+  3862 00          				.db			$00											; ................ 
0127+  3863 00          				.db			$00											; ................ 
0128+  3864 C3          				.db			$c3											; ####........#### 
0129+  3865 E7          				.db			$e7											; ######....###### 
0130+  3866 7E          				.db			$7e											; ..############.. 
0131+  3867 7E          				.db			$7e											; ..############.. 
0132+  3868             
0133+  3868             L3868:
0134+  3868 3C          				.db			$3c											; ....########.... $0d
0135+  3869 3C          				.db			$3c											; ....########.... 
0136+  386A 18          				.db			$18											; ......####...... 
0137+  386B 18          				.db			$18											; ......####...... 
0138+  386C 00          				.db			$00											; ................ 
0139+  386D 00          				.db			$00											; ................ 
0140+  386E 00          				.db			$00											; ................ 
0141+  386F 00          				.db			$00											; ................ 
0142+  3870             
0143+  3870             L3870:
0144+  3870 00          				.db			$00											; ................ $0e
0145+  3871 00          				.db			$00											; ................ 
0146+  3872 00          				.db			$00											; ................ 
0147+  3873 00          				.db			$00											; ................ 
0148+  3874 00          				.db			$00											; ................ 
0149+  3875 00          				.db			$00											; ................ 
0150+  3876 C3          				.db			$c3											; ####........#### 
0151+  3877 E7          				.db			$e7											; ######....###### 
0152+  3878             
0153+  3878             L3878:
0154+  3878 7E          				.db			$7e											; ..############.. $0f
0155+  3879 7E          				.db			$7e											; ..############.. 
0156+  387A 3C          				.db			$3c											; ....########.... 
0157+  387B 3C          				.db			$3c											; ....########.... 
0158+  387C 18          				.db			$18											; ......####...... 
0159+  387D 18          				.db			$18											; ......####...... 
0160+  387E 00          				.db			$00											; ................ 
0161+  387F 00          				.db			$00											; ................ 
0162+  3880             
0163+  3880             L3880:
0164+  3880 C0          				.db			$c0											; ####............ $10
0165+  3881 F0          				.db			$f0											; ########........ 
0166+  3882 7C          				.db			$7c											; ..##########.... 
0167+  3883 3F          				.db			$3f											; ....############ 
0168+  3884 3F          				.db			$3f											; ....############ 
0169+  3885 7C          				.db			$7c											; ..##########.... 
0170+  3886 F0          				.db			$f0											; ########........ 
0171+  3887 C0          				.db			$c0											; ####............ 
0172+  3888             
0173+  3888             L3888:
0174+  3888 00          				.db			$00											; ................ $11
0175+  3889 00          				.db			$00											; ................ 
0176+  388A 00          				.db			$00											; ................ 
0177+  388B 00          				.db			$00											; ................ 
0178+  388C 00          				.db			$00											; ................ 
0179+  388D 00          				.db			$00											; ................ 
0180+  388E 00          				.db			$00											; ................ 
0181+  388F 00          				.db			$00											; ................ 
0182+  3890             
0183+  3890             L3890:
0184+  3890 30          				.db			$30											; ....####........ $12
0185+  3891 3C          				.db			$3c											; ....########.... 
0186+  3892 1F          				.db			$1f											; ......########## 
0187+  3893 0F          				.db			$0f											; ........######## 
0188+  3894 0F          				.db			$0f											; ........######## 
0189+  3895 1F          				.db			$1f											; ......########## 
0190+  3896 3C          				.db			$3c											; ....########.... 
0191+  3897 30          				.db			$30											; ....####........ 
0192+  3898             
0193+  3898             L3898:
0194+  3898 00          				.db			$00											; ................ $13
0195+  3899 00          				.db			$00											; ................ 
0196+  389A 00          				.db			$00											; ................ 
0197+  389B C0          				.db			$c0											; ####............ 
0198+  389C C0          				.db			$c0											; ####............ 
0199+  389D 00          				.db			$00											; ................ 
0200+  389E 00          				.db			$00											; ................ 
0201+  389F 00          				.db			$00											; ................ 
0202+  38A0             
0203+  38A0             L38a0:
0204+  38A0 0C          				.db			$0c											; ........####.... $14
0205+  38A1 0F          				.db			$0f											; ........######## 
0206+  38A2 07          				.db			$07											; ..........###### 
0207+  38A3 03          				.db			$03											; ............#### 
0208+  38A4 03          				.db			$03											; ............#### 
0209+  38A5 07          				.db			$07											; ..........###### 
0210+  38A6 0F          				.db			$0f											; ........######## 
0211+  38A7 0C          				.db			$0c											; ........####.... 
0212+  38A8             
0213+  38A8             L38a8:
0214+  38A8 00          				.db			$00											; ................ $15
0215+  38A9 00          				.db			$00											; ................ 
0216+  38AA C0          				.db			$c0											; ####............ 
0217+  38AB F0          				.db			$f0											; ########........ 
0218+  38AC F0          				.db			$f0											; ########........ 
0219+  38AD C0          				.db			$c0											; ####............ 
0220+  38AE 00          				.db			$00											; ................ 
0221+  38AF 00          				.db			$00											; ................ 
0222+  38B0             
0223+  38B0             L38b0:
0224+  38B0 03          				.db			$03											; ............#### $16
0225+  38B1 03          				.db			$03											; ............#### 
0226+  38B2 01          				.db			$01											; ..............## 
0227+  38B3 00          				.db			$00											; ................ 
0228+  38B4 00          				.db			$00											; ................ 
0229+  38B5 01          				.db			$01											; ..............## 
0230+  38B6 03          				.db			$03											; ............#### 
0231+  38B7 03          				.db			$03											; ............#### 
0232+  38B8             
0233+  38B8             L38b8:
0234+  38B8 00          				.db			$00											; ................ $17
0235+  38B9 C0          				.db			$c0											; ####............ 
0236+  38BA F0          				.db			$f0											; ########........ 
0237+  38BB FC          				.db			$fc											; ############.... 
0238+  38BC FC          				.db			$fc											; ############.... 
0239+  38BD F0          				.db			$f0											; ########........ 
0240+  38BE C0          				.db			$c0											; ####............ 
0241+  38BF 00          				.db			$00											; ................ 
0242+  38C0             
0243+  38C0             L38c0:
0244+  38C0 00          				.db			$00											; ................ $18
0245+  38C1 00          				.db			$00											; ................ 
0246+  38C2 00          				.db			$00											; ................ 
0247+  38C3 00          				.db			$00											; ................ 
0248+  38C4 00          				.db			$00											; ................ 
0249+  38C5 00          				.db			$00											; ................ 
0250+  38C6 00          				.db			$00											; ................ 
0251+  38C7 00          				.db			$00											; ................ 
0252+  38C8             
0253+  38C8             L38c8:
0254+  38C8 03          				.db			$03											; ............#### $19
0255+  38C9 0F          				.db			$0f											; ........######## 
0256+  38CA 3E          				.db			$3e											; ....##########.. 
0257+  38CB FC          				.db			$fc											; ############.... 
0258+  38CC FC          				.db			$fc											; ############.... 
0259+  38CD 3E          				.db			$3e											; ....##########.. 
0260+  38CE 0F          				.db			$0f											; ........######## 
0261+  38CF 03          				.db			$03											; ............#### 
0262+  38D0             
0263+  38D0             L38d0:
0264+  38D0 00          				.db			$00											; ................ $1a
0265+  38D1 00          				.db			$00											; ................ 
0266+  38D2 00          				.db			$00											; ................ 
0267+  38D3 03          				.db			$03											; ............#### 
0268+  38D4 03          				.db			$03											; ............#### 
0269+  38D5 00          				.db			$00											; ................ 
0270+  38D6 00          				.db			$00											; ................ 
0271+  38D7 00          				.db			$00											; ................ 
0272+  38D8             
0273+  38D8             L38d8:
0274+  38D8 0C          				.db			$0c											; ........####.... $1b
0275+  38D9 3C          				.db			$3c											; ....########.... 
0276+  38DA F8          				.db			$f8											; ##########...... 
0277+  38DB F0          				.db			$f0											; ########........ 
0278+  38DC F0          				.db			$f0											; ########........ 
0279+  38DD F8          				.db			$f8											; ##########...... 
0280+  38DE 3C          				.db			$3c											; ....########.... 
0281+  38DF 0C          				.db			$0c											; ........####.... 
0282+  38E0             
0283+  38E0             L38e0:
0284+  38E0 00          				.db			$00											; ................ $!c
0285+  38E1 00          				.db			$00											; ................ 
0286+  38E2 03          				.db			$03											; ............#### 
0287+  38E3 0F          				.db			$0f											; ........######## 
0288+  38E4 0F          				.db			$0f											; ........######## 
0289+  38E5 03          				.db			$03											; ............#### 
0290+  38E6 00          				.db			$00											; ................ 
0291+  38E7 00          				.db			$00											; ................ 
0292+  38E8             
0293+  38E8             L38e8:
0294+  38E8 30          				.db			$30											; ....####........ $!d
0295+  38E9 F0          				.db			$f0											; ########........ 
0296+  38EA E0          				.db			$e0											; ######.......... 
0297+  38EB C0          				.db			$c0											; ####............ 
0298+  38EC C0          				.db			$c0											; ####............ 
0299+  38ED E0          				.db			$e0											; ######.......... 
0300+  38EE F0          				.db			$f0											; ########........ 
0301+  38EF 30          				.db			$30											; ....####........ 
0302+  38F0             
0303+  38F0             L38f0:
0304+  38F0 00          				.db			$00											; ................ $1e
0305+  38F1 03          				.db			$03											; ............#### 
0306+  38F2 0F          				.db			$0f											; ........######## 
0307+  38F3 3F          				.db			$3f											; ....############ 
0308+  38F4 3F          				.db			$3f											; ....############ 
0309+  38F5 0F          				.db			$0f											; ........######## 
0310+  38F6 03          				.db			$03											; ............#### 
0311+  38F7 00          				.db			$00											; ................ 
0312+  38F8             
0313+  38F8             L38f8:
0314+  38F8 C0          				.db			$c0											; ####............ $1f
0315+  38F9 C0          				.db			$c0											; ####............ 
0316+  38FA 80          				.db			$80											; ##.............. 
0317+  38FB 00          				.db			$00											; ................ 
0318+  38FC 00          				.db			$00											; ................ 
0319+  38FD 80          				.db			$80											; ##.............. 
0320+  38FE C0          				.db			$c0											; ####............ 
0321+  38FF C0          				.db			$c0											; ####............ 
0322+  3900             
0323+  3900             L3900:
0324+  3900 00          				.db			$00											; ................ $20
0325+  3901 00          				.db			$00											; ................ 
0326+  3902 00          				.db			$00											; ................ 
0327+  3903 00          				.db			$00											; ................ 
0328+  3904 00          				.db			$00											; ................ 
0329+  3905 00          				.db			$00											; ................ 
0330+  3906 00          				.db			$00											; ................ 
0331+  3907 00          				.db			$00											; ................ 
0332+  3908             
0333+  3908             L3908:
0334+  3908 14          				.db			$14											; ......##..##.... $21
0335+  3909 8A          				.db			$8a											; ##......##..##.. 
0336+  390A A1          				.db			$a1											; ##..##........## 
0337+  390B 29          				.db			$29											; ....##..##....## 
0338+  390C D3          				.db			$d3											; ####..##....#### 
0339+  390D 52          				.db			$52											; ..##..##....##.. 
0340+  390E 61          				.db			$61											; ..####........## 
0341+  390F 3A          				.db			$3a											; ....######..##.. 
0342+  3910             
0343+  3910             L3910:
0344+  3910 31          				.db			$31											; ....####......## $22
0345+  3911 55          				.db			$55											; ..##..##..##..## 
0346+  3912 61          				.db			$61											; ..####........## 
0347+  3913 A1          				.db			$a1											; ##..##........## 
0348+  3914 22          				.db			$22											; ....##......##.. 
0349+  3915 44          				.db			$44											; ..##......##.... 
0350+  3916 91          				.db			$91											; ##....##......## 
0351+  3917 CA          				.db			$ca											; ####....##..##.. 
0352+  3918             
0353+  3918             L3918:
0354+  3918 00          				.db			$00											; ................ $23
0355+  3919 00          				.db			$00											; ................ 
0356+  391A 00          				.db			$00											; ................ 
0357+  391B 00          				.db			$00											; ................ 
0358+  391C 00          				.db			$00											; ................ 
0359+  391D 00          				.db			$00											; ................ 
0360+  391E 00          				.db			$00											; ................ 
0361+  391F 00          				.db			$00											; ................ 
0362+  3920             
0363+  3920             L3920:
0364+  3920 00          				.db			$00											; ................ $24
0365+  3921 00          				.db			$00											; ................ 
0366+  3922 00          				.db			$00											; ................ 
0367+  3923 00          				.db			$00											; ................ 
0368+  3924 00          				.db			$00											; ................ 
0369+  3925 00          				.db			$00											; ................ 
0370+  3926 00          				.db			$00											; ................ 
0371+  3927 00          				.db			$00											; ................ 
0372+  3928             
0373+  3928             L3928:
0374+  3928 00          				.db			$00											; ................ $25
0375+  3929 00          				.db			$00											; ................ 
0376+  392A 00          				.db			$00											; ................ 
0377+  392B 00          				.db			$00											; ................ 
0378+  392C 00          				.db			$00											; ................ 
0379+  392D 00          				.db			$00											; ................ 
0380+  392E 00          				.db			$00											; ................ 
0381+  392F 00          				.db			$00											; ................ 
0382+  3930             
0383+  3930             L3930:
0384+  3930 00          				.db			$00											; ................ $26
0385+  3931 00          				.db			$00											; ................ 
0386+  3932 00          				.db			$00											; ................ 
0387+  3933 00          				.db			$00											; ................ 
0388+  3934 00          				.db			$00											; ................ 
0389+  3935 00          				.db			$00											; ................ 
0390+  3936 00          				.db			$00											; ................ 
0391+  3937 00          				.db			$00											; ................ 
0392+  3938             
0393+  3938             L3938:
0394+  3938 00          				.db			$00											; ................ $27
0395+  3939 00          				.db			$00											; ................ 
0396+  393A 00          				.db			$00											; ................ 
0397+  393B 00          				.db			$00											; ................ 
0398+  393C 00          				.db			$00											; ................ 
0399+  393D 00          				.db			$00											; ................ 
0400+  393E 00          				.db			$00											; ................ 
0401+  393F 00          				.db			$00											; ................ 
0402+  3940             
0403+  3940             L3940:
0404+  3940 00          				.db			$00											; ................ $28
0405+  3941 00          				.db			$00											; ................ 
0406+  3942 00          				.db			$00											; ................ 
0407+  3943 00          				.db			$00											; ................ 
0408+  3944 00          				.db			$00											; ................ 
0409+  3945 00          				.db			$00											; ................ 
0410+  3946 00          				.db			$00											; ................ 
0411+  3947 00          				.db			$00											; ................ 
0412+  3948             
0413+  3948             L3948:
0414+  3948 00          				.db			$00											; ................ $29
0415+  3949 00          				.db			$00											; ................ 
0416+  394A 00          				.db			$00											; ................ 
0417+  394B 00          				.db			$00											; ................ 
0418+  394C 00          				.db			$00											; ................ 
0419+  394D 00          				.db			$00											; ................ 
0420+  394E 00          				.db			$00											; ................ 
0421+  394F 00          				.db			$00											; ................ 
0422+  3950             
0423+  3950             L3950:
0424+  3950 00          				.db			$00											; ................ $2a
0425+  3951 00          				.db			$00											; ................ 
0426+  3952 00          				.db			$00											; ................ 
0427+  3953 00          				.db			$00											; ................ 
0428+  3954 00          				.db			$00											; ................ 
0429+  3955 00          				.db			$00											; ................ 
0430+  3956 00          				.db			$00											; ................ 
0431+  3957 00          				.db			$00											; ................ 
0432+  3958             
0433+  3958             L3958:
0434+  3958 00          				.db			$00											; ................ $2b
0435+  3959 00          				.db			$00											; ................ 
0436+  395A 00          				.db			$00											; ................ 
0437+  395B 00          				.db			$00											; ................ 
0438+  395C 00          				.db			$00											; ................ 
0439+  395D 00          				.db			$00											; ................ 
0440+  395E 00          				.db			$00											; ................ 
0441+  395F 00          				.db			$00											; ................ 
0442+  3960             
0443+  3960             L3960:
0444+  3960 00          				.db			$00											; ................ $2c
0445+  3961 00          				.db			$00											; ................ 
0446+  3962 00          				.db			$00											; ................ 
0447+  3963 00          				.db			$00											; ................ 
0448+  3964 00          				.db			$00											; ................ 
0449+  3965 00          				.db			$00											; ................ 
0450+  3966 00          				.db			$00											; ................ 
0451+  3967 00          				.db			$00											; ................ 
0452+  3968             
0453+  3968             L3968:
0454+  3968 00          				.db			$00											; ................ $2d
0455+  3969 00          				.db			$00											; ................ 
0456+  396A 00          				.db			$00											; ................ 
0457+  396B 00          				.db			$00											; ................ 
0458+  396C 00          				.db			$00											; ................ 
0459+  396D 00          				.db			$00											; ................ 
0460+  396E 00          				.db			$00											; ................ 
0461+  396F 00          				.db			$00											; ................ 
0462+  3970             
0463+  3970             L3970:
0464+  3970 00          				.db			$00											; ................ $2e
0465+  3971 00          				.db			$00											; ................ 
0466+  3972 00          				.db			$00											; ................ 
0467+  3973 00          				.db			$00											; ................ 
0468+  3974 00          				.db			$00											; ................ 
0469+  3975 00          				.db			$00											; ................ 
0470+  3976 00          				.db			$00											; ................ 
0471+  3977 00          				.db			$00											; ................ 
0472+  3978             
0473+  3978             L3978:
0474+  3978 00          				.db			$00											; ................ $2f
0475+  3979 00          				.db			$00											; ................ 
0476+  397A 00          				.db			$00											; ................ 
0477+  397B 00          				.db			$00											; ................ 
0478+  397C 00          				.db			$00											; ................ 
0479+  397D 00          				.db			$00											; ................ 
0480+  397E 00          				.db			$00											; ................ 
0481+  397F 00          				.db			$00											; ................ 
0482+  3980             
0483+  3980             L3980:
0484+  3980 00          				.db			$00											; ................ $30
0485+  3981 38          				.db			$38											; ....######...... 
0486+  3982 44          				.db			$44											; ..##......##.... 
0487+  3983 44          				.db			$44											; ..##......##.... 
0488+  3984 44          				.db			$44											; ..##......##.... 
0489+  3985 44          				.db			$44											; ..##......##.... 
0490+  3986 44          				.db			$44											; ..##......##.... 
0491+  3987 38          				.db			$38											; ....######...... 
0492+  3988             
0493+  3988             L3988:
0494+  3988 00          				.db			$00											; ................ $31
0495+  3989 10          				.db			$10											; ......##........ 
0496+  398A 30          				.db			$30											; ....####........ 
0497+  398B 10          				.db			$10											; ......##........ 
0498+  398C 10          				.db			$10											; ......##........ 
0499+  398D 10          				.db			$10											; ......##........ 
0500+  398E 10          				.db			$10											; ......##........ 
0501+  398F 38          				.db			$38											; ....######...... 
0502+  3990             
0503+  3990             L3990:
0504+  3990 00          				.db			$00											; ................ $32
0505+  3991 38          				.db			$38											; ....######...... 
0506+  3992 44          				.db			$44											; ..##......##.... 
0507+  3993 04          				.db			$04											; ..........##.... 
0508+  3994 18          				.db			$18											; ......####...... 
0509+  3995 20          				.db			$20											; ....##.......... 
0510+  3996 40          				.db			$40											; ..##............ 
0511+  3997 7C          				.db			$7c											; ..##########.... 
0512+  3998             
0513+  3998             L3998:
0514+  3998 00          				.db			$00											; ................ $33
0515+  3999 7C          				.db			$7c											; ..##########.... 
0516+  399A 04          				.db			$04											; ..........##.... 
0517+  399B 08          				.db			$08											; ........##...... 
0518+  399C 18          				.db			$18											; ......####...... 
0519+  399D 04          				.db			$04											; ..........##.... 
0520+  399E 44          				.db			$44											; ..##......##.... 
0521+  399F 38          				.db			$38											; ....######...... 
0522+  39A0             
0523+  39A0             L39a0:
0524+  39A0 00          				.db			$00											; ................ $34
0525+  39A1 08          				.db			$08											; ........##...... 
0526+  39A2 18          				.db			$18											; ......####...... 
0527+  39A3 28          				.db			$28											; ....##..##...... 
0528+  39A4 48          				.db			$48											; ..##....##...... 
0529+  39A5 7C          				.db			$7c											; ..##########.... 
0530+  39A6 08          				.db			$08											; ........##...... 
0531+  39A7 08          				.db			$08											; ........##...... 
0532+  39A8             
0533+  39A8             L39a8:
0534+  39A8 00          				.db			$00											; ................ $35
0535+  39A9 7C          				.db			$7c											; ..##########.... 
0536+  39AA 40          				.db			$40											; ..##............ 
0537+  39AB 78          				.db			$78											; ..########...... 
0538+  39AC 04          				.db			$04											; ..........##.... 
0539+  39AD 04          				.db			$04											; ..........##.... 
0540+  39AE 44          				.db			$44											; ..##......##.... 
0541+  39AF 38          				.db			$38											; ....######...... 
0542+  39B0             
0543+  39B0             L39b0:
0544+  39B0 00          				.db			$00											; ................ $36
0545+  39B1 1C          				.db			$1c											; ......######.... 
0546+  39B2 20          				.db			$20											; ....##.......... 
0547+  39B3 40          				.db			$40											; ..##............ 
0548+  39B4 78          				.db			$78											; ..########...... 
0549+  39B5 44          				.db			$44											; ..##......##.... 
0550+  39B6 44          				.db			$44											; ..##......##.... 
0551+  39B7 38          				.db			$38											; ....######...... 
0552+  39B8             
0553+  39B8             L39b8:
0554+  39B8 00          				.db			$00											; ................ $37
0555+  39B9 7C          				.db			$7c											; ..##########.... 
0556+  39BA 04          				.db			$04											; ..........##.... 
0557+  39BB 08          				.db			$08											; ........##...... 
0558+  39BC 10          				.db			$10											; ......##........ 
0559+  39BD 20          				.db			$20											; ....##.......... 
0560+  39BE 20          				.db			$20											; ....##.......... 
0561+  39BF 20          				.db			$20											; ....##.......... 
0562+  39C0             
0563+  39C0             L39c0:
0564+  39C0 00          				.db			$00											; ................ $38
0565+  39C1 38          				.db			$38											; ....######...... 
0566+  39C2 44          				.db			$44											; ..##......##.... 
0567+  39C3 44          				.db			$44											; ..##......##.... 
0568+  39C4 38          				.db			$38											; ....######...... 
0569+  39C5 44          				.db			$44											; ..##......##.... 
0570+  39C6 44          				.db			$44											; ..##......##.... 
0571+  39C7 38          				.db			$38											; ....######...... 
0572+  39C8             
0573+  39C8             L39c8:
0574+  39C8 00          				.db			$00											; ................ $39
0575+  39C9 38          				.db			$38											; ....######...... 
0576+  39CA 44          				.db			$44											; ..##......##.... 
0577+  39CB 44          				.db			$44											; ..##......##.... 
0578+  39CC 3C          				.db			$3c											; ....########.... 
0579+  39CD 04          				.db			$04											; ..........##.... 
0580+  39CE 08          				.db			$08											; ........##...... 
0581+  39CF 70          				.db			$70											; ..######........ 
0582+  39D0             
0583+  39D0             L39d0:
0584+  39D0 00          				.db			$00											; ................ $3a
0585+  39D1 00          				.db			$00											; ................ 
0586+  39D2 00          				.db			$00											; ................ 
0587+  39D3 00          				.db			$00											; ................ 
0588+  39D4 00          				.db			$00											; ................ 
0589+  39D5 00          				.db			$00											; ................ 
0590+  39D6 00          				.db			$00											; ................ 
0591+  39D7 00          				.db			$00											; ................ 
0592+  39D8             
0593+  39D8             L39d8:
0594+  39D8 00          				.db			$00											; ................ $3b
0595+  39D9 00          				.db			$00											; ................ 
0596+  39DA 00          				.db			$00											; ................ 
0597+  39DB 00          				.db			$00											; ................ 
0598+  39DC 00          				.db			$00											; ................ 
0599+  39DD 00          				.db			$00											; ................ 
0600+  39DE 00          				.db			$00											; ................ 
0601+  39DF 00          				.db			$00											; ................ 
0602+  39E0             
0603+  39E0             L39e0:
0604+  39E0 00          				.db			$00											; ................ $3c
0605+  39E1 00          				.db			$00											; ................ 
0606+  39E2 00          				.db			$00											; ................ 
0607+  39E3 00          				.db			$00											; ................ 
0608+  39E4 00          				.db			$00											; ................ 
0609+  39E5 00          				.db			$00											; ................ 
0610+  39E6 00          				.db			$00											; ................ 
0611+  39E7 00          				.db			$00											; ................ 
0612+  39E8             
0613+  39E8             L39e8:
0614+  39E8 FF          				.db			$ff											; ################ $3d
0615+  39E9 FF          				.db			$ff											; ################ 
0616+  39EA FF          				.db			$ff											; ################ 
0617+  39EB FF          				.db			$ff											; ################ 
0618+  39EC FF          				.db			$ff											; ################ 
0619+  39ED FF          				.db			$ff											; ################ 
0620+  39EE FF          				.db			$ff											; ################ 
0621+  39EF FF          				.db			$ff											; ################ 
0622+  39F0             
0623+  39F0             L39f0:
0624+  39F0 00          				.db			$00											; ................ $3e
0625+  39F1 00          				.db			$00											; ................ 
0626+  39F2 00          				.db			$00											; ................ 
0627+  39F3 00          				.db			$00											; ................ 
0628+  39F4 00          				.db			$00											; ................ 
0629+  39F5 00          				.db			$00											; ................ 
0630+  39F6 00          				.db			$00											; ................ 
0631+  39F7 00          				.db			$00											; ................ 
0632+  39F8             
0633+  39F8             L39f8:
0634+  39F8 00          				.db			$00											; ................ $3f
0635+  39F9 00          				.db			$00											; ................ 
0636+  39FA 00          				.db			$00											; ................ 
0637+  39FB 00          				.db			$00											; ................ 
0638+  39FC 00          				.db			$00											; ................ 
0639+  39FD 00          				.db			$00											; ................ 
0640+  39FE 00          				.db			$00											; ................ 
0641+  39FF 00          				.db			$00											; ................ 
0642+  3A00             
0643+  3A00             L3a00:
0644+  3A00 00          				.db			$00											; ................ $40
0645+  3A01 00          				.db			$00											; ................ 
0646+  3A02 00          				.db			$00											; ................ 
0647+  3A03 00          				.db			$00											; ................ 
0648+  3A04 00          				.db			$00											; ................ 
0649+  3A05 00          				.db			$00											; ................ 
0650+  3A06 00          				.db			$00											; ................ 
0651+  3A07 00          				.db			$00											; ................ 
0652+  3A08             
0653+  3A08             L3a08:
0654+  3A08 00          				.db			$00											; ................ $41
0655+  3A09 10          				.db			$10											; ......##........ 
0656+  3A0A 28          				.db			$28											; ....##..##...... 
0657+  3A0B 44          				.db			$44											; ..##......##.... 
0658+  3A0C 44          				.db			$44											; ..##......##.... 
0659+  3A0D 7C          				.db			$7c											; ..##########.... 
0660+  3A0E 44          				.db			$44											; ..##......##.... 
0661+  3A0F 44          				.db			$44											; ..##......##.... 
0662+  3A10             
0663+  3A10             L3a10:
0664+  3A10 00          				.db			$00											; ................ $42
0665+  3A11 78          				.db			$78											; ..########...... 
0666+  3A12 44          				.db			$44											; ..##......##.... 
0667+  3A13 44          				.db			$44											; ..##......##.... 
0668+  3A14 78          				.db			$78											; ..########...... 
0669+  3A15 44          				.db			$44											; ..##......##.... 
0670+  3A16 44          				.db			$44											; ..##......##.... 
0671+  3A17 78          				.db			$78											; ..########...... 
0672+  3A18             
0673+  3A18             L3a18:
0674+  3A18 00          				.db			$00											; ................ $43
0675+  3A19 38          				.db			$38											; ....######...... 
0676+  3A1A 44          				.db			$44											; ..##......##.... 
0677+  3A1B 40          				.db			$40											; ..##............ 
0678+  3A1C 40          				.db			$40											; ..##............ 
0679+  3A1D 40          				.db			$40											; ..##............ 
0680+  3A1E 44          				.db			$44											; ..##......##.... 
0681+  3A1F 38          				.db			$38											; ....######...... 
0682+  3A20             
0683+  3A20             L3a20:
0684+  3A20 00          				.db			$00											; ................ $44
0685+  3A21 78          				.db			$78											; ..########...... 
0686+  3A22 44          				.db			$44											; ..##......##.... 
0687+  3A23 44          				.db			$44											; ..##......##.... 
0688+  3A24 44          				.db			$44											; ..##......##.... 
0689+  3A25 44          				.db			$44											; ..##......##.... 
0690+  3A26 44          				.db			$44											; ..##......##.... 
0691+  3A27 78          				.db			$78											; ..########...... 
0692+  3A28             
0693+  3A28             L3a28:
0694+  3A28 00          				.db			$00											; ................ $45
0695+  3A29 7C          				.db			$7c											; ..##########.... 
0696+  3A2A 40          				.db			$40											; ..##............ 
0697+  3A2B 40          				.db			$40											; ..##............ 
0698+  3A2C 78          				.db			$78											; ..########...... 
0699+  3A2D 40          				.db			$40											; ..##............ 
0700+  3A2E 40          				.db			$40											; ..##............ 
0701+  3A2F 7C          				.db			$7c											; ..##########.... 
0702+  3A30             
0703+  3A30             L3a30:
0704+  3A30 00          				.db			$00											; ................ $46
0705+  3A31 7C          				.db			$7c											; ..##########.... 
0706+  3A32 40          				.db			$40											; ..##............ 
0707+  3A33 40          				.db			$40											; ..##............ 
0708+  3A34 78          				.db			$78											; ..########...... 
0709+  3A35 40          				.db			$40											; ..##............ 
0710+  3A36 40          				.db			$40											; ..##............ 
0711+  3A37 40          				.db			$40											; ..##............ 
0712+  3A38             
0713+  3A38             L3a38:
0714+  3A38 00          				.db			$00											; ................ $47
0715+  3A39 3C          				.db			$3c											; ....########.... 
0716+  3A3A 40          				.db			$40											; ..##............ 
0717+  3A3B 40          				.db			$40											; ..##............ 
0718+  3A3C 40          				.db			$40											; ..##............ 
0719+  3A3D 4C          				.db			$4c											; ..##....####.... 
0720+  3A3E 44          				.db			$44											; ..##......##.... 
0721+  3A3F 3C          				.db			$3c											; ....########.... 
0722+  3A40             
0723+  3A40             L3a40:
0724+  3A40 00          				.db			$00											; ................ $48
0725+  3A41 44          				.db			$44											; ..##......##.... 
0726+  3A42 44          				.db			$44											; ..##......##.... 
0727+  3A43 44          				.db			$44											; ..##......##.... 
0728+  3A44 7C          				.db			$7c											; ..##########.... 
0729+  3A45 44          				.db			$44											; ..##......##.... 
0730+  3A46 44          				.db			$44											; ..##......##.... 
0731+  3A47 44          				.db			$44											; ..##......##.... 
0732+  3A48             
0733+  3A48             L3a48:
0734+  3A48 00          				.db			$00											; ................ $49
0735+  3A49 38          				.db			$38											; ....######...... 
0736+  3A4A 10          				.db			$10											; ......##........ 
0737+  3A4B 10          				.db			$10											; ......##........ 
0738+  3A4C 10          				.db			$10											; ......##........ 
0739+  3A4D 10          				.db			$10											; ......##........ 
0740+  3A4E 10          				.db			$10											; ......##........ 
0741+  3A4F 38          				.db			$38											; ....######...... 
0742+  3A50             
0743+  3A50             L3a50:
0744+  3A50 00          				.db			$00											; ................ $4a
0745+  3A51 04          				.db			$04											; ..........##.... 
0746+  3A52 04          				.db			$04											; ..........##.... 
0747+  3A53 04          				.db			$04											; ..........##.... 
0748+  3A54 04          				.db			$04											; ..........##.... 
0749+  3A55 04          				.db			$04											; ..........##.... 
0750+  3A56 44          				.db			$44											; ..##......##.... 
0751+  3A57 38          				.db			$38											; ....######...... 
0752+  3A58             
0753+  3A58             L3a58:
0754+  3A58 00          				.db			$00											; ................ $4b
0755+  3A59 44          				.db			$44											; ..##......##.... 
0756+  3A5A 48          				.db			$48											; ..##....##...... 
0757+  3A5B 50          				.db			$50											; ..##..##........ 
0758+  3A5C 70          				.db			$70											; ..######........ 
0759+  3A5D 50          				.db			$50											; ..##..##........ 
0760+  3A5E 48          				.db			$48											; ..##....##...... 
0761+  3A5F 44          				.db			$44											; ..##......##.... 
0762+  3A60             
0763+  3A60             L3a60:
0764+  3A60 00          				.db			$00											; ................ $4c
0765+  3A61 40          				.db			$40											; ..##............ 
0766+  3A62 40          				.db			$40											; ..##............ 
0767+  3A63 40          				.db			$40											; ..##............ 
0768+  3A64 40          				.db			$40											; ..##............ 
0769+  3A65 40          				.db			$40											; ..##............ 
0770+  3A66 40          				.db			$40											; ..##............ 
0771+  3A67 7C          				.db			$7c											; ..##########.... 
0772+  3A68             
0773+  3A68             L3a68:
0774+  3A68 00          				.db			$00											; ................ $4d
0775+  3A69 44          				.db			$44											; ..##......##.... 
0776+  3A6A 6C          				.db			$6c											; ..####..####.... 
0777+  3A6B 54          				.db			$54											; ..##..##..##.... 
0778+  3A6C 54          				.db			$54											; ..##..##..##.... 
0779+  3A6D 44          				.db			$44											; ..##......##.... 
0780+  3A6E 44          				.db			$44											; ..##......##.... 
0781+  3A6F 44          				.db			$44											; ..##......##.... 
0782+  3A70             
0783+  3A70             L3a70:
0784+  3A70 00          				.db			$00											; ................ $4e
0785+  3A71 44          				.db			$44											; ..##......##.... 
0786+  3A72 44          				.db			$44											; ..##......##.... 
0787+  3A73 64          				.db			$64											; ..####....##.... 
0788+  3A74 54          				.db			$54											; ..##..##..##.... 
0789+  3A75 4C          				.db			$4c											; ..##....####.... 
0790+  3A76 44          				.db			$44											; ..##......##.... 
0791+  3A77 44          				.db			$44											; ..##......##.... 
0792+  3A78             
0793+  3A78             L3a78:
0794+  3A78 00          				.db			$00											; ................ $4f
0795+  3A79 38          				.db			$38											; ....######...... 
0796+  3A7A 44          				.db			$44											; ..##......##.... 
0797+  3A7B 44          				.db			$44											; ..##......##.... 
0798+  3A7C 44          				.db			$44											; ..##......##.... 
0799+  3A7D 44          				.db			$44											; ..##......##.... 
0800+  3A7E 44          				.db			$44											; ..##......##.... 
0801+  3A7F 38          				.db			$38											; ....######...... 
0802+  3A80             
0803+  3A80             L3a80:
0804+  3A80 00          				.db			$00											; ................ $50
0805+  3A81 78          				.db			$78											; ..########...... 
0806+  3A82 44          				.db			$44											; ..##......##.... 
0807+  3A83 44          				.db			$44											; ..##......##.... 
0808+  3A84 78          				.db			$78											; ..########...... 
0809+  3A85 40          				.db			$40											; ..##............ 
0810+  3A86 40          				.db			$40											; ..##............ 
0811+  3A87 40          				.db			$40											; ..##............ 
0812+  3A88             
0813+  3A88             L3a88:
0814+  3A88 00          				.db			$00											; ................ $51
0815+  3A89 38          				.db			$38											; ....######...... 
0816+  3A8A 44          				.db			$44											; ..##......##.... 
0817+  3A8B 44          				.db			$44											; ..##......##.... 
0818+  3A8C 44          				.db			$44											; ..##......##.... 
0819+  3A8D 54          				.db			$54											; ..##..##..##.... 
0820+  3A8E 48          				.db			$48											; ..##....##...... 
0821+  3A8F 34          				.db			$34											; ....####..##.... 
0822+  3A90             
0823+  3A90             L3a90:
0824+  3A90 00          				.db			$00											; ................ $52
0825+  3A91 78          				.db			$78											; ..########...... 
0826+  3A92 44          				.db			$44											; ..##......##.... 
0827+  3A93 44          				.db			$44											; ..##......##.... 
0828+  3A94 78          				.db			$78											; ..########...... 
0829+  3A95 50          				.db			$50											; ..##..##........ 
0830+  3A96 48          				.db			$48											; ..##....##...... 
0831+  3A97 44          				.db			$44											; ..##......##.... 
0832+  3A98             
0833+  3A98             L3a98:
0834+  3A98 00          				.db			$00											; ................ $53
0835+  3A99 38          				.db			$38											; ....######...... 
0836+  3A9A 44          				.db			$44											; ..##......##.... 
0837+  3A9B 40          				.db			$40											; ..##............ 
0838+  3A9C 38          				.db			$38											; ....######...... 
0839+  3A9D 04          				.db			$04											; ..........##.... 
0840+  3A9E 44          				.db			$44											; ..##......##.... 
0841+  3A9F 38          				.db			$38											; ....######...... 
0842+  3AA0             
0843+  3AA0             L3aa0:
0844+  3AA0 00          				.db			$00											; ................ $54
0845+  3AA1 7C          				.db			$7c											; ..##########.... 
0846+  3AA2 10          				.db			$10											; ......##........ 
0847+  3AA3 10          				.db			$10											; ......##........ 
0848+  3AA4 10          				.db			$10											; ......##........ 
0849+  3AA5 10          				.db			$10											; ......##........ 
0850+  3AA6 10          				.db			$10											; ......##........ 
0851+  3AA7 10          				.db			$10											; ......##........ 
0852+  3AA8             
0853+  3AA8             L3aa8:
0854+  3AA8 00          				.db			$00											; ................ $55
0855+  3AA9 44          				.db			$44											; ..##......##.... 
0856+  3AAA 44          				.db			$44											; ..##......##.... 
0857+  3AAB 44          				.db			$44											; ..##......##.... 
0858+  3AAC 44          				.db			$44											; ..##......##.... 
0859+  3AAD 44          				.db			$44											; ..##......##.... 
0860+  3AAE 44          				.db			$44											; ..##......##.... 
0861+  3AAF 38          				.db			$38											; ....######...... 
0862+  3AB0             
0863+  3AB0             L3ab0:
0864+  3AB0 00          				.db			$00											; ................ $56
0865+  3AB1 44          				.db			$44											; ..##......##.... 
0866+  3AB2 44          				.db			$44											; ..##......##.... 
0867+  3AB3 44          				.db			$44											; ..##......##.... 
0868+  3AB4 44          				.db			$44											; ..##......##.... 
0869+  3AB5 44          				.db			$44											; ..##......##.... 
0870+  3AB6 28          				.db			$28											; ....##..##...... 
0871+  3AB7 10          				.db			$10											; ......##........ 
0872+  3AB8             
0873+  3AB8             L3ab8:
0874+  3AB8 00          				.db			$00											; ................ $57
0875+  3AB9 44          				.db			$44											; ..##......##.... 
0876+  3ABA 44          				.db			$44											; ..##......##.... 
0877+  3ABB 44          				.db			$44											; ..##......##.... 
0878+  3ABC 54          				.db			$54											; ..##..##..##.... 
0879+  3ABD 54          				.db			$54											; ..##..##..##.... 
0880+  3ABE 6C          				.db			$6c											; ..####..####.... 
0881+  3ABF 44          				.db			$44											; ..##......##.... 
0882+  3AC0             
0883+  3AC0             L3ac0:
0884+  3AC0 00          				.db			$00											; ................ $58
0885+  3AC1 44          				.db			$44											; ..##......##.... 
0886+  3AC2 44          				.db			$44											; ..##......##.... 
0887+  3AC3 28          				.db			$28											; ....##..##...... 
0888+  3AC4 10          				.db			$10											; ......##........ 
0889+  3AC5 28          				.db			$28											; ....##..##...... 
0890+  3AC6 44          				.db			$44											; ..##......##.... 
0891+  3AC7 44          				.db			$44											; ..##......##.... 
0892+  3AC8             
0893+  3AC8             L3ac8:
0894+  3AC8 00          				.db			$00											; ................ $59
0895+  3AC9 44          				.db			$44											; ..##......##.... 
0896+  3ACA 44          				.db			$44											; ..##......##.... 
0897+  3ACB 28          				.db			$28											; ....##..##...... 
0898+  3ACC 10          				.db			$10											; ......##........ 
0899+  3ACD 10          				.db			$10											; ......##........ 
0900+  3ACE 10          				.db			$10											; ......##........ 
0901+  3ACF 10          				.db			$10											; ......##........ 
0902+  3AD0             
0903+  3AD0             L3ad0:
0904+  3AD0 00          				.db			$00											; ................ $5a
0905+  3AD1 7C          				.db			$7c											; ..##########.... 
0906+  3AD2 04          				.db			$04											; ..........##.... 
0907+  3AD3 08          				.db			$08											; ........##...... 
0908+  3AD4 10          				.db			$10											; ......##........ 
0909+  3AD5 20          				.db			$20											; ....##.......... 
0910+  3AD6 40          				.db			$40											; ..##............ 
0911+  3AD7 7C          				.db			$7c											; ..##########.... 
0912+  3AD8             
0913+  3AD8             L3ad8:
0914+  3AD8 80          				.db			$80											; ##.............. $5b
0915+  3AD9 80          				.db			$80											; ##.............. 
0916+  3ADA 80          				.db			$80											; ##.............. 
0917+  3ADB 80          				.db			$80											; ##.............. 
0918+  3ADC 80          				.db			$80											; ##.............. 
0919+  3ADD 80          				.db			$80											; ##.............. 
0920+  3ADE 80          				.db			$80											; ##.............. 
0921+  3ADF 80          				.db			$80											; ##.............. 
0922+  3AE0             
0923+  3AE0             L3ae0:
0924+  3AE0 FF          				.db			$ff											; ################ $5c
0925+  3AE1 DF          				.db			$df											; ####..########## 
0926+  3AE2 4E          				.db			$4e											; ..##....######.. 
0927+  3AE3 FF          				.db			$ff											; ################ 
0928+  3AE4 FF          				.db			$ff											; ################ 
0929+  3AE5 FF          				.db			$ff											; ################ 
0930+  3AE6 DF          				.db			$df											; ####..########## 
0931+  3AE7 DF          				.db			$df											; ####..########## 
0932+  3AE8             
0933+  3AE8             L3ae8:
0934+  3AE8 FF          				.db			$ff											; ################ $5d
0935+  3AE9 FF          				.db			$ff											; ################ 
0936+  3AEA FF          				.db			$ff											; ################ 
0937+  3AEB FF          				.db			$ff											; ################ 
0938+  3AEC DF          				.db			$df											; ####..########## 
0939+  3AED FF          				.db			$ff											; ################ 
0940+  3AEE DF          				.db			$df											; ####..########## 
0941+  3AEF FF          				.db			$ff											; ################ 
0942+  3AF0             
0943+  3AF0             L3af0:
0944+  3AF0 FF          				.db			$ff											; ################ $5e
0945+  3AF1 FF          				.db			$ff											; ################ 
0946+  3AF2 FF          				.db			$ff											; ################ 
0947+  3AF3 FF          				.db			$ff											; ################ 
0948+  3AF4 FF          				.db			$ff											; ################ 
0949+  3AF5 FF          				.db			$ff											; ################ 
0950+  3AF6 DF          				.db			$df											; ####..########## 
0951+  3AF7 FF          				.db			$ff											; ################ 
0952+  3AF8             
0953+  3AF8             L3af8:
0954+  3AF8 FF          				.db			$ff											; ################ $5f
0955+  3AF9 DF          				.db			$df											; ####..########## 
0956+  3AFA DF          				.db			$df											; ####..########## 
0957+  3AFB AF          				.db			$af											; ##..##..######## 
0958+  3AFC FF          				.db			$ff											; ################ 
0959+  3AFD DF          				.db			$df											; ####..########## 
0960+  3AFE FF          				.db			$ff											; ################ 
0961+  3AFF FF          				.db			$ff											; ################ 
0962+  3B00             
0963+  3B00             L3b00:
0964+  3B00 00          				.db			$00											; ................ $60
0965+  3B01 00          				.db			$00											; ................ 
0966+  3B02 00          				.db			$00											; ................ 
0967+  3B03 00          				.db			$00											; ................ 
0968+  3B04 00          				.db			$00											; ................ 
0969+  3B05 00          				.db			$00											; ................ 
0970+  3B06 00          				.db			$00											; ................ 
0971+  3B07 FF          				.db			$ff											; ################ 
0972+  3B08             
0973+  3B08             L3b08:
0974+  3B08 FF          				.db			$ff											; ################ $61
0975+  3B09 00          				.db			$00											; ................ 
0976+  3B0A 00          				.db			$00											; ................ 
0977+  3B0B 00          				.db			$00											; ................ 
0978+  3B0C 00          				.db			$00											; ................ 
0979+  3B0D 00          				.db			$00											; ................ 
0980+  3B0E 00          				.db			$00											; ................ 
0981+  3B0F 00          				.db			$00											; ................ 
0982+  3B10             
0983+  3B10             L3b10:
0984+  3B10 01          				.db			$01											; ..............## $62
0985+  3B11 01          				.db			$01											; ..............## 
0986+  3B12 01          				.db			$01											; ..............## 
0987+  3B13 01          				.db			$01											; ..............## 
0988+  3B14 01          				.db			$01											; ..............## 
0989+  3B15 01          				.db			$01											; ..............## 
0990+  3B16 01          				.db			$01											; ..............## 
0991+  3B17 01          				.db			$01											; ..............## 
0992+  3B18             
0993+  3B18             L3b18:
0994+  3B18 80          				.db			$80											; ##.............. $63
0995+  3B19 80          				.db			$80											; ##.............. 
0996+  3B1A 80          				.db			$80											; ##.............. 
0997+  3B1B 80          				.db			$80											; ##.............. 
0998+  3B1C 80          				.db			$80											; ##.............. 
0999+  3B1D 80          				.db			$80											; ##.............. 
1000+  3B1E 80          				.db			$80											; ##.............. 
1001+  3B1F 80          				.db			$80											; ##.............. 
1002+  3B20             
1003+  3B20             L3b20:
1004+  3B20 3C          				.db			$3c											; ....########.... $64
1005+  3B21 A5          				.db			$a5											; ##..##....##..## 
1006+  3B22 FF          				.db			$ff											; ################ 
1007+  3B23 BD          				.db			$bd											; ##..########..## 
1008+  3B24 3C          				.db			$3c											; ....########.... 
1009+  3B25 BD          				.db			$bd											; ##..########..## 
1010+  3B26 FF          				.db			$ff											; ################ 
1011+  3B27 BD          				.db			$bd											; ##..########..## 
1012+  3B28             
1013+  3B28             L3b28:
1014+  3B28 BD          				.db			$bd											; ##..########..## $65
1015+  3B29 FF          				.db			$ff											; ################ 
1016+  3B2A BD          				.db			$bd											; ##..########..## 
1017+  3B2B 3C          				.db			$3c											; ....########.... 
1018+  3B2C BD          				.db			$bd											; ##..########..## 
1019+  3B2D FF          				.db			$ff											; ################ 
1020+  3B2E A5          				.db			$a5											; ##..##....##..## 
1021+  3B2F 3C          				.db			$3c											; ....########.... 
1022+  3B30             
1023+  3B30             L3b30:
1024+  3B30 EE          				.db			$ee											; ######..######.. $66
1025+  3B31 44          				.db			$44											; ..##......##.... 
1026+  3B32 FF          				.db			$ff											; ################ 
1027+  3B33 FD          				.db			$fd											; ############..## 
1028+  3B34 FD          				.db			$fd											; ############..## 
1029+  3B35 FF          				.db			$ff											; ################ 
1030+  3B36 44          				.db			$44											; ..##......##.... 
1031+  3B37 EE          				.db			$ee											; ######..######.. 
1032+  3B38             
1033+  3B38             L3b38:
1034+  3B38 77          				.db			$77											; ..######..###### $67
1035+  3B39 22          				.db			$22											; ....##......##.. 
1036+  3B3A FF          				.db			$ff											; ################ 
1037+  3B3B BF          				.db			$bf											; ##..############ 
1038+  3B3C BF          				.db			$bf											; ##..############ 
1039+  3B3D FF          				.db			$ff											; ################ 
1040+  3B3E 22          				.db			$22											; ....##......##.. 
1041+  3B3F 77          				.db			$77											; ..######..###### 
1042+  3B40             
1043+  3B40             L3b40:
1044+  3B40 00          				.db			$00											; ................ $68
1045+  3B41 00          				.db			$00											; ................ 
1046+  3B42 00          				.db			$00											; ................ 
1047+  3B43 00          				.db			$00											; ................ 
1048+  3B44 00          				.db			$00											; ................ 
1049+  3B45 00          				.db			$00											; ................ 
1050+  3B46 00          				.db			$00											; ................ 
1051+  3B47 00          				.db			$00											; ................ 
1052+  3B48             
1053+  3B48             L3b48:
1054+  3B48 00          				.db			$00											; ................ 
1055+  3B49 00          				.db			$00											; ................ 
1056+  3B4A 00          				.db			$00											; ................ 
1057+  3B4B 00          				.db			$00											; ................ 
1058+  3B4C 00          				.db			$00											; ................ 
1059+  3B4D 00          				.db			$00											; ................ 
1060+  3B4E 00          				.db			$00											; ................ 
1061+  3B4F 00          				.db			$00											; ................ 
1062+  3B50             
1063+  3B50             L3b50:
1064+  3B50 00          				.db			$00											; ................ 
1065+  3B51 00          				.db			$00											; ................ 
1066+  3B52 00          				.db			$00											; ................ 
1067+  3B53 00          				.db			$00											; ................ 
1068+  3B54 00          				.db			$00											; ................ 
1069+  3B55 00          				.db			$00											; ................ 
1070+  3B56 00          				.db			$00											; ................ 
1071+  3B57 00          				.db			$00											; ................ 
1072+  3B58             
1073+  3B58             L3b58:
1074+  3B58 00          				.db			$00											; ................ 
1075+  3B59 00          				.db			$00											; ................ 
1076+  3B5A 00          				.db			$00											; ................ 
1077+  3B5B 00          				.db			$00											; ................ 
1078+  3B5C 00          				.db			$00											; ................ 
1079+  3B5D 00          				.db			$00											; ................ 
1080+  3B5E 00          				.db			$00											; ................ 
1081+  3B5F 00          				.db			$00											; ................ 
1082+  3B60             
1083+  3B60             L3b60:
1084+  3B60 00          				.db			$00											; ................ $6c
1085+  3B61 00          				.db			$00											; ................ 
1086+  3B62 00          				.db			$00											; ................ 
1087+  3B63 00          				.db			$00											; ................ 
1088+  3B64 00          				.db			$00											; ................ 
1089+  3B65 00          				.db			$00											; ................ 
1090+  3B66 00          				.db			$00											; ................ 
1091+  3B67 00          				.db			$00											; ................ 
1092+  3B68             
1093+  3B68             L3b68:
1094+  3B68 00          				.db			$00											; ................ 
1095+  3B69 00          				.db			$00											; ................ 
1096+  3B6A 00          				.db			$00											; ................ 
1097+  3B6B 00          				.db			$00											; ................ 
1098+  3B6C 00          				.db			$00											; ................ 
1099+  3B6D 00          				.db			$00											; ................ 
1100+  3B6E 00          				.db			$00											; ................ 
1101+  3B6F 00          				.db			$00											; ................ 
1102+  3B70             
1103+  3B70             L3b70:
1104+  3B70 00          				.db			$00											; ................ 
1105+  3B71 00          				.db			$00											; ................ 
1106+  3B72 00          				.db			$00											; ................ 
1107+  3B73 00          				.db			$00											; ................ 
1108+  3B74 00          				.db			$00											; ................ 
1109+  3B75 00          				.db			$00											; ................ 
1110+  3B76 00          				.db			$00											; ................ 
1111+  3B77 00          				.db			$00											; ................ 
1112+  3B78             
1113+  3B78             L3b78:
1114+  3B78 00          				.db			$00											; ................ 
1115+  3B79 00          				.db			$00											; ................ 
1116+  3B7A 00          				.db			$00											; ................ 
1117+  3B7B 00          				.db			$00											; ................ 
1118+  3B7C 00          				.db			$00											; ................ 
1119+  3B7D 00          				.db			$00											; ................ 
1120+  3B7E 00          				.db			$00											; ................ 
1121+  3B7F 00          				.db			$00											; ................ 
1122+  3B80             
1123+  3B80             L3b80:
1124+  3B80 00          				.db			$00											; ................ $70
1125+  3B81 00          				.db			$00											; ................ 
1126+  3B82 00          				.db			$00											; ................ 
1127+  3B83 00          				.db			$00											; ................ 
1128+  3B84 00          				.db			$00											; ................ 
1129+  3B85 00          				.db			$00											; ................ 
1130+  3B86 00          				.db			$00											; ................ 
1131+  3B87 00          				.db			$00											; ................ 
1132+  3B88             
1133+  3B88             L3b88:
1134+  3B88 00          				.db			$00											; ................ 
1135+  3B89 00          				.db			$00											; ................ 
1136+  3B8A 00          				.db			$00											; ................ 
1137+  3B8B 00          				.db			$00											; ................ 
1138+  3B8C 00          				.db			$00											; ................ 
1139+  3B8D 00          				.db			$00											; ................ 
1140+  3B8E 00          				.db			$00											; ................ 
1141+  3B8F 00          				.db			$00											; ................ 
1142+  3B90             
1143+  3B90             L3b90:
1144+  3B90 00          				.db			$00											; ................ 
1145+  3B91 00          				.db			$00											; ................ 
1146+  3B92 00          				.db			$00											; ................ 
1147+  3B93 00          				.db			$00											; ................ 
1148+  3B94 00          				.db			$00											; ................ 
1149+  3B95 00          				.db			$00											; ................ 
1150+  3B96 00          				.db			$00											; ................ 
1151+  3B97 00          				.db			$00											; ................ 
1152+  3B98             
1153+  3B98             L3b98:
1154+  3B98 00          				.db			$00											; ................ 
1155+  3B99 00          				.db			$00											; ................ 
1156+  3B9A 00          				.db			$00											; ................ 
1157+  3B9B 00          				.db			$00											; ................ 
1158+  3B9C 00          				.db			$00											; ................ 
1159+  3B9D 00          				.db			$00											; ................ 
1160+  3B9E 00          				.db			$00											; ................ 
1161+  3B9F 00          				.db			$00											; ................ 
1162+  3BA0             
1163+  3BA0             L3ba0:
1164+  3BA0 00          				.db			$00											; ................ $74
1165+  3BA1 00          				.db			$00											; ................ 
1166+  3BA2 00          				.db			$00											; ................ 
1167+  3BA3 00          				.db			$00											; ................ 
1168+  3BA4 00          				.db			$00											; ................ 
1169+  3BA5 00          				.db			$00											; ................ 
1170+  3BA6 00          				.db			$00											; ................ 
1171+  3BA7 00          				.db			$00											; ................ 
1172+  3BA8             
1173+  3BA8             L3ba8:
1174+  3BA8 00          				.db			$00											; ................ 
1175+  3BA9 00          				.db			$00											; ................ 
1176+  3BAA 00          				.db			$00											; ................ 
1177+  3BAB 00          				.db			$00											; ................ 
1178+  3BAC 00          				.db			$00											; ................ 
1179+  3BAD 00          				.db			$00											; ................ 
1180+  3BAE 00          				.db			$00											; ................ 
1181+  3BAF 00          				.db			$00											; ................ 
1182+  3BB0             
1183+  3BB0             L3bb0:
1184+  3BB0 00          				.db			$00											; ................ 
1185+  3BB1 00          				.db			$00											; ................ 
1186+  3BB2 00          				.db			$00											; ................ 
1187+  3BB3 00          				.db			$00											; ................ 
1188+  3BB4 00          				.db			$00											; ................ 
1189+  3BB5 00          				.db			$00											; ................ 
1190+  3BB6 00          				.db			$00											; ................ 
1191+  3BB7 00          				.db			$00											; ................ 
1192+  3BB8             
1193+  3BB8             L3bb8:
1194+  3BB8 00          				.db			$00											; ................ 
1195+  3BB9 00          				.db			$00											; ................ 
1196+  3BBA 00          				.db			$00											; ................ 
1197+  3BBB 00          				.db			$00											; ................ 
1198+  3BBC 00          				.db			$00											; ................ 
1199+  3BBD 00          				.db			$00											; ................ 
1200+  3BBE 00          				.db			$00											; ................ 
1201+  3BBF 00          				.db			$00											; ................ 
1202+  3BC0             
1203+  3BC0             L3bc0:
1204+  3BC0 00          				.db			$00											; ................ $78
1205+  3BC1 00          				.db			$00											; ................ 
1206+  3BC2 00          				.db			$00											; ................ 
1207+  3BC3 00          				.db			$00											; ................ 
1208+  3BC4 00          				.db			$00											; ................ 
1209+  3BC5 00          				.db			$00											; ................ 
1210+  3BC6 00          				.db			$00											; ................ 
1211+  3BC7 00          				.db			$00											; ................ 
1212+  3BC8             
1213+  3BC8             L3bc8:
1214+  3BC8 00          				.db			$00											; ................ 
1215+  3BC9 00          				.db			$00											; ................ 
1216+  3BCA 00          				.db			$00											; ................ 
1217+  3BCB 00          				.db			$00											; ................ 
1218+  3BCC 00          				.db			$00											; ................ 
1219+  3BCD 00          				.db			$00											; ................ 
1220+  3BCE 00          				.db			$00											; ................ 
1221+  3BCF 00          				.db			$00											; ................ 
1222+  3BD0             
1223+  3BD0             L3bd0:
1224+  3BD0 00          				.db			$00											; ................ 
1225+  3BD1 00          				.db			$00											; ................ 
1226+  3BD2 00          				.db			$00											; ................ 
1227+  3BD3 00          				.db			$00											; ................ 
1228+  3BD4 00          				.db			$00											; ................ 
1229+  3BD5 00          				.db			$00											; ................ 
1230+  3BD6 00          				.db			$00											; ................ 
1231+  3BD7 00          				.db			$00											; ................ 
1232+  3BD8             
1233+  3BD8             L3bd8:
1234+  3BD8 00          				.db			$00											; ................ 
1235+  3BD9 00          				.db			$00											; ................ 
1236+  3BDA 00          				.db			$00											; ................ 
1237+  3BDB 00          				.db			$00											; ................ 
1238+  3BDC 00          				.db			$00											; ................ 
1239+  3BDD 00          				.db			$00											; ................ 
1240+  3BDE 00          				.db			$00											; ................ 
1241+  3BDF 00          				.db			$00											; ................ 
1242+  3BE0             
1243+  3BE0             L3be0:
1244+  3BE0 00          				.db			$00											; ................ $7c
1245+  3BE1 00          				.db			$00											; ................ 
1246+  3BE2 00          				.db			$00											; ................ 
1247+  3BE3 00          				.db			$00											; ................ 
1248+  3BE4 00          				.db			$00											; ................ 
1249+  3BE5 00          				.db			$00											; ................ 
1250+  3BE6 00          				.db			$00											; ................ 
1251+  3BE7 00          				.db			$00											; ................ 
1252+  3BE8             
1253+  3BE8             L3be8:
1254+  3BE8 00          				.db			$00											; ................ 
1255+  3BE9 00          				.db			$00											; ................ 
1256+  3BEA 00          				.db			$00											; ................ 
1257+  3BEB 00          				.db			$00											; ................ 
1258+  3BEC 00          				.db			$00											; ................ 
1259+  3BED 00          				.db			$00											; ................ 
1260+  3BEE 00          				.db			$00											; ................ 
1261+  3BEF 00          				.db			$00											; ................ 
1262+  3BF0             
1263+  3BF0             L3bf0:
1264+  3BF0 00          				.db			$00											; ................ 
1265+  3BF1 00          				.db			$00											; ................ 
1266+  3BF2 00          				.db			$00											; ................ 
1267+  3BF3 00          				.db			$00											; ................ 
1268+  3BF4 00          				.db			$00											; ................ 
1269+  3BF5 00          				.db			$00											; ................ 
1270+  3BF6 00          				.db			$00											; ................ 
1271+  3BF7 00          				.db			$00											; ................ 
1272+  3BF8             
1273+  3BF8             L3bf8:
1274+  3BF8 00          				.db			$00											; ................ 
1275+  3BF9 00          				.db			$00											; ................ 
1276+  3BFA 00          				.db			$00											; ................ 
1277+  3BFB 00          				.db			$00											; ................ 
1278+  3BFC 00          				.db			$00											; ................ 
1279+  3BFD 00          				.db			$00											; ................ 
1280+  3BFE 00          				.db			$00											; ................ 
1281+  3BFF 00          				.db			$00											; ................ 
1282+  3C00             
1283+  3C00             L3c00:
1284+  3C00 00          				.db			$00											; ................ $80
1285+  3C01 7F          				.db			$7f											; ..############## 
1286+  3C02 7F          				.db			$7f											; ..############## 
1287+  3C03 7F          				.db			$7f											; ..############## 
1288+  3C04 7F          				.db			$7f											; ..############## 
1289+  3C05 7F          				.db			$7f											; ..############## 
1290+  3C06 7F          				.db			$7f											; ..############## 
1291+  3C07 7E          				.db			$7e											; ..############.. 
1292+  3C08             
1293+  3C08             L3c08:
1294+  3C08 00          				.db			$00											; ................ $81
1295+  3C09 FE          				.db			$fe											; ##############.. 
1296+  3C0A FE          				.db			$fe											; ##############.. 
1297+  3C0B FE          				.db			$fe											; ##############.. 
1298+  3C0C FE          				.db			$fe											; ##############.. 
1299+  3C0D FE          				.db			$fe											; ##############.. 
1300+  3C0E FE          				.db			$fe											; ##############.. 
1301+  3C0F 7E          				.db			$7e											; ..############.. 
1302+  3C10             
1303+  3C10             L3c10:
1304+  3C10 7E          				.db			$7e											; ..############.. $82
1305+  3C11 7F          				.db			$7f											; ..############## 
1306+  3C12 7F          				.db			$7f											; ..############## 
1307+  3C13 7F          				.db			$7f											; ..############## 
1308+  3C14 7F          				.db			$7f											; ..############## 
1309+  3C15 7F          				.db			$7f											; ..############## 
1310+  3C16 7F          				.db			$7f											; ..############## 
1311+  3C17 00          				.db			$00											; ................ 
1312+  3C18             
1313+  3C18             L3c18:
1314+  3C18 7E          				.db			$7e											; ..############.. $83
1315+  3C19 FE          				.db			$fe											; ##############.. 
1316+  3C1A FE          				.db			$fe											; ##############.. 
1317+  3C1B FE          				.db			$fe											; ##############.. 
1318+  3C1C FE          				.db			$fe											; ##############.. 
1319+  3C1D FE          				.db			$fe											; ##############.. 
1320+  3C1E FE          				.db			$fe											; ##############.. 
1321+  3C1F 00          				.db			$00											; ................ 
1322+  3C20             
1323+  3C20             L3c20:
1324+  3C20 00          				.db			$00											; ................ $84
1325+  3C21 7F          				.db			$7f											; ..############## 
1326+  3C22 7F          				.db			$7f											; ..############## 
1327+  3C23 7F          				.db			$7f											; ..############## 
1328+  3C24 7F          				.db			$7f											; ..############## 
1329+  3C25 78          				.db			$78											; ..########...... 
1330+  3C26 78          				.db			$78											; ..########...... 
1331+  3C27 78          				.db			$78											; ..########...... 
1332+  3C28             
1333+  3C28             L3c28:
1334+  3C28 00          				.db			$00											; ................ $85
1335+  3C29 FE          				.db			$fe											; ##############.. 
1336+  3C2A FE          				.db			$fe											; ##############.. 
1337+  3C2B FE          				.db			$fe											; ##############.. 
1338+  3C2C FE          				.db			$fe											; ##############.. 
1339+  3C2D 1E          				.db			$1e											; ......########.. 
1340+  3C2E 1E          				.db			$1e											; ......########.. 
1341+  3C2F 1E          				.db			$1e											; ......########.. 
1342+  3C30             
1343+  3C30             L3c30:
1344+  3C30 78          				.db			$78											; ..########...... $86
1345+  3C31 78          				.db			$78											; ..########...... 
1346+  3C32 78          				.db			$78											; ..########...... 
1347+  3C33 7F          				.db			$7f											; ..############## 
1348+  3C34 7F          				.db			$7f											; ..############## 
1349+  3C35 7F          				.db			$7f											; ..############## 
1350+  3C36 7F          				.db			$7f											; ..############## 
1351+  3C37 00          				.db			$00											; ................ 
1352+  3C38             
1353+  3C38             L3c38:
1354+  3C38 1E          				.db			$1e											; ......########.. $87
1355+  3C39 1E          				.db			$1e											; ......########.. 
1356+  3C3A 1E          				.db			$1e											; ......########.. 
1357+  3C3B FE          				.db			$fe											; ##############.. 
1358+  3C3C FE          				.db			$fe											; ##############.. 
1359+  3C3D FE          				.db			$fe											; ##############.. 
1360+  3C3E FE          				.db			$fe											; ##############.. 
1361+  3C3F 00          				.db			$00											; ................ 
1362+  3C40             
1363+  3C40             L3c40:
1364+  3C40 00          				.db			$00											; ................ $88
1365+  3C41 7F          				.db			$7f											; ..############## 
1366+  3C42 7F          				.db			$7f											; ..############## 
1367+  3C43 60          				.db			$60											; ..####.......... 
1368+  3C44 60          				.db			$60											; ..####.......... 
1369+  3C45 60          				.db			$60											; ..####.......... 
1370+  3C46 60          				.db			$60											; ..####.......... 
1371+  3C47 60          				.db			$60											; ..####.......... 
1372+  3C48             
1373+  3C48             L3c48:
1374+  3C48 00          				.db			$00											; ................ $89
1375+  3C49 FE          				.db			$fe											; ##############.. 
1376+  3C4A FE          				.db			$fe											; ##############.. 
1377+  3C4B 06          				.db			$06											; ..........####.. 
1378+  3C4C 06          				.db			$06											; ..........####.. 
1379+  3C4D 06          				.db			$06											; ..........####.. 
1380+  3C4E 06          				.db			$06											; ..........####.. 
1381+  3C4F 06          				.db			$06											; ..........####.. 
1382+  3C50             
1383+  3C50             L3c50:
1384+  3C50 60          				.db			$60											; ..####.......... $8a
1385+  3C51 60          				.db			$60											; ..####.......... 
1386+  3C52 60          				.db			$60											; ..####.......... 
1387+  3C53 60          				.db			$60											; ..####.......... 
1388+  3C54 60          				.db			$60											; ..####.......... 
1389+  3C55 7F          				.db			$7f											; ..############## 
1390+  3C56 7F          				.db			$7f											; ..############## 
1391+  3C57 00          				.db			$00											; ................ 
1392+  3C58             
1393+  3C58             L3c58:
1394+  3C58 06          				.db			$06											; ..........####.. $8b
1395+  3C59 06          				.db			$06											; ..........####.. 
1396+  3C5A 06          				.db			$06											; ..........####.. 
1397+  3C5B 06          				.db			$06											; ..........####.. 
1398+  3C5C 06          				.db			$06											; ..........####.. 
1399+  3C5D FE          				.db			$fe											; ##############.. 
1400+  3C5E FE          				.db			$fe											; ##############.. 
1401+  3C5F 00          				.db			$00											; ................ 
1402+  3C60             
1403+  3C60             L3c60:
1404+  3C60 00          				.db			$00											; ................ $8c
1405+  3C61 7F          				.db			$7f											; ..############## 
1406+  3C62 7F          				.db			$7f											; ..############## 
1407+  3C63 7F          				.db			$7f											; ..############## 
1408+  3C64 7F          				.db			$7f											; ..############## 
1409+  3C65 7F          				.db			$7f											; ..############## 
1410+  3C66 7F          				.db			$7f											; ..############## 
1411+  3C67 7F          				.db			$7f											; ..############## 
1412+  3C68             
1413+  3C68             L3c68:
1414+  3C68 00          				.db			$00											; ................ $8d
1415+  3C69 FE          				.db			$fe											; ##############.. 
1416+  3C6A FE          				.db			$fe											; ##############.. 
1417+  3C6B FE          				.db			$fe											; ##############.. 
1418+  3C6C FE          				.db			$fe											; ##############.. 
1419+  3C6D FE          				.db			$fe											; ##############.. 
1420+  3C6E FE          				.db			$fe											; ##############.. 
1421+  3C6F FE          				.db			$fe											; ##############.. 
1422+  3C70             
1423+  3C70             L3c70:
1424+  3C70 7F          				.db			$7f											; ..############## $8e
1425+  3C71 7F          				.db			$7f											; ..############## 
1426+  3C72 7F          				.db			$7f											; ..############## 
1427+  3C73 7F          				.db			$7f											; ..############## 
1428+  3C74 7F          				.db			$7f											; ..############## 
1429+  3C75 7F          				.db			$7f											; ..############## 
1430+  3C76 7F          				.db			$7f											; ..############## 
1431+  3C77 00          				.db			$00											; ................ 
1432+  3C78             
1433+  3C78             L3c78:
1434+  3C78 FE          				.db			$fe											; ##############.. $8f
1435+  3C79 FE          				.db			$fe											; ##############.. 
1436+  3C7A FE          				.db			$fe											; ##############.. 
1437+  3C7B FE          				.db			$fe											; ##############.. 
1438+  3C7C FE          				.db			$fe											; ##############.. 
1439+  3C7D FE          				.db			$fe											; ##############.. 
1440+  3C7E FE          				.db			$fe											; ##############.. 
1441+  3C7F 00          				.db			$00											; ................ 
1442+  3C80             
1443+  3C80             L3c80:
1444+  3C80 00          				.db			$00											; ................ $90
1445+  3C81 00          				.db			$00											; ................ 
1446+  3C82 00          				.db			$00											; ................ 
1447+  3C83 00          				.db			$00											; ................ 
1448+  3C84 00          				.db			$00											; ................ 
1449+  3C85 00          				.db			$00											; ................ 
1450+  3C86 00          				.db			$00											; ................ 
1451+  3C87 00          				.db			$00											; ................ 
1452+  3C88             
1453+  3C88             L3c88:
1454+  3C88 18          				.db			$18											; ......####...... $91
1455+  3C89 24          				.db			$24											; ....##....##.... 
1456+  3C8A 24          				.db			$24											; ....##....##.... 
1457+  3C8B 18          				.db			$18											; ......####...... 
1458+  3C8C 2C          				.db			$2c											; ....##..####.... 
1459+  3C8D 76          				.db			$76											; ..######..####.. 
1460+  3C8E BD          				.db			$bd											; ##..########..## 
1461+  3C8F 81          				.db			$81											; ##............## 
1462+  3C90             
1463+  3C90             L3c90:
1464+  3C90 00          				.db			$00											; ................ $92
1465+  3C91 00          				.db			$00											; ................ 
1466+  3C92 00          				.db			$00											; ................ 
1467+  3C93 00          				.db			$00											; ................ 
1468+  3C94 00          				.db			$00											; ................ 
1469+  3C95 00          				.db			$00											; ................ 
1470+  3C96 00          				.db			$00											; ................ 
1471+  3C97 00          				.db			$00											; ................ 
1472+  3C98             
1473+  3C98             L3c98:
1474+  3C98 00          				.db			$00											; ................ $93
1475+  3C99 00          				.db			$00											; ................ 
1476+  3C9A 00          				.db			$00											; ................ 
1477+  3C9B 00          				.db			$00											; ................ 
1478+  3C9C 00          				.db			$00											; ................ 
1479+  3C9D 00          				.db			$00											; ................ 
1480+  3C9E 00          				.db			$00											; ................ 
1481+  3C9F 00          				.db			$00											; ................ 
1482+  3CA0             
1483+  3CA0             L3ca0:
1484+  3CA0 00          				.db			$00											; ................ $94
1485+  3CA1 00          				.db			$00											; ................ 
1486+  3CA2 00          				.db			$00											; ................ 
1487+  3CA3 00          				.db			$00											; ................ 
1488+  3CA4 00          				.db			$00											; ................ 
1489+  3CA5 00          				.db			$00											; ................ 
1490+  3CA6 00          				.db			$00											; ................ 
1491+  3CA7 00          				.db			$00											; ................ 
1492+  3CA8             
1493+  3CA8             L3ca8:
1494+  3CA8 00          				.db			$00											; ................ $95
1495+  3CA9 00          				.db			$00											; ................ 
1496+  3CAA 00          				.db			$00											; ................ 
1497+  3CAB 00          				.db			$00											; ................ 
1498+  3CAC 00          				.db			$00											; ................ 
1499+  3CAD 00          				.db			$00											; ................ 
1500+  3CAE 00          				.db			$00											; ................ 
1501+  3CAF 00          				.db			$00											; ................ 
1502+  3CB0             
1503+  3CB0             L3cb0:
1504+  3CB0 00          				.db			$00											; ................ $96
1505+  3CB1 00          				.db			$00											; ................ 
1506+  3CB2 00          				.db			$00											; ................ 
1507+  3CB3 00          				.db			$00											; ................ 
1508+  3CB4 00          				.db			$00											; ................ 
1509+  3CB5 00          				.db			$00											; ................ 
1510+  3CB6 00          				.db			$00											; ................ 
1511+  3CB7 00          				.db			$00											; ................ 
1512+  3CB8             
1513+  3CB8             L3cb8:
1514+  3CB8 00          				.db			$00											; ................ $97
1515+  3CB9 00          				.db			$00											; ................ 
1516+  3CBA 00          				.db			$00											; ................ 
1517+  3CBB 00          				.db			$00											; ................ 
1518+  3CBC 00          				.db			$00											; ................ 
1519+  3CBD 00          				.db			$00											; ................ 
1520+  3CBE 00          				.db			$00											; ................ 
1521+  3CBF 00          				.db			$00											; ................ 
1522+  3CC0             
1523+  3CC0             L3cc0:
1524+  3CC0 00          				.db			$00											; ................ $98
1525+  3CC1 00          				.db			$00											; ................ 
1526+  3CC2 00          				.db			$00											; ................ 
1527+  3CC3 00          				.db			$00											; ................ 
1528+  3CC4 00          				.db			$00											; ................ 
1529+  3CC5 00          				.db			$00											; ................ 
1530+  3CC6 00          				.db			$00											; ................ 
1531+  3CC7 00          				.db			$00											; ................ 
1532+  3CC8             
1533+  3CC8             L3cc8:
1534+  3CC8 00          				.db			$00											; ................ $99
1535+  3CC9 00          				.db			$00											; ................ 
1536+  3CCA 00          				.db			$00											; ................ 
1537+  3CCB 00          				.db			$00											; ................ 
1538+  3CCC 00          				.db			$00											; ................ 
1539+  3CCD 00          				.db			$00											; ................ 
1540+  3CCE 00          				.db			$00											; ................ 
1541+  3CCF 00          				.db			$00											; ................ 
1542+  3CD0             
1543+  3CD0             L3cd0:
1544+  3CD0 00          				.db			$00											; ................ $9a
1545+  3CD1 00          				.db			$00											; ................ 
1546+  3CD2 00          				.db			$00											; ................ 
1547+  3CD3 00          				.db			$00											; ................ 
1548+  3CD4 00          				.db			$00											; ................ 
1549+  3CD5 00          				.db			$00											; ................ 
1550+  3CD6 00          				.db			$00											; ................ 
1551+  3CD7 00          				.db			$00											; ................ 
1552+  3CD8             
1553+  3CD8             L3cd8:
1554+  3CD8 00          				.db			$00											; ................ $9b
1555+  3CD9 00          				.db			$00											; ................ 
1556+  3CDA 00          				.db			$00											; ................ 
1557+  3CDB 00          				.db			$00											; ................ 
1558+  3CDC 00          				.db			$00											; ................ 
1559+  3CDD 00          				.db			$00											; ................ 
1560+  3CDE 00          				.db			$00											; ................ 
1561+  3CDF 00          				.db			$00											; ................ 
1562+  3CE0             
1563+  3CE0             L3ce0:
1564+  3CE0 00          				.db			$00											; ................ $9c
1565+  3CE1 00          				.db			$00											; ................ 
1566+  3CE2 00          				.db			$00											; ................ 
1567+  3CE3 00          				.db			$00											; ................ 
1568+  3CE4 00          				.db			$00											; ................ 
1569+  3CE5 00          				.db			$00											; ................ 
1570+  3CE6 00          				.db			$00											; ................ 
1571+  3CE7 00          				.db			$00											; ................ 
1572+  3CE8             
1573+  3CE8             L3ce8:
1574+  3CE8 00          				.db			$00											; ................ $9d
1575+  3CE9 00          				.db			$00											; ................ 
1576+  3CEA 00          				.db			$00											; ................ 
1577+  3CEB 00          				.db			$00											; ................ 
1578+  3CEC 00          				.db			$00											; ................ 
1579+  3CED 00          				.db			$00											; ................ 
1580+  3CEE 00          				.db			$00											; ................ 
1581+  3CEF 00          				.db			$00											; ................ 
1582+  3CF0             
1583+  3CF0             L3cf0:
1584+  3CF0 00          				.db			$00											; ................ $9e
1585+  3CF1 00          				.db			$00											; ................ 
1586+  3CF2 00          				.db			$00											; ................ 
1587+  3CF3 00          				.db			$00											; ................ 
1588+  3CF4 00          				.db			$00											; ................ 
1589+  3CF5 00          				.db			$00											; ................ 
1590+  3CF6 00          				.db			$00											; ................ 
1591+  3CF7 00          				.db			$00											; ................ 
1592+  3CF8             
1593+  3CF8             L3cf8:
1594+  3CF8 00          				.db			$00											; ................ $9f
1595+  3CF9 00          				.db			$00											; ................ 
1596+  3CFA 00          				.db			$00											; ................ 
1597+  3CFB 00          				.db			$00											; ................ 
1598+  3CFC 00          				.db			$00											; ................ 
1599+  3CFD 00          				.db			$00											; ................ 
1600+  3CFE 00          				.db			$00											; ................ 
1601+  3CFF 00          				.db			$00											; ................ 
1602+  3D00             
1603+  3D00             L3d00:
1604+  3D00 00          				.db			$00											; ................ $a0
1605+  3D01 00          				.db			$00											; ................ 
1606+  3D02 00          				.db			$00											; ................ 
1607+  3D03 00          				.db			$00											; ................ 
1608+  3D04 00          				.db			$00											; ................ 
1609+  3D05 00          				.db			$00											; ................ 
1610+  3D06 00          				.db			$00											; ................ 
1611+  3D07 00          				.db			$00											; ................ 
1612+  3D08             
1613+  3D08             L3d08:
1614+  3D08 00          				.db			$00											; ................ $a1
1615+  3D09 00          				.db			$00											; ................ 
1616+  3D0A 00          				.db			$00											; ................ 
1617+  3D0B 00          				.db			$00											; ................ 
1618+  3D0C 00          				.db			$00											; ................ 
1619+  3D0D 00          				.db			$00											; ................ 
1620+  3D0E 00          				.db			$00											; ................ 
1621+  3D0F 00          				.db			$00											; ................ 
1622+  3D10             
1623+  3D10             L3d10:
1624+  3D10 00          				.db			$00											; ................ $a2
1625+  3D11 00          				.db			$00											; ................ 
1626+  3D12 00          				.db			$00											; ................ 
1627+  3D13 00          				.db			$00											; ................ 
1628+  3D14 00          				.db			$00											; ................ 
1629+  3D15 00          				.db			$00											; ................ 
1630+  3D16 00          				.db			$00											; ................ 
1631+  3D17 00          				.db			$00											; ................ 
1632+  3D18             
1633+  3D18             L3d18:
1634+  3D18 00          				.db			$00											; ................ $a3
1635+  3D19 00          				.db			$00											; ................ 
1636+  3D1A 00          				.db			$00											; ................ 
1637+  3D1B 00          				.db			$00											; ................ 
1638+  3D1C 00          				.db			$00											; ................ 
1639+  3D1D 00          				.db			$00											; ................ 
1640+  3D1E 00          				.db			$00											; ................ 
1641+  3D1F 00          				.db			$00											; ................ 
1642+  3D20             
1643+  3D20             L3d20:
1644+  3D20 00          				.db			$00											; ................ $a4
1645+  3D21 00          				.db			$00											; ................ 
1646+  3D22 00          				.db			$00											; ................ 
1647+  3D23 00          				.db			$00											; ................ 
1648+  3D24 00          				.db			$00											; ................ 
1649+  3D25 00          				.db			$00											; ................ 
1650+  3D26 00          				.db			$00											; ................ 
1651+  3D27 00          				.db			$00											; ................ 
1652+  3D28             
1653+  3D28             L3d28:
1654+  3D28 00          				.db			$00											; ................ $a5
1655+  3D29 00          				.db			$00											; ................ 
1656+  3D2A 00          				.db			$00											; ................ 
1657+  3D2B 00          				.db			$00											; ................ 
1658+  3D2C 00          				.db			$00											; ................ 
1659+  3D2D 00          				.db			$00											; ................ 
1660+  3D2E 00          				.db			$00											; ................ 
1661+  3D2F 00          				.db			$00											; ................ 
1662+  3D30             
1663+  3D30             L3d30:
1664+  3D30 00          				.db			$00											; ................ $a6
1665+  3D31 00          				.db			$00											; ................ 
1666+  3D32 00          				.db			$00											; ................ 
1667+  3D33 00          				.db			$00											; ................ 
1668+  3D34 00          				.db			$00											; ................ 
1669+  3D35 00          				.db			$00											; ................ 
1670+  3D36 00          				.db			$00											; ................ 
1671+  3D37 00          				.db			$00											; ................ 
1672+  3D38             
1673+  3D38             L3d38:
1674+  3D38 00          				.db			$00											; ................ $a7
1675+  3D39 00          				.db			$00											; ................ 
1676+  3D3A 00          				.db			$00											; ................ 
1677+  3D3B 00          				.db			$00											; ................ 
1678+  3D3C 00          				.db			$00											; ................ 
1679+  3D3D 00          				.db			$00											; ................ 
1680+  3D3E 00          				.db			$00											; ................ 
1681+  3D3F 00          				.db			$00											; ................ 
1682+  3D40             
1683+  3D40             L3d40:
1684+  3D40 00          				.db			$00											; ................ $a8
1685+  3D41 00          				.db			$00											; ................ 
1686+  3D42 00          				.db			$00											; ................ 
1687+  3D43 00          				.db			$00											; ................ 
1688+  3D44 00          				.db			$00											; ................ 
1689+  3D45 00          				.db			$00											; ................ 
1690+  3D46 00          				.db			$00											; ................ 
1691+  3D47 00          				.db			$00											; ................ 
1692+  3D48             
1693+  3D48             L3d48:
1694+  3D48 00          				.db			$00											; ................ $a9
1695+  3D49 00          				.db			$00											; ................ 
1696+  3D4A 00          				.db			$00											; ................ 
1697+  3D4B 00          				.db			$00											; ................ 
1698+  3D4C 00          				.db			$00											; ................ 
1699+  3D4D 00          				.db			$00											; ................ 
1700+  3D4E 00          				.db			$00											; ................ 
1701+  3D4F 00          				.db			$00											; ................ 
1702+  3D50             
1703+  3D50             L3d50:
1704+  3D50 00          				.db			$00											; ................ $aa
1705+  3D51 00          				.db			$00											; ................ 
1706+  3D52 00          				.db			$00											; ................ 
1707+  3D53 00          				.db			$00											; ................ 
1708+  3D54 00          				.db			$00											; ................ 
1709+  3D55 00          				.db			$00											; ................ 
1710+  3D56 00          				.db			$00											; ................ 
1711+  3D57 00          				.db			$00											; ................ 
1712+  3D58             
1713+  3D58             L3d58:
1714+  3D58 00          				.db			$00											; ................ $ab
1715+  3D59 00          				.db			$00											; ................ 
1716+  3D5A 00          				.db			$00											; ................ 
1717+  3D5B 00          				.db			$00											; ................ 
1718+  3D5C 00          				.db			$00											; ................ 
1719+  3D5D 00          				.db			$00											; ................ 
1720+  3D5E 00          				.db			$00											; ................ 
1721+  3D5F 00          				.db			$00											; ................ 
1722+  3D60             
1723+  3D60             L3d60:
1724+  3D60 00          				.db			$00											; ................ $ac
1725+  3D61 00          				.db			$00											; ................ 
1726+  3D62 00          				.db			$00											; ................ 
1727+  3D63 00          				.db			$00											; ................ 
1728+  3D64 00          				.db			$00											; ................ 
1729+  3D65 00          				.db			$00											; ................ 
1730+  3D66 00          				.db			$00											; ................ 
1731+  3D67 00          				.db			$00											; ................ 
1732+  3D68             
1733+  3D68             L3d68:
1734+  3D68 00          				.db			$00											; ................ $ad
1735+  3D69 00          				.db			$00											; ................ 
1736+  3D6A 00          				.db			$00											; ................ 
1737+  3D6B 00          				.db			$00											; ................ 
1738+  3D6C 00          				.db			$00											; ................ 
1739+  3D6D 00          				.db			$00											; ................ 
1740+  3D6E 00          				.db			$00											; ................ 
1741+  3D6F 00          				.db			$00											; ................ 
1742+  3D70             
1743+  3D70             L3d70:
1744+  3D70 00          				.db			$00											; ................ $ae
1745+  3D71 00          				.db			$00											; ................ 
1746+  3D72 00          				.db			$00											; ................ 
1747+  3D73 00          				.db			$00											; ................ 
1748+  3D74 00          				.db			$00											; ................ 
1749+  3D75 00          				.db			$00											; ................ 
1750+  3D76 00          				.db			$00											; ................ 
1751+  3D77 00          				.db			$00											; ................ 
1752+  3D78             
1753+  3D78             L3d78:
1754+  3D78 00          				.db			$00											; ................ $af
1755+  3D79 00          				.db			$00											; ................ 
1756+  3D7A 00          				.db			$00											; ................ 
1757+  3D7B 00          				.db			$00											; ................ 
1758+  3D7C 00          				.db			$00											; ................ 
1759+  3D7D 00          				.db			$00											; ................ 
1760+  3D7E 00          				.db			$00											; ................ 
1761+  3D7F 00          				.db			$00											; ................ 
1762+  3D80             
1763+  3D80             L3d80:
1764+  3D80 00          				.db			$00											; ................ $b0
1765+  3D81 00          				.db			$00											; ................ 
1766+  3D82 00          				.db			$00											; ................ 
1767+  3D83 00          				.db			$00											; ................ 
1768+  3D84 00          				.db			$00											; ................ 
1769+  3D85 00          				.db			$00											; ................ 
1770+  3D86 00          				.db			$00											; ................ 
1771+  3D87 00          				.db			$00											; ................ 
1772+  3D88             
1773+  3D88             L3d88:
1774+  3D88 00          				.db			$00											; ................ $b1
1775+  3D89 00          				.db			$00											; ................ 
1776+  3D8A 00          				.db			$00											; ................ 
1777+  3D8B 00          				.db			$00											; ................ 
1778+  3D8C 00          				.db			$00											; ................ 
1779+  3D8D 00          				.db			$00											; ................ 
1780+  3D8E 00          				.db			$00											; ................ 
1781+  3D8F 00          				.db			$00											; ................ 
1782+  3D90             
1783+  3D90             L3d90:
1784+  3D90 00          				.db			$00											; ................ $b2
1785+  3D91 00          				.db			$00											; ................ 
1786+  3D92 00          				.db			$00											; ................ 
1787+  3D93 00          				.db			$00											; ................ 
1788+  3D94 00          				.db			$00											; ................ 
1789+  3D95 00          				.db			$00											; ................ 
1790+  3D96 00          				.db			$00											; ................ 
1791+  3D97 00          				.db			$00											; ................ 
1792+  3D98             
1793+  3D98             L3d98:
1794+  3D98 00          				.db			$00											; ................ $b3
1795+  3D99 00          				.db			$00											; ................ 
1796+  3D9A 00          				.db			$00											; ................ 
1797+  3D9B 00          				.db			$00											; ................ 
1798+  3D9C 00          				.db			$00											; ................ 
1799+  3D9D 00          				.db			$00											; ................ 
1800+  3D9E 00          				.db			$00											; ................ 
1801+  3D9F 00          				.db			$00											; ................ 
1802+  3DA0             
1803+  3DA0             L3da0:
1804+  3DA0 00          				.db			$00											; ................ $b4
1805+  3DA1 00          				.db			$00											; ................ 
1806+  3DA2 00          				.db			$00											; ................ 
1807+  3DA3 00          				.db			$00											; ................ 
1808+  3DA4 00          				.db			$00											; ................ 
1809+  3DA5 00          				.db			$00											; ................ 
1810+  3DA6 00          				.db			$00											; ................ 
1811+  3DA7 00          				.db			$00											; ................ 
1812+  3DA8             
1813+  3DA8             L3da8:
1814+  3DA8 00          				.db			$00											; ................ $b5
1815+  3DA9 00          				.db			$00											; ................ 
1816+  3DAA 00          				.db			$00											; ................ 
1817+  3DAB 00          				.db			$00											; ................ 
1818+  3DAC 00          				.db			$00											; ................ 
1819+  3DAD 00          				.db			$00											; ................ 
1820+  3DAE 00          				.db			$00											; ................ 
1821+  3DAF 00          				.db			$00											; ................ 
1822+  3DB0             
1823+  3DB0             L3db0:
1824+  3DB0 00          				.db			$00											; ................ $b6
1825+  3DB1 00          				.db			$00											; ................ 
1826+  3DB2 00          				.db			$00											; ................ 
1827+  3DB3 00          				.db			$00											; ................ 
1828+  3DB4 00          				.db			$00											; ................ 
1829+  3DB5 00          				.db			$00											; ................ 
1830+  3DB6 00          				.db			$00											; ................ 
1831+  3DB7 00          				.db			$00											; ................ 
1832+  3DB8             
1833+  3DB8             L3db8:
1834+  3DB8 00          				.db			$00											; ................ $b7
1835+  3DB9 00          				.db			$00											; ................ 
1836+  3DBA 00          				.db			$00											; ................ 
1837+  3DBB 00          				.db			$00											; ................ 
1838+  3DBC 00          				.db			$00											; ................ 
1839+  3DBD 00          				.db			$00											; ................ 
1840+  3DBE 00          				.db			$00											; ................ 
1841+  3DBF 00          				.db			$00											; ................ 
1842+  3DC0             
1843+  3DC0             L3dc0:
1844+  3DC0 00          				.db			$00											; ................ $b8
1845+  3DC1 00          				.db			$00											; ................ 
1846+  3DC2 00          				.db			$00											; ................ 
1847+  3DC3 00          				.db			$00											; ................ 
1848+  3DC4 00          				.db			$00											; ................ 
1849+  3DC5 00          				.db			$00											; ................ 
1850+  3DC6 00          				.db			$00											; ................ 
1851+  3DC7 00          				.db			$00											; ................ 
1852+  3DC8             
1853+  3DC8             L3dc8:
1854+  3DC8 00          				.db			$00											; ................ $b9
1855+  3DC9 00          				.db			$00											; ................ 
1856+  3DCA 00          				.db			$00											; ................ 
1857+  3DCB 00          				.db			$00											; ................ 
1858+  3DCC 00          				.db			$00											; ................ 
1859+  3DCD 00          				.db			$00											; ................ 
1860+  3DCE 00          				.db			$00											; ................ 
1861+  3DCF 00          				.db			$00											; ................ 
1862+  3DD0             
1863+  3DD0             L3dd0:
1864+  3DD0 00          				.db			$00											; ................ $ba
1865+  3DD1 7F          				.db			$7f											; ..############## 
1866+  3DD2 7F          				.db			$7f											; ..############## 
1867+  3DD3 7F          				.db			$7f											; ..############## 
1868+  3DD4 7F          				.db			$7f											; ..############## 
1869+  3DD5 7F          				.db			$7f											; ..############## 
1870+  3DD6 7F          				.db			$7f											; ..############## 
1871+  3DD7 7F          				.db			$7f											; ..############## 
1872+  3DD8             
1873+  3DD8             L3dd8:
1874+  3DD8 00          				.db			$00											; ................ $bb
1875+  3DD9 FE          				.db			$fe											; ##############.. 
1876+  3DDA FE          				.db			$fe											; ##############.. 
1877+  3DDB FE          				.db			$fe											; ##############.. 
1878+  3DDC FE          				.db			$fe											; ##############.. 
1879+  3DDD FE          				.db			$fe											; ##############.. 
1880+  3DDE FE          				.db			$fe											; ##############.. 
1881+  3DDF FE          				.db			$fe											; ##############.. 
1882+  3DE0             
1883+  3DE0             L3de0:
1884+  3DE0 7F          				.db			$7f											; ..############## $bc
1885+  3DE1 7F          				.db			$7f											; ..############## 
1886+  3DE2 7F          				.db			$7f											; ..############## 
1887+  3DE3 7F          				.db			$7f											; ..############## 
1888+  3DE4 7F          				.db			$7f											; ..############## 
1889+  3DE5 7F          				.db			$7f											; ..############## 
1890+  3DE6 7F          				.db			$7f											; ..############## 
1891+  3DE7 00          				.db			$00											; ................ 
1892+  3DE8             
1893+  3DE8             L3de8:
1894+  3DE8 FE          				.db			$fe											; ##############.. $bd
1895+  3DE9 FE          				.db			$fe											; ##############.. 
1896+  3DEA FE          				.db			$fe											; ##############.. 
1897+  3DEB FE          				.db			$fe											; ##############.. 
1898+  3DEC FE          				.db			$fe											; ##############.. 
1899+  3DED FE          				.db			$fe											; ##############.. 
1900+  3DEE FE          				.db			$fe											; ##############.. 
1901+  3DEF 00          				.db			$00											; ................ 
1902+  3DF0             
1903+  3DF0             L3df0:
1904+  3DF0 00          				.db			$00											; ................ $be
1905+  3DF1 00          				.db			$00											; ................ 
1906+  3DF2 00          				.db			$00											; ................ 
1907+  3DF3 00          				.db			$00											; ................ 
1908+  3DF4 00          				.db			$00											; ................ 
1909+  3DF5 00          				.db			$00											; ................ 
1910+  3DF6 00          				.db			$00											; ................ 
1911+  3DF7 00          				.db			$00											; ................ 
1912+  3DF8             
1913+  3DF8             L3df8:
1914+  3DF8 00          				.db			$00											; ................ $bf
1915+  3DF9 00          				.db			$00											; ................ 
1916+  3DFA 00          				.db			$00											; ................ 
1917+  3DFB 00          				.db			$00											; ................ 
1918+  3DFC 00          				.db			$00											; ................ 
1919+  3DFD 00          				.db			$00											; ................ 
1920+  3DFE 00          				.db			$00											; ................ 
1921+  3DFF 00          				.db			$00											; ................ 
1922+  3E00             
1923+  3E00             L3e00:
1924+  3E00 00          				.db			$00											; ................ $c0
1925+  3E01 00          				.db			$00											; ................ 
1926+  3E02 00          				.db			$00											; ................ 
1927+  3E03 00          				.db			$00											; ................ 
1928+  3E04 00          				.db			$00											; ................ 
1929+  3E05 00          				.db			$00											; ................ 
1930+  3E06 00          				.db			$00											; ................ 
1931+  3E07 00          				.db			$00											; ................ 
1932+  3E08             
1933+  3E08             L3e08:
1934+  3E08 18          				.db			$18											; ......####...... $c1
1935+  3E09 24          				.db			$24											; ....##....##.... 
1936+  3E0A 24          				.db			$24											; ....##....##.... 
1937+  3E0B 18          				.db			$18											; ......####...... 
1938+  3E0C 2C          				.db			$2c											; ....##..####.... 
1939+  3E0D 76          				.db			$76											; ..######..####.. 
1940+  3E0E BD          				.db			$bd											; ##..########..## 
1941+  3E0F 81          				.db			$81											; ##............## 
1942+  3E10             
1943+  3E10             L3e10:
1944+  3E10 00          				.db			$00											; ................ $c2
1945+  3E11 00          				.db			$00											; ................ 
1946+  3E12 00          				.db			$00											; ................ 
1947+  3E13 00          				.db			$00											; ................ 
1948+  3E14 00          				.db			$00											; ................ 
1949+  3E15 00          				.db			$00											; ................ 
1950+  3E16 18          				.db			$18											; ......####...... 
1951+  3E17 24          				.db			$24											; ....##....##.... 
1952+  3E18             
1953+  3E18             L3e18:
1954+  3E18 24          				.db			$24											; ....##....##.... $c3
1955+  3E19 18          				.db			$18											; ......####...... 
1956+  3E1A 2C          				.db			$2c											; ....##..####.... 
1957+  3E1B 76          				.db			$76											; ..######..####.. 
1958+  3E1C BD          				.db			$bd											; ##..########..## 
1959+  3E1D 81          				.db			$81											; ##............## 
1960+  3E1E 00          				.db			$00											; ................ 
1961+  3E1F 00          				.db			$00											; ................ 
1962+  3E20             
1963+  3E20             L3e20:
1964+  3E20 00          				.db			$00											; ................ $c4
1965+  3E21 00          				.db			$00											; ................ 
1966+  3E22 00          				.db			$00											; ................ 
1967+  3E23 00          				.db			$00											; ................ 
1968+  3E24 18          				.db			$18											; ......####...... 
1969+  3E25 24          				.db			$24											; ....##....##.... 
1970+  3E26 24          				.db			$24											; ....##....##.... 
1971+  3E27 18          				.db			$18											; ......####...... 
1972+  3E28             
1973+  3E28             L3e28:
1974+  3E28 2C          				.db			$2c											; ....##..####.... $c5
1975+  3E29 76          				.db			$76											; ..######..####.. 
1976+  3E2A BD          				.db			$bd											; ##..########..## 
1977+  3E2B 81          				.db			$81											; ##............## 
1978+  3E2C 00          				.db			$00											; ................ 
1979+  3E2D 00          				.db			$00											; ................ 
1980+  3E2E 00          				.db			$00											; ................ 
1981+  3E2F 00          				.db			$00											; ................ 
1982+  3E30             
1983+  3E30             L3e30:
1984+  3E30 00          				.db			$00											; ................ $c6
1985+  3E31 00          				.db			$00											; ................ 
1986+  3E32 18          				.db			$18											; ......####...... 
1987+  3E33 24          				.db			$24											; ....##....##.... 
1988+  3E34 24          				.db			$24											; ....##....##.... 
1989+  3E35 18          				.db			$18											; ......####...... 
1990+  3E36 2C          				.db			$2c											; ....##..####.... 
1991+  3E37 76          				.db			$76											; ..######..####.. 
1992+  3E38             
1993+  3E38             L3e38:
1994+  3E38 BD          				.db			$bd											; ##..########..## $c7
1995+  3E39 81          				.db			$81											; ##............## 
1996+  3E3A 00          				.db			$00											; ................ 
1997+  3E3B 00          				.db			$00											; ................ 
1998+  3E3C 00          				.db			$00											; ................ 
1999+  3E3D 00          				.db			$00											; ................ 
2000+  3E3E 00          				.db			$00											; ................ 
2001+  3E3F 00          				.db			$00											; ................ 
2002+  3E40             
2003+  3E40             L3e40:
2004+  3E40 81          				.db			$81											; ##............## $c8
2005+  3E41 BD          				.db			$bd											; ##..########..## 
2006+  3E42 6E          				.db			$6e											; ..####..######.. 
2007+  3E43 34          				.db			$34											; ....####..##.... 
2008+  3E44 18          				.db			$18											; ......####...... 
2009+  3E45 24          				.db			$24											; ....##....##.... 
2010+  3E46 24          				.db			$24											; ....##....##.... 
2011+  3E47 18          				.db			$18											; ......####...... 
2012+  3E48             
2013+  3E48             L3e48:
2014+  3E48 00          				.db			$00											; ................ $c9
2015+  3E49 00          				.db			$00											; ................ 
2016+  3E4A 00          				.db			$00											; ................ 
2017+  3E4B 00          				.db			$00											; ................ 
2018+  3E4C 00          				.db			$00											; ................ 
2019+  3E4D 00          				.db			$00											; ................ 
2020+  3E4E 00          				.db			$00											; ................ 
2021+  3E4F 00          				.db			$00											; ................ 
2022+  3E50             
2023+  3E50             L3e50:
2024+  3E50 00          				.db			$00											; ................ $ca
2025+  3E51 00          				.db			$00											; ................ 
2026+  3E52 81          				.db			$81											; ##............## 
2027+  3E53 BD          				.db			$bd											; ##..########..## 
2028+  3E54 6E          				.db			$6e											; ..####..######.. 
2029+  3E55 34          				.db			$34											; ....####..##.... 
2030+  3E56 18          				.db			$18											; ......####...... 
2031+  3E57 24          				.db			$24											; ....##....##.... 
2032+  3E58             
2033+  3E58             L3e58:
2034+  3E58 24          				.db			$24											; ....##....##.... $cb
2035+  3E59 18          				.db			$18											; ......####...... 
2036+  3E5A 00          				.db			$00											; ................ 
2037+  3E5B 00          				.db			$00											; ................ 
2038+  3E5C 00          				.db			$00											; ................ 
2039+  3E5D 00          				.db			$00											; ................ 
2040+  3E5E 00          				.db			$00											; ................ 
2041+  3E5F 00          				.db			$00											; ................ 
2042+  3E60             
2043+  3E60             L3e60:
2044+  3E60 00          				.db			$00											; ................ $cc
2045+  3E61 00          				.db			$00											; ................ 
2046+  3E62 00          				.db			$00											; ................ 
2047+  3E63 00          				.db			$00											; ................ 
2048+  3E64 81          				.db			$81											; ##............## 
2049+  3E65 BD          				.db			$bd											; ##..########..## 
2050+  3E66 6E          				.db			$6e											; ..####..######.. 
2051+  3E67 34          				.db			$34											; ....####..##.... 
2052+  3E68             
2053+  3E68             L3e68:
2054+  3E68 18          				.db			$18											; ......####...... $cd
2055+  3E69 24          				.db			$24											; ....##....##.... 
2056+  3E6A 24          				.db			$24											; ....##....##.... 
2057+  3E6B 18          				.db			$18											; ......####...... 
2058+  3E6C 00          				.db			$00											; ................ 
2059+  3E6D 00          				.db			$00											; ................ 
2060+  3E6E 00          				.db			$00											; ................ 
2061+  3E6F 00          				.db			$00											; ................ 
2062+  3E70             
2063+  3E70             L3e70:
2064+  3E70 00          				.db			$00											; ................ $ce
2065+  3E71 00          				.db			$00											; ................ 
2066+  3E72 00          				.db			$00											; ................ 
2067+  3E73 00          				.db			$00											; ................ 
2068+  3E74 00          				.db			$00											; ................ 
2069+  3E75 00          				.db			$00											; ................ 
2070+  3E76 81          				.db			$81											; ##............## 
2071+  3E77 BD          				.db			$bd											; ##..########..## 
2072+  3E78             
2073+  3E78             L3e78:
2074+  3E78 6E          				.db			$6e											; ..####..######.. $cf
2075+  3E79 34          				.db			$34											; ....####..##.... 
2076+  3E7A 18          				.db			$18											; ......####...... 
2077+  3E7B 24          				.db			$24											; ....##....##.... 
2078+  3E7C 24          				.db			$24											; ....##....##.... 
2079+  3E7D 18          				.db			$18											; ......####...... 
2080+  3E7E 00          				.db			$00											; ................ 
2081+  3E7F 00          				.db			$00											; ................ 
2082+  3E80             
2083+  3E80             L3e80:
2084+  3E80 C0          				.db			$c0											; ####............ $d0
2085+  3E81 20          				.db			$20											; ....##.......... 
2086+  3E82 76          				.db			$76											; ..######..####.. 
2087+  3E83 69          				.db			$69											; ..####..##....## 
2088+  3E84 59          				.db			$59											; ..##..####....## 
2089+  3E85 76          				.db			$76											; ..######..####.. 
2090+  3E86 20          				.db			$20											; ....##.......... 
2091+  3E87 C0          				.db			$c0											; ####............ 
2092+  3E88             
2093+  3E88             L3e88:
2094+  3E88 00          				.db			$00											; ................ $d1
2095+  3E89 00          				.db			$00											; ................ 
2096+  3E8A 00          				.db			$00											; ................ 
2097+  3E8B 00          				.db			$00											; ................ 
2098+  3E8C 00          				.db			$00											; ................ 
2099+  3E8D 00          				.db			$00											; ................ 
2100+  3E8E 00          				.db			$00											; ................ 
2101+  3E8F 00          				.db			$00											; ................ 
2102+  3E90             
2103+  3E90             L3e90:
2104+  3E90 30          				.db			$30											; ....####........ $d2
2105+  3E91 08          				.db			$08											; ........##...... 
2106+  3E92 1D          				.db			$1d											; ......######..## 
2107+  3E93 1A          				.db			$1a											; ......####..##.. 
2108+  3E94 16          				.db			$16											; ......##..####.. 
2109+  3E95 1D          				.db			$1d											; ......######..## 
2110+  3E96 08          				.db			$08											; ........##...... 
2111+  3E97 30          				.db			$30											; ....####........ 
2112+  3E98             
2113+  3E98             L3e98:
2114+  3E98 00          				.db			$00											; ................ $d3
2115+  3E99 00          				.db			$00											; ................ 
2116+  3E9A 80          				.db			$80											; ##.............. 
2117+  3E9B 40          				.db			$40											; ..##............ 
2118+  3E9C 40          				.db			$40											; ..##............ 
2119+  3E9D 80          				.db			$80											; ##.............. 
2120+  3E9E 00          				.db			$00											; ................ 
2121+  3E9F 00          				.db			$00											; ................ 
2122+  3EA0             
2123+  3EA0             L3ea0:
2124+  3EA0 0C          				.db			$0c											; ........####.... $d4
2125+  3EA1 02          				.db			$02											; ............##.. 
2126+  3EA2 07          				.db			$07											; ..........###### 
2127+  3EA3 06          				.db			$06											; ..........####.. 
2128+  3EA4 05          				.db			$05											; ..........##..## 
2129+  3EA5 07          				.db			$07											; ..........###### 
2130+  3EA6 02          				.db			$02											; ............##.. 
2131+  3EA7 0C          				.db			$0c											; ........####.... 
2132+  3EA8             
2133+  3EA8             L3ea8:
2134+  3EA8 00          				.db			$00											; ................ $d5
2135+  3EA9 00          				.db			$00											; ................ 
2136+  3EAA 60          				.db			$60											; ..####.......... 
2137+  3EAB 90          				.db			$90											; ##....##........ 
2138+  3EAC 90          				.db			$90											; ##....##........ 
2139+  3EAD 60          				.db			$60											; ..####.......... 
2140+  3EAE 00          				.db			$00											; ................ 
2141+  3EAF 00          				.db			$00											; ................ 
2142+  3EB0             
2143+  3EB0             L3eb0:
2144+  3EB0 03          				.db			$03											; ............#### $d6
2145+  3EB1 00          				.db			$00											; ................ 
2146+  3EB2 01          				.db			$01											; ..............## 
2147+  3EB3 01          				.db			$01											; ..............## 
2148+  3EB4 01          				.db			$01											; ..............## 
2149+  3EB5 01          				.db			$01											; ..............## 
2150+  3EB6 00          				.db			$00											; ................ 
2151+  3EB7 03          				.db			$03											; ............#### 
2152+  3EB8             
2153+  3EB8             L3eb8:
2154+  3EB8 00          				.db			$00											; ................ $d7
2155+  3EB9 80          				.db			$80											; ##.............. 
2156+  3EBA D8          				.db			$d8											; ####..####...... 
2157+  3EBB A4          				.db			$a4											; ##..##....##.... 
2158+  3EBC 64          				.db			$64											; ..####....##.... 
2159+  3EBD D8          				.db			$d8											; ####..####...... 
2160+  3EBE 80          				.db			$80											; ##.............. 
2161+  3EBF 00          				.db			$00											; ................ 
2162+  3EC0             
2163+  3EC0             L3ec0:
2164+  3EC0 00          				.db			$00											; ................ $d8
2165+  3EC1 00          				.db			$00											; ................ 
2166+  3EC2 00          				.db			$00											; ................ 
2167+  3EC3 00          				.db			$00											; ................ 
2168+  3EC4 00          				.db			$00											; ................ 
2169+  3EC5 00          				.db			$00											; ................ 
2170+  3EC6 00          				.db			$00											; ................ 
2171+  3EC7 00          				.db			$00											; ................ 
2172+  3EC8             
2173+  3EC8             L3ec8:
2174+  3EC8 03          				.db			$03											; ............#### $d9
2175+  3EC9 04          				.db			$04											; ..........##.... 
2176+  3ECA 6E          				.db			$6e											; ..####..######.. 
2177+  3ECB 9A          				.db			$9a											; ##....####..##.. 
2178+  3ECC 96          				.db			$96											; ##....##..####.. 
2179+  3ECD 6E          				.db			$6e											; ..####..######.. 
2180+  3ECE 04          				.db			$04											; ..........##.... 
2181+  3ECF 03          				.db			$03											; ............#### 
2182+  3ED0             
2183+  3ED0             L3ed0:
2184+  3ED0 00          				.db			$00											; ................ $da
2185+  3ED1 00          				.db			$00											; ................ 
2186+  3ED2 01          				.db			$01											; ..............## 
2187+  3ED3 02          				.db			$02											; ............##.. 
2188+  3ED4 02          				.db			$02											; ............##.. 
2189+  3ED5 01          				.db			$01											; ..............## 
2190+  3ED6 00          				.db			$00											; ................ 
2191+  3ED7 00          				.db			$00											; ................ 
2192+  3ED8             
2193+  3ED8             L3ed8:
2194+  3ED8 0C          				.db			$0c											; ........####.... $db
2195+  3ED9 10          				.db			$10											; ......##........ 
2196+  3EDA B8          				.db			$b8											; ##..######...... 
2197+  3EDB 68          				.db			$68											; ..####..##...... 
2198+  3EDC 58          				.db			$58											; ..##..####...... 
2199+  3EDD B8          				.db			$b8											; ##..######...... 
2200+  3EDE 10          				.db			$10											; ......##........ 
2201+  3EDF 0C          				.db			$0c											; ........####.... 
2202+  3EE0             
2203+  3EE0             L3ee0:
2204+  3EE0 00          				.db			$00											; ................ $dc
2205+  3EE1 00          				.db			$00											; ................ 
2206+  3EE2 06          				.db			$06											; ..........####.. 
2207+  3EE3 09          				.db			$09											; ........##....## 
2208+  3EE4 09          				.db			$09											; ........##....## 
2209+  3EE5 06          				.db			$06											; ..........####.. 
2210+  3EE6 00          				.db			$00											; ................ 
2211+  3EE7 00          				.db			$00											; ................ 
2212+  3EE8             
2213+  3EE8             L3ee8:
2214+  3EE8 30          				.db			$30											; ....####........ $dd
2215+  3EE9 40          				.db			$40											; ..##............ 
2216+  3EEA E0          				.db			$e0											; ######.......... 
2217+  3EEB A0          				.db			$a0											; ##..##.......... 
2218+  3EEC 60          				.db			$60											; ..####.......... 
2219+  3EED E0          				.db			$e0											; ######.......... 
2220+  3EEE 40          				.db			$40											; ..##............ 
2221+  3EEF 30          				.db			$30											; ....####........ 
2222+  3EF0             
2223+  3EF0             L3ef0:
2224+  3EF0 00          				.db			$00											; ................ $de
2225+  3EF1 01          				.db			$01											; ..............## 
2226+  3EF2 1B          				.db			$1b											; ......####..#### 
2227+  3EF3 26          				.db			$26											; ....##....####.. 
2228+  3EF4 25          				.db			$25											; ....##....##..## 
2229+  3EF5 1B          				.db			$1b											; ......####..#### 
2230+  3EF6 01          				.db			$01											; ..............## 
2231+  3EF7 00          				.db			$00											; ................ 
2232+  3EF8             
2233+  3EF8             L3ef8:
2234+  3EF8 C0          				.db			$c0											; ####............ $df
2235+  3EF9 00          				.db			$00											; ................ 
2236+  3EFA 80          				.db			$80											; ##.............. 
2237+  3EFB 80          				.db			$80											; ##.............. 
2238+  3EFC 80          				.db			$80											; ##.............. 
2239+  3EFD 80          				.db			$80											; ##.............. 
2240+  3EFE 00          				.db			$00											; ................ 
2241+  3EFF C0          				.db			$c0											; ####............ 
2242+  3F00             
2243+  3F00             				.end4425   3F00             
4426   3F00             				.org		$3f00
4427   3F00             				;; Patch for end of L1ab8
4428   3F00             L3f69:
4429   3F00 A9 50       				lda			#$50
4430   3F02 20 AC 20    				jsr			L23cf										; Set AUDIO1 bits 
4431   3F05 A9 00       				lda			#$00
4432   3F07 8D 01 52    				sta			AUDIO2
4433   3F0A 20 6F 3F    				jsr			L3fe2
4434   3F0D A9 EE       				lda			#$ee										; Clear MOB1,2
4435   3F0F 8D 00 51    				sta			MOBLAT									; Sprite latch
4436   3F12 A5 1A       				lda			SPRVAL
4437   3F14 29 02       				and			#$02
4438   3F16 D0 0B       				bne			L3f8c
4439   3F18 EA          				nop
4440   3F19             
4441   3F19 A5 1C       				lda			SPR1H
4442   3F1B 18          				clc
4443   3F1C 69 08       				adc			#$08
4444   3F1E 85 1C       				sta			SPR1H
4445   3F20 4C 2A 3F    				jmp			L3f93
4446   3F23             
4447   3F23             L3f8c:
4448   3F23 A5 1D       				lda			SPR1V
4449   3F25 18          				clc
4450   3F26 69 08       				adc			#$08
4451   3F28 85 1D       				sta			SPR1V
4452   3F2A             
4453   3F2A             L3f93:
4454   3F2A A5 1A       				lda			SPRVAL
4455   3F2C 09 0F       				ora			#$0f										; Set 4 LSBs (Clear MOB1)
4456   3F2E 85 1A       				sta			SPRVAL
4457   3F30 A5 A7       				lda			STATUS
4458   3F32 09 20       				ora			#$20										; Set D5 
4459   3F34 85 A7       				sta			STATUS
4460   3F36             
4461   3F36             
4462   3F36             				;; Explosion animation
4463   3F36 A9 F8       				lda			#$f8										; 1st explosion sprite 
4464   3F38 85 0A       				sta			$0a
4465   3F3A             
4466   3F3A             L3fa3:
4467   3F3A 8D 00 51    				sta			MOBLAT									; Sprite latch
4468   3F3D             
4469   3F3D             				;; Delay
4470   3F3D A9 08       				lda			#$08										; Delay 8 frames 
4471   3F3F 20 EA 20    				jsr			DELAY
4472   3F42             
4473   3F42 E6 0A       				inc			$0a
4474   3F44~            .if 0
4475   3F44~            				lda			$0a
4476   3F44~            				cmp			#$fa										; Last explosion sprite 
4477   3F44~            				bcs			L3fbd
4478   3F44~            				nop
4479   3F44             .endif
4480   3F44 A5 0A       				lda			$0a
4481   3F46             L3fbd:
4482   3F46 C9 FE       				cmp			#$fe
4483   3F48 D0 F0       				bne			L3fa3
4484   3F4A             
4485   3F4A A9 15       				lda			#$15
4486   3F4C 20 EA 20    				jsr			DELAY										; Delay 21 frames
4487   3F4F             
4488   3F4F A9 10       				lda			#$10
4489   3F51 20 AC 20    				jsr			L23cf										; Set AUDIO1 bits 
4490   3F54 A5 30       				lda			$30
4491   3F56 09 02       				ora			#$02										; Set D1 
4492   3F58 85 30       				sta			$30
4493   3F5A A5 1A       				lda			SPRVAL
4494   3F5C 09 F0       				ora			#$f0										; Clear MOB2
4495   3F5E 85 1A       				sta			SPRVAL
4496   3F60 8D 00 51    				sta			MOBLAT									; Sprite latch
4497   3F63             
4498   3F63 A9 2A       				lda			#$2a
4499   3F65 20 EA 20    				jsr			DELAY										; Delay 42 frames
4500   3F68             
4501   3F68 A5 A7       				lda			STATUS
4502   3F6A 29 DF       				and			#$df										; Clear D5 
4503   3F6C 85 A7       				sta			STATUS
4504   3F6E 60          				rts
4505   3F6F             
4506   3F6F             L3fe2:
4507   3F6F 24 A7       				bit			STATUS
4508   3F71 10 06       				bpl			L3fec										; D7 clear 
4509   3F73 EA          				nop
4510   3F74             
4511   3F74 A9 70       				lda			#$70
4512   3F76 8D 00 52    				sta			AUDIO1
4513   3F79             L3fec:
4514   3F79 60          				rts
4515   3F7A             
4516   3F7A             
4517   3F7A             				;; Vectors
4518   3FF8             				.org		$3ff8
4519   3FF8 00 30       				.dw			LRESET									; ???   vector
4520   3FFA 00 30       				.dw			LRESET									; BRK   vector
4521   3FFC 00 30       				.dw			LRESET									; Reset vector
4522   3FFE BA 31       				.dw			LIRQ										; IRQ   vector
4523   4000             
4524   4000             				.end
tasm: Number of errors = 1
