0001   0000             				;; Variables from asm
0002   0000             				;; $0008-0009		= PRNG
0003   0000             				
0004   0000             				;; Constants
0005   0000             HSEC		= $1e										; 1/2 second = 30 IRQs
0006   0000             
0007   0000             				;; Memory loc
0008   0000             L0000		= $00										; Misc temp var
0009   0000             L0001		= $01										; Misc temp var
0010   0000             START		= $02										; UNUSED
0011   0000             HSCNT		= $03
0012   0000             L0003		= $03										; (2 bytes) Misc temp var
0013   0000             DELL		= $06										; (2 bytes) Delay counter (Was $16)
0014   0000             DELH		= $07										; (2 bytes) Delay counter	(Was $17)
0015   0000             PRNG		= $08										; (2 bytes) PRNG
0016   0000             DEADSPR	= $0a										; Sprite for crash sequence
0017   0000             				
0018   0000             ARRTMP	= $0b										; (7 bytes) arrow temp location   ($0b to $12)
0019   0000             ATPRNT	= $0b										; +0 Arrow PRNG val
0020   0000             ATDIR		= $0c										; +1 Arrow dir
0021   0000             ATFLAG	= $0d										; +2 Arrow flags
0022   0000             ATNUM		= $0e										; +3 Arrow num
0023   0000             ATXXX		= $0f										; +4 ??
0024   0000             ATXPOS	=	$10										; +5 Arrow X
0025   0000             ATYPOS	=	$11										; +6 Arrow Y
0026   0000             				
0027   0000             STRLOC	= $0e										; (2 bytes) String source data (was $14, $18)
0028   0000             SCRLOC	= $10										; (2 bytes) Screen loc to draw string
0029   0000             
0030   0000             TIMERA	= $12										; VBlank IRQ countdown timer
0031   0000             				
0032   0000             SPRVAL	= $1a										; Local MOBLAT st
0033   0000             SPR1H		= $1c										; Written to MOB1H during IRQ
0034   0000             SPR1V		= $1d										; Written to MOB1V during IRQ
0035   0000             ADDS1H	= $1e										; MOB1 H "speed"
0036   0000             ADDS1V	= $1f										; MOB1 V "speed"
0037   0000             SPR2H		= $22										; Written to MOB2H during IRQ
0038   0000             SPR2V		= $23										; Written to MOB2V during IRQ
0039   0000             ADDS2H	= $24										; MOB2 H "speed"
0040   0000             ADDS2V	= $25										; MOB2 V "speed"
0041   0000             L002e		= $2e										; Set to #$00, never read
0042   0000             L002f		= $2f										; Set to #$0a only
0043   0000             L0030		= $30										; ??
0044   0000             ARRPTR	= $32										; (2 bytes) Pointer to arrow
0045   0000             CURIN0	= $34										; Validated control inputs
0046   0000             OLDIN0	= $35										; Last $34 (not really used)
0047   0000             OOLDIN0	= $36										; Last $35 (not really used)
0048   0000             L003c		= $3c										; Unused
0049   0000             L0041		= $41										; (3/15 bytes) temp storage
0050   0000             ARRTBL	= $50										; Arrow control table ($07 bytes * $0a arrows == $50-96)
0051   0000             				;; +0		= $00-$0f from PRNG
0052   0000             				;; +1		= Direction ($00/08/10/18 = U, D, R, L)
0053   0000             				;; +2		= $a0 if last arrow, $00 if not?
0054   0000             				;; +3		= Initially arrow #?
0055   0000             				;; +4		= $1f initially
0056   0000             				;; +5-6	= Screen position
0057   0000             				
0058   0000             SPECLOC	= $9b										; (2 bytes) location of special target
0059   0000             
0060   0000             HCOIN		= $a0										; Half coins
0061   0000             CREDIT	= $a1										; Credits
0062   0000             COINCNT	= $a2										; Counter in coin routine
0063   0000             
0064   0000             VAUD1		= $a3										; AUDIO1 value store
0065   0000             STATUS	= $a7										; D<1:> = P# for HS
0066   0000             SCOREH	= $ae										; (2 bytes) High score
0067   0000             				;; $00b0				= shots at special
0068   0000             ARROWS	= $b1
0069   0000             				;; $00b2				= Smart move code?
0070   0000             				;; $00b3				= Flash counter
0071   0000             				;; $00b4-00b5		= Flash screen location
0072   0000             				;; $00b6				= Car base timer
0073   0000             				;; $00b7				= Car "calender"?7
0074   0000             				;; $00b8				= Special object counter
0075   0000             				;; $00b9-00ba		= Flashing image
0076   0000             				;; $00bc				= Type of points to award
0077   0000             SCOREP	= $bd										; (2 bytes) Player score
0078   0000             PNUM		= $bf										; 1=P1, 2=P2
0079   0000             NUMP		= $c0										; # Players
0080   0000             LIVES		= $c1										; LIves left
0081   0000             				;; $00c2				= Bullet "calendar"?
0082   0000             				;; $00c3				= Points per arrow
0083   0000             PSCOREL	= $d0										; $d0-d1 = P1/2 Score lo
0084   0000             PSCOREH = $d2										; $d2-d3 = P1/2 Score hi
0085   0000             PARROW  = $d4										; $d4-d5 = P1/2 Active arrows
0086   0000             PLIVES	= $d5										; $d6-d7 = P1/2 Lives left
0087   0000             				;; $00d8-00d9		= P1/2 shots at special target
0088   0000             				;; $00da-00db		= P1/2 Points per arrow
0089   0000             PLEVEL	= $dc										; $dc-dd = P1/2					Level?
0090   0000             				;; $00de-00df		= P1/2 ??
0091   0000             
0092   0000             				;; $00e0-00ff		= Apparently unused
0093   0000             
0094   0000             
0095   0000             				;; $0300				= Counter to validate coins
0096   0000             				;; $0301				= D7 = Good coin 2, D6 = Good coin 1
0097   0000             
0098   0000             HSTBL		= $0200													; Change for real kit
0099   0000             INITS		=	$0210													; Change for real kit
0100   0000             				
0101   0000             MOB1H		= $5000
0102   0000             MOB1V		= $5040
0103   0000             MOB2H		= $5080
0104   0000             MOB2V		= $50c0
0105   0000             MOBLAT	= $5100
0106   0000             
0107   0000             DSW			= $5100													; DIP switches
0108   0000             IN0			= $5101													; Inputs
0109   0000             IN0B		= $5105													; Mirror of above 
0110   0000             AUDIO1	= $5200
0111   0000             AUDIO2	= $5201
0112   0000             
0113   0000             				.org		$0000
0114   0000 FF          				.db			$ff
0115   0001             
0116   1800             				.org		$1800
0117   1800             L1800:
0118   1800 20 7B 2A    				jsr			L2f0c										; Copy player data to PX
targ_hs.asm line 0119: Range of relative branch exceeded. 
0119   1803 D0 00       				bne			L180f										; (Always) 
0120   1805             
0121   1805             L1806:
0122   1805 20 79 2A    				jsr			L2f0a										; Copy player data to P2
targ_hs.asm line 0123: Range of relative branch exceeded. 
0123   1808 D0 00       				bne			L180f										; (Always) 
0124   180A             
0125   180A             L180c:
0126   180A 20 75 2A    				jsr			L2f05										; Copy player data to P1
0127   180D 60          				rts
0128   180E             
0129   180E             L1814:
0130   180E 20 5C 2A    				jsr			L2eec								; Copy PX store to player data
0131   1811 4C 1D 18    				jmp			L1823
0132   1814             
0133   1814             L181a:
0134   1814 20 5A 2A    				jsr			L2eea								; Copy P2 store to player data
0135   1817 4C 1D 18    				jmp			L1823
0136   181A             
0137   181A             L1820:
0138   181A 20 55 2A    				jsr			L2ee5								; Copy P1 store to player data
0139   181D             L1823:
0140   181D B5 DE       				lda			$de, x
0141   181F 85 28       				sta			$28									; ??
0142   1821 60          				rts
0143   1822             
0144   1822             L1828:
0145   1822 20 2C 18    				jsr			L1832
0146   1825 20 41 18    				jsr			L1847
0147   1828 20 3F 21    				jsr			L2371
0148   182B 60          				rts
0149   182C             
0150   182C             L1832:
0151   182C C6 A4       				dec			$a4
0152   182E 30 07       				bmi			L183d
0153   1830 EA          				nop
0154   1831 A9 02       				lda			#$02
0155   1833 20 7A 21    				jsr			L23cf										; Set AUDIO1 bits 
0156   1836 60          				rts
0157   1837             
0158   1837             L183d:
0159   1837 A9 FD       				lda			#$fd
0160   1839 20 7E 21    				jsr			L23ca
0161   183C A9 00       				lda			#$00
0162   183E 85 A4       				sta			$a4
0163   1840 60          				rts
0164   1841             
0165   1841             L1847:
0166   1841 C6 A5       				dec			$a5
0167   1843 30 02       				bmi			L184d
0168   1845 EA          				nop
0169   1846 60          				rts
0170   1847             L184d:
0171   1847 38          				sec
0172   1848 A9 14       				lda			#$14
0173   184A E5 B7       				sbc			$b7
0174   184C 85 A5       				sta			$a5
0175   184E A5 A6       				lda			$a6
0176   1850 29 01       				and			#$01
0177   1852 C9 01       				cmp			#$01
0178   1854 D0 19       				bne			L1875
0179   1856 EA          				nop
0180   1857 A9 00       				lda			#$00
0181   1859             L185f:
0182   1859 85 A6       				sta			$a6
0183   185B A5 B1       				lda			ARROWS
0184   185D C9 03       				cmp			#$03
0185   185F F0 13       				beq			L187a
0186   1861 EA          				nop
0187   1862 C9 01       				cmp			#$01
0188   1864 F0 0E       				beq			L187a
0189   1866 EA          				nop
0190   1867 A5 A6       				lda			$a6
0191   1869 09 02       				ora			#$02
0192   186B 8D 01 52    				sta			AUDIO2
0193   186E 60          				rts
0194   186F             L1875:
0195   186F A9 01       				lda			#$01
0196   1871 4C 59 18    				jmp			L185f
0197   1874             L187a:
0198   1874 A5 A6       				lda			$a6
0199   1876 8D 01 52    				sta			AUDIO2
0200   1879 60          				rts
0201   187A             
0202   187A             
0203   187A             				;; Draw big bonus #s
0204   187A             L1880:
0205   187A A9 3D       				lda			#$3d
0206   187C 85 03       				sta			$03
0207   187E             
0208   187E             				;; ($10-11) = $4048
0209   187E             L1884:
0210   187E             				;; Start location = $4045
0211   187E             				;; Width = 4*4+3*2 = 22 
0212   187E A9 45       				lda			#$45
0213   1880 85 10       				sta			SCRLOC
0214   1882 A9 40       				lda			#$40
0215   1884 85 11       				sta			SCRLOC+1
0216   1886             
0217   1886 A5 BF       				lda			PNUM										; Player # (2/1)
0218   1888 4A          				lsr			a												; (1/0)
0219   1889 AA          				tax															; (1/0)
0220   188A B5 DC       				lda			$dc, x									; Level / bonus #
0221   188C AA          				tax
0222   188D BD D5 1D    				lda			L1fde, x								; Index into table by level
0223   1890 AA          				tax
0224   1891 20 9C 18    				jsr			L18a2										; Draw big # 
0225   1894 20 9A 18    				jsr			L18a0										; Draw big 0 
0226   1897 20 9A 18    				jsr			L18a0										; Draw big 0 
0227   189A             
0228   189A             				;; Draw big 0
0229   189A             L18a0:
0230   189A A2 00       				ldx			#$00
0231   189C             L18a2:
0232   189C BC 57 1D    				ldy			LBIG0, x								; Table
0233   189F C0 FF       				cpy			#$ff										; $ff ends table 
0234   18A1 F0 09       				beq			L18b2										; Exit loop
0235   18A3 EA          				nop
0236   18A4             
0237   18A4 A5 03       				lda			$03
0238   18A6 91 10       				sta			(SCRLOC), y
0239   18A8 E8          				inx
0240   18A9 4C 9C 18    				jmp			L18a2										; Loop
0241   18AC             
0242   18AC             L18b2:
0243   18AC 18          				clc
0244   18AD A5 10       				lda			SCRLOC
0245   18AF 69 06       				adc			#$06										; Space to next # 
0246   18B1 85 10       				sta			SCRLOC
0247   18B3 60          				rts
0248   18B4             
0249   18B4             	
0250   18B4             				;; Draw HI SCR
0251   18B4             L18e2:
0252   18B4 A9 06       				lda			#$06										; HI SCR
0253   18B6 20 B6 20    				jsr			DRAWSTRA
0254   18B9             				
0255   18B9 A5 AE       				lda			SCOREH									; High score lo
0256   18BB 85 03       				sta			$03
0257   18BD A5 AF       				lda			SCOREH+1								; High score hi
0258   18BF A2 11       				ldx			#$11										; Location 
0259   18C1 20 81 27    				jsr			L2a60										; Draw 2 byte score from a, $03
0260   18C4 60          				rts
0261   18C5             
0262   18C5             
0263   18C5             				;; GAME OVER
0264   18C5             L1918:
0265   18C5 20 0E 21    				jsr			L2340										; Clear screen
0266   18C8             
0267   18C8             				;; Draw STR07
0268   18C8 A9 07       				lda			#$07										; END OF GAME
0269   18CA 20 B6 20    				jsr			DRAWSTRA
0270   18CD             
0271   18CD 20 B6 21    				jsr			DEL168
0272   18D0 85 02       				sta			START										; Clear START to flag game over
0273   18D2 60          				rts
0274   18D3             
0275   18D3             
0276   18D3             				;; Decrement credits
0277   18D3             L193a:
0278   18D3 A5 A1       				lda			CREDIT									; Credits
0279   18D5 D0 03       				bne			L1941
0280   18D7 EA          				nop
0281   18D8 38          				sec															; Carry = no credits
0282   18D9 60          				rts
0283   18DA             
0284   18DA             L1941:
0285   18DA F8          				sed															; Decimal mode
0286   18DB 38          				sec															; Clear borrow
0287   18DC E9 01       				sbc			#$01										; Decrement
0288   18DE 85 A1       				sta			CREDIT									; Credits
0289   18E0 D8          				cld															; Clear decimal
0290   18E1 20 FD 27    				jsr			L2bea										; Draw CREDITS_##
0291   18E4 18          				clc															; No carry = credits
0292   18E5 60          				rts
0293   18E6             
0294   18E6             
0295   18E6             L194d:
0296   18E6 20 0A 19    				jsr			L1971
0297   18E9             
0298   18E9 A2 01       				ldx			#$01										; P1 offset
0299   18EB A5 BF       				lda			PNUM										; Current player
0300   18ED C9 01       				cmp			#$01
0301   18EF F0 03       				beq			L195b										; Is P1
0302   18F1 EA          				nop
0303   18F2             
0304   18F2 A2 1A       				ldx			#$1a										; P2 offset
0305   18F4             L195b:
0306   18F4 A9 00       				lda			#$00
0307   18F6             
0308   18F6 20 73 27    				jsr			L2a52										; Add a to current player score
0309   18F9 A5 2F       				lda			$2f
0310   18FB 85 B1       				sta			ARROWS
0311   18FD 20 1D 28    				jsr			L2c2b										; Initial arrow config
0312   1900 C6 28       				dec			$28
0313   1902 10 05       				bpl			L1970
0314   1904 EA          				nop
0315   1905             
0316   1905 A9 00       				lda			#$00										; Don'y dec below 0 
0317   1907 85 28       				sta			$28
0318   1909             L1970:
0319   1909 60          				rts
0320   190A             
0321   190A             
0322   190A             L1971:
0323   190A 20 14 19    				jsr			L197b
0324   190D 20 5C 27    				jsr			L2a3b										; Draw player scores
0325   1910 20 9E 27    				jsr			L2a7d
0326   1913 60          				rts
0327   1914             
0328   1914             L197b:
0329   1914 20 1D 28    				jsr			L2c2b										; Initial arrow config
0330   1917 A9 00       				lda			#$00
0331   1919 85 1D       				sta			SPR1V
0332   191B 85 30       				sta			$30
0333   191D 85 3E       				sta			$3e
0334   191F 85 1F       				sta			$1f
0335   1921 85 31       				sta			$31
0336   1923 85 B3       				sta			$b3
0337   1925 85 B8       				sta			$b8
0338   1927 85 BC       				sta			$bc
0339   1929 A9 08       				lda			#$08
0340   192B 85 1C       				sta			SPR1H
0341   192D A9 F3       				lda			#$f3										; MOB1 = player 
0342   192F 85 1A       				sta			SPRVAL
0343   1931 20 D3 21    				jsr			L246d										; Update MOBLAT 
0344   1934 A9 01       				lda			#$01
0345   1936 85 1E       				sta			$1e
0346   1938 20 1A 2A    				jsr			L2eaa
0347   193B A9 06       				lda			#$06
0348   193D 85 B6       				sta			$b6
0349   193F 85 B7       				sta			$b7
0350   1941 A9 03       				lda			#$03
0351   1943 85 20       				sta			$20
0352   1945 85 21       				sta			$21
0353   1947 A9 80       				lda			#$80
0354   1949 85 B9       				sta			$b9
0355   194B             
0356   194B 20 0E 21    				jsr			L2340										; Clear screen
0357   194E 20 FD 27    				jsr			L2bea										; Draw CREDITS_##
0358   1951 20 22 24    				jsr			L26c8
0359   1954 A9 0A       				lda			#$0a										; # Arrows 
0360   1956 85 2F       				sta			$2f											; Set
0361   1958 A9 04       				lda			#$04
0362   195A 85 B0       				sta			$b0
0363   195C 60          				rts
0364   195D             
0365   195D             L19c4:
0366   195D A5 BC       				lda			$bc
0367   195F D0 02       				bne			L19ca
0368   1961 EA          				nop
0369   1962             
0370   1962 60          				rts
0371   1963             
0372   1963             L19ca:
0373   1963 A6 BF       				ldx			PNUM
0374   1965 F0 3F       				beq			L1a0d
0375   1967 EA          				nop
0376   1968 E0 01       				cpx			#$01
0377   196A F0 06       				beq			L19d9
0378   196C EA          				nop
0379   196D A2 1A       				ldx			#$1a										; P2 location 
0380   196F 4C 74 19    				jmp			L19db
0381   1972             
0382   1972             L19d9:
0383   1972 A2 01       				ldx			#$01										; P1 location
0384   1974             
0385   1974             L19db:
0386   1974 A5 BC       				lda			$bc
0387   1976 30 06       				bmi			L19e5
0388   1978 EA          				nop
0389   1979             
0390   1979 A5 C3       				lda			$c3
0391   197B 4C 88 19    				jmp			L19ef
0392   197E             
0393   197E             L19e5:
0394   197E A9 60       				lda			#$60
0395   1980 20 7A 21    				jsr			L23cf										; Set AUDIO1 bits 
0396   1983 E6 A8       				inc			$a8
0397   1985 20 AB 19    				jsr			L1a12										; Special target shot
0398   1988             
0399   1988             L19ef:
0400   1988 20 73 27    				jsr			L2a52										; Add a to current player score
0401   198B E0 18       				cpx			#$18
0402   198D B0 08       				bcs			L19fe
0403   198F EA          				nop
0404   1990             
0405   1990 A2 1A       				ldx			#$1a										; Offset +$18
0406   1992 A0 01       				ldy			#$01										; Player 2
0407   1994 4C 9B 19    				jmp			L1a02
0408   1997             
0409   1997             L19fe:
0410   1997 A0 00       				ldy			#$00										; Player 1
0411   1999 A2 01       				ldx			#$01										; Location +00
0412   199B             L1a02:
0413   199B B9 D0 00    				lda			$00d0, y								; Score lo
0414   199E 85 03       				sta			$03
0415   19A0 B9 D2 00    				lda			$00d2, y								; Score hi
0416   19A3 20 81 27    				jsr			L2a60										; Draw 2 byte score from a, $03
0417   19A6             
0418   19A6             L1a0d:
0419   19A6 A9 00       				lda			#$00
0420   19A8 85 BC       				sta			$bc
0421   19AA 60          				rts
0422   19AB             
0423   19AB             
0424   19AB             				;; Special target shot
0425   19AB             L1a12:
0426   19AB 86 01       				stx			$01
0427   19AD A5 B1       				lda			ARROWS									; # active arrows
0428   19AF D0 07       				bne			L1a1f
0429   19B1 EA          				nop
0430   19B2             
0431   19B2 A5 A7       				lda			STATUS
0432   19B4 09 10       				ora			#$10										; Set bit 5
0433   19B6 85 A7       				sta			STATUS
0434   19B8             
0435   19B8             L1a1f:
0436   19B8 A9 00       				lda			#$00
0437   19BA 8D 01 52    				sta			AUDIO2
0438   19BD 20 54 21    				jsr			L23a4										; Kick PRNG
0439   19C0 29 03       				and			#$03
0440   19C2 AA          				tax
0441   19C3 BD E3 1D    				lda			L1fec, x								; Table (01 02 03 05)
0442   19C6 AA          				tax
0443   19C7 A0 00       				ldy			#$00
0444   19C9             ;				sta			$00											; Stash score
0445   19C9             
0446   19C9             				;; Copy 3 PF bytes to storage, draw score
0447   19C9 B1 9B       				lda			($9b), y
0448   19CB 99 41 00    				sta			$0041, y
0449   19CE             ;				lda			$00											; Get score
0450   19CE 8A          				txa
0451   19CF 09 30       				ora			#$30										; BCD to char 
0452   19D1 91 9B       				sta			($9b), y								; Score 100s
0453   19D3 C8          				iny
0454   19D4 B1 9B       				lda			($9b), y
0455   19D6 99 41 00    				sta			$0041, y
0456   19D9 C8          				iny
0457   19DA B1 9B       				lda			($9b), y
0458   19DC 99 41 00    				sta			$0041, y
0459   19DF 88          				dey
0460   19E0 A9 30       				lda			#$30										; '0'
0461   19E2 91 9B       				sta			($9b), y								; Add 0
0462   19E4 C8          				iny
0463   19E5 91 9B       				sta			($9b), y								; Add 0
0464   19E7 8A          				txa															; Score back to a 
0465   19E8 0A          				asl			a												; x<<1
0466   19E9 0A          				asl			a												; x<<2
0467   19EA 0A          				asl			a												; x<<3
0468   19EB 0A          				asl			a												; x<<4 (x10 BCD)
0469   19EC             ;				sta			$00											; Stash score
0470   19EC AA          				tax
0471   19ED             ;				ldx			$01											; Needed for score draw, moved
0472   19ED A9 3F       				lda			#$3f
0473   19EF 20 B8 21    				jsr			DELAY										; Delay 63 frames 
0474   19F2             
0475   19F2             				;; Copy PF chars back
0476   19F2 A0 00       				ldy			#$00
0477   19F4 20 01 1A    				jsr			L1a6e
0478   19F7 20 01 1A    				jsr			L1a6e
0479   19FA 20 01 1A    				jsr			L1a6e
0480   19FD             ;				lda			$00											; Get score
0481   19FD 8A          				txa
0482   19FE A6 01       				ldx			$01											; Needed for score draw?!
0483   1A00 60          				rts
0484   1A01             
0485   1A01             L1a6e:
0486   1A01 B9 41 00    				lda			$0041, y
0487   1A04 91 9B       				sta			($9b), y
0488   1A06 C8          				iny
0489   1A07 60          				rts
0490   1A08             
0491   1A08             L1a75:
0492   1A08 C6 B6       				dec			$b6
0493   1A0A D0 3F       				bne			L1ab8
0494   1A0C EA          				nop
0495   1A0D             
0496   1A0D A9 05       				lda			#$05
0497   1A0F 85 B6       				sta			$b6
0498   1A11 A5 20       				lda			$20
0499   1A13 10 22       				bpl			L1aa4
0500   1A15 EA          				nop
0501   1A16             
0502   1A16 E6 B7       				inc			$b7
0503   1A18 A5 B7       				lda			$b7
0504   1A1A C9 0F       				cmp			#$0f
0505   1A1C 90 08       				bcc			L1a93
0506   1A1E EA          				nop
0507   1A1F             
0508   1A1F A9 0E       				lda			#$0e
0509   1A21 85 B7       				sta			$b7
0510   1A23 4C 4B 1A    				jmp			L1ab8
0511   1A26             
0512   1A26             L1a93:
0513   1A26 AA          				tax
0514   1A27 BD E7 1D    				lda			L1ff0, x
0515   1A2A 85 00       				sta			$00
0516   1A2C A5 20       				lda			$20
0517   1A2E 29 C0       				and			#$c0										; Clear D5-0
0518   1A30 05 00       				ora			$00
0519   1A32 85 20       				sta			$20
0520   1A34 4C 4B 1A    				jmp			L1ab8
0521   1A37             
0522   1A37             L1aa4:
0523   1A37 A5 20       				lda			$20
0524   1A39 29 40       				and			#$40
0525   1A3B F0 0E       				beq			L1ab8
0526   1A3D EA          				nop
0527   1A3E             
0528   1A3E C6 B7       				dec			$b7
0529   1A40 A5 B7       				lda			$b7
0530   1A42 10 E2       				bpl			L1a93
0531   1A44             
0532   1A44 A9 00       				lda			#$00
0533   1A46 85 B7       				sta			$b7
0534   1A48 4C 26 1A    				jmp			L1a93
0535   1A4B             
0536   1A4B             L1ab8:
0537   1A4B C6 21       				dec			$21
0538   1A4D D0 17       				bne			L1ad4										; --> $2d9d  
0539   1A4F EA          				nop
0540   1A50             
0541   1A50 20 43 20    				jsr			L226a
0542   1A53 A0 00       				ldy			#$00
0543   1A55 B1 2A       				lda			($2a), y
0544   1A57 29 FE       				and			#$fe										; Clear LSB 
0545   1A59 C9 20       				cmp			#$20
0546   1A5B D0 7D       				bne			L3f69
0547   1A5D             
0548   1A5D~            .if 0
0549   1A5D~            				beq			L1ad1										; --> $2d94 
0550   1A5D~            				nop
0551   1A5D~            
0552   1A5D~            				cmp			#$21
0553   1A5D~            				beq			L1ad1										; --> $2d94 
0554   1A5D~            				nop
0555   1A5D~            
0556   1A5D~            				;; Did commenting this kill collision detection?!
0557   1A5D~            				jmp			L3f69
0558   1A5D             .endif
0559   1A5D             
0560   1A5D             L1ad1:
0561   1A5D             ;				jmp			L2d94										; Inlined 
0562   1A5D             L2d94:
0563   1A5D 20 D9 21    				jsr			L2473
0564   1A60 A5 20       				lda			$20
0565   1A62 29 3F       				and			#$3f
0566   1A64 85 21       				sta			$21
0567   1A66             
0568   1A66             L1ad4:
0569   1A66             ;				jmp			L2d9d										; Inlined 
0570   1A66             L2d9d:
0571   1A66 A5 31       				lda			$31
0572   1A68 D0 0C       				bne			L2dad
0573   1A6A EA          				nop
0574   1A6B             
0575   1A6B A9 00       				lda			#$00
0576   1A6D 85 C2       				sta			$c2
0577   1A6F A5 1A       				lda			SPRVAL
0578   1A71 09 F0       				ora			#$f0										; Clear MOB2 
0579   1A73 85 1A       				sta			SPRVAL
0580   1A75 60          				rts
0581   1A76             				
0582   1A76             L2dad:
0583   1A76 C6 27       				dec			$27
0584   1A78 D0 16       				bne			L2dc7
0585   1A7A EA          				nop
0586   1A7B             
0587   1A7B E6 C2       				inc			$c2
0588   1A7D 20 4E 20    				jsr			L2275
0589   1A80 A0 00       				ldy			#$00
0590   1A82 B1 2A       				lda			($2a), y
0591   1A84 C9 20       				cmp			#$20
0592   1A86 D0 09       				bne			L2dc8
0593   1A88 EA          				nop
0594   1A89             
0595   1A89             L2dc0:
0596   1A89 20 14 22    				jsr			L24ae
0597   1A8C A5 26       				lda			$26
0598   1A8E 85 27       				sta			$27
0599   1A90             L2dc7:
0600   1A90 60          				rts
0601   1A91             
0602   1A91             				
0603   1A91             L2dc8:
0604   1A91 85 03       				sta			$03
0605   1A93 A5 C2       				lda			$c2
0606   1A95 C9 06       				cmp			#$06
0607   1A97 90 F0       				bcc			L2dc0
0608   1A99             
0609   1A99 A9 21       				lda			#$21
0610   1A9B 91 2A       				sta			($2a), y
0611   1A9D A5 1A       				lda			SPRVAL
0612   1A9F 09 F0       				ora			#$f0
0613   1AA1 85 1A       				sta			SPRVAL
0614   1AA3 A5 30       				lda			$30
0615   1AA5 09 04       				ora			#$04										; Set D2 
0616   1AA7 85 30       				sta			$30
0617   1AA9 A9 00       				lda			#$00
0618   1AAB 85 31       				sta			$31
0619   1AAD A5 03       				lda			$03
0620   1AAF C9 C0       				cmp			#$c0
0621   1AB1 B0 02       				bcs			L2dec
0622   1AB3 EA          				nop
0623   1AB4             
0624   1AB4 60          				rts
0625   1AB5             
0626   1AB5             L2dec:
0627   1AB5 A5 3E       				lda			$3e
0628   1AB7 29 9F       				and			#$9f										; Clear D6,5 
0629   1AB9 85 3E       				sta			$3e
0630   1ABB A9 00       				lda			#$00
0631   1ABD 85 B8       				sta			$b8
0632   1ABF A9 80       				lda			#$80
0633   1AC1 85 B9       				sta			$b9
0634   1AC3 20 54 21    				jsr			L23a4										; Kick PRNG
0635   1AC6 09 C0       				ora			#$c0										; Set D7,6 
0636   1AC8 85 B3       				sta			$b3
0637   1ACA 20 1A 2A    				jsr			L2eaa
0638   1ACD A9 80       				lda			#$80
0639   1ACF 85 BC       				sta			$bc
0640   1AD1 A5 3E       				lda			$3e
0641   1AD3 29 FD       				and			#$fd
0642   1AD5 85 3E       				sta			$3e
0643   1AD7 E6 B0       				inc			$b0
0644   1AD9 60          				rts
0645   1ADA             
0646   1ADA             
0647   1ADA             				;; Moved from end
0648   1ADA             L3f69:
0649   1ADA A9 50       				lda			#$50
0650   1ADC 20 7A 21    				jsr			L23cf										; Set AUDIO1 bits 
0651   1ADF A9 00       				lda			#$00
0652   1AE1 8D 01 52    				sta			AUDIO2
0653   1AE4 20 49 1B    				jsr			L3fe2
0654   1AE7 A9 EE       				lda			#$ee										; Clear MOB1,2
0655   1AE9 8D 00 51    				sta			MOBLAT									; Sprite latch
0656   1AEC A5 1A       				lda			SPRVAL
0657   1AEE 29 02       				and			#$02
0658   1AF0 D0 0B       				bne			L3f8c
0659   1AF2 EA          				nop
0660   1AF3             
0661   1AF3 A5 1C       				lda			SPR1H
0662   1AF5 18          				clc
0663   1AF6 69 08       				adc			#$08
0664   1AF8 85 1C       				sta			SPR1H
0665   1AFA 4C 04 1B    				jmp			L3f93
0666   1AFD             
0667   1AFD             L3f8c:
0668   1AFD A5 1D       				lda			SPR1V
0669   1AFF 18          				clc
0670   1B00 69 08       				adc			#$08
0671   1B02 85 1D       				sta			SPR1V
0672   1B04             
0673   1B04             L3f93:
0674   1B04 A5 1A       				lda			SPRVAL
0675   1B06 09 0F       				ora			#$0f										; Set 4 LSBs (Clear MOB1)
0676   1B08 85 1A       				sta			SPRVAL
0677   1B0A A5 A7       				lda			STATUS
0678   1B0C 09 20       				ora			#$20										; Set D5 
0679   1B0E 85 A7       				sta			STATUS
0680   1B10             
0681   1B10             
0682   1B10             				;; Explosion animation
0683   1B10 A9 F8       				lda			#$f8										; 1st explosion sprite 
0684   1B12 85 0A       				sta			$0a
0685   1B14             
0686   1B14             L3fa3:
0687   1B14 8D 00 51    				sta			MOBLAT									; Sprite latch
0688   1B17             
0689   1B17             				;; Delay
0690   1B17 A9 08       				lda			#$08										; Delay 8 frames 
0691   1B19 20 B8 21    				jsr			DELAY
0692   1B1C             
0693   1B1C E6 0A       				inc			$0a
0694   1B1E A5 0A       				lda			$0a
0695   1B20 C9 FE       				cmp			#$fe										; Last exploision sprite 
0696   1B22 D0 F0       				bne			L3fa3
0697   1B24             
0698   1B24 A9 15       				lda			#$15
0699   1B26 20 B8 21    				jsr			DELAY										; Delay 21 frames
0700   1B29             
0701   1B29 A9 10       				lda			#$10
0702   1B2B 20 7A 21    				jsr			L23cf										; Set AUDIO1 bits 
0703   1B2E A5 30       				lda			$30
0704   1B30 09 02       				ora			#$02										; Set D1 
0705   1B32 85 30       				sta			$30
0706   1B34 A5 1A       				lda			SPRVAL
0707   1B36 09 F0       				ora			#$f0										; Clear MOB2
0708   1B38 85 1A       				sta			SPRVAL
0709   1B3A 8D 00 51    				sta			MOBLAT									; Sprite latch
0710   1B3D             
0711   1B3D A9 2A       				lda			#$2a
0712   1B3F 20 B8 21    				jsr			DELAY										; Delay 42 frames
0713   1B42             
0714   1B42 A5 A7       				lda			STATUS
0715   1B44 29 DF       				and			#$df										; Clear D5 
0716   1B46 85 A7       				sta			STATUS
0717   1B48 60          				rts
0718   1B49             
0719   1B49             L3fe2:
0720   1B49 24 A7       				bit			STATUS
0721   1B4B 10 06       				bpl			L3fec										; D7 clear 
0722   1B4D EA          				nop
0723   1B4E             
0724   1B4E A9 70       				lda			#$70
0725   1B50 8D 00 52    				sta			AUDIO1
0726   1B53             L3fec:
0727   1B53 60          				rts
0728   1B54             				;; End of moved 
0729   1B54             
0730   1B54             
0731   1B54             L1ad7:
0732   1B54 A9 91       				lda			#$91
0733   1B56 20 7F 1B    				jsr			L1b02
0734   1B59             
0735   1B59             				;; Short delay
0736   1B59 AE 16 03    				ldx			$0316
0737   1B5C             L1adf:
0738   1B5C CA          				dex
0739   1B5D EA          				nop
0740   1B5E EA          				nop
0741   1B5F D0 FB       				bne			L1adf										; Loop?
0742   1B61 EA          				nop
0743   1B62             
0744   1B62 A9 9E       				lda			#$9e
0745   1B64 20 84 1B    				jsr			L1b07
0746   1B67             
0747   1B67             				;; Short delay
0748   1B67 AE 16 03    				ldx			$0316
0749   1B6A             L1aed:
0750   1B6A CA          				dex
0751   1B6B EA          				nop
0752   1B6C EA          				nop
0753   1B6D D0 FB       				bne			L1aed										; Loop?
0754   1B6F             
0755   1B6F C6 A9       				dec			$a9
0756   1B71 D0 06       				bne			L1afc										; Loop
0757   1B73 EA          				nop
0758   1B74             
0759   1B74 C6 AA       				dec			$aa
0760   1B76 D0 DC       				bne			L1ad7										; Loop
0761   1B78 60          				rts
0762   1B79             
0763   1B79             L1afc:
0764   1B79 F0 00       				beq			L1afe										; Does nothing 
0765   1B7B             
0766   1B7B             L1afe:
0767   1B7B F0 00       				beq			L1b00										; Does nothing 
0768   1B7D             
0769   1B7D             L1b00:
0770   1B7D D0 D5       				bne			L1ad7
0771   1B7F             
0772   1B7F             L1b02:
0773   1B7F 05 AB       				ora			$ab											; 
0774   1B81 D0 03       				bne			L1b09
0775   1B83 EA          				nop
0776   1B84             
0777   1B84             L1b07:
0778   1B84 25 AB       				and			$ab
0779   1B86             
0780   1B86             L1b09:
0781   1B86 85 AB       				sta			$ab
0782   1B88 09 90       				ora			#$90										; Set D7,4 
0783   1B8A 29 F1       				and			#$f1										; Clear D3-1 
0784   1B8C 8D 00 52    				sta			AUDIO1
0785   1B8F 60          				rts
0786   1B90             
0787   1B90             
0788   1B90             				;; y = $00 or $12
0789   1B90             L1b13:
0790   1B90 B9 56 1C    				lda			L1bd9, y
0791   1B93 8D 10 03    				sta			$0310
0792   1B96 C8          				iny
0793   1B97 A9 00       				lda			#$00
0794   1B99 8D 01 52    				sta			AUDIO2
0795   1B9C             L1b1f:
0796   1B9C B9 56 1C    				lda			L1bd9, y
0797   1B9F 29 E0       				and			#$e0										; Mask high 3 bits
0798   1BA1 4A          				lsr			a												; a>>1
0799   1BA2 4A          				lsr			a												; a>>2
0800   1BA3 4A          				lsr			a												; a>>3
0801   1BA4 4A          				lsr			a												; a>>4
0802   1BA5 4A          				lsr			a												; a>>5
0803   1BA6 85 AC       				sta			$ac
0804   1BA8             L1b2b:
0805   1BA8 B9 56 1C    				lda			L1bd9, y
0806   1BAB F0 3B       				beq			L1b6b
0807   1BAD EA          				nop
0808   1BAE             
0809   1BAE C9 01       				cmp			#$01
0810   1BB0 F0 31       				beq			L1b66
0811   1BB2 EA          				nop
0812   1BB3             
0813   1BB3 C9 FF       				cmp			#$ff
0814   1BB5 F0 57       				beq			L1b91
0815   1BB7 EA          				nop
0816   1BB8             
0817   1BB8 29 1F       				and			#$1f										; Mask low 5 bits
0818   1BBA AA          				tax
0819   1BBB BD 14 1C    				lda			L1b97, x
0820   1BBE 8D 16 03    				sta			$0316
0821   1BC1 AD 10 03    				lda			$0310
0822   1BC4 F0 08       				beq			L1b51
0823   1BC6 EA          				nop
0824   1BC7             
0825   1BC7 BD 35 1C    				lda			L1bb8, x
0826   1BCA 4A          				lsr			a
0827   1BCB 4C D1 1B    				jmp			L1b54
0828   1BCE             L1b51:
0829   1BCE BD 35 1C    				lda			L1bb8, x
0830   1BD1             L1b54:
0831   1BD1 4A          				lsr			a												; a>>1 
0832   1BD2 85 A9       				sta			$a9
0833   1BD4 A9 01       				lda			#$01
0834   1BD6 85 AA       				sta			$aa
0835   1BD8 20 54 1B    				jsr			L1ad7										; Called once 
0836   1BDB C6 AC       				dec			$ac
0837   1BDD D0 C9       				bne			L1b2b
0838   1BDF             
0839   1BDF C8          				iny
0840   1BE0 4C 9C 1B    				jmp			L1b1f										; Loop back
0841   1BE3             
0842   1BE3             L1b66:
0843   1BE3 A9 30       				lda			#$30
0844   1BE5 4C EA 1B    				jmp			L1b6d
0845   1BE8             L1b6b:
0846   1BE8 A9 03       				lda			#$03
0847   1BEA             L1b6d:
0848   1BEA 8D 17 03    				sta			$0317
0849   1BED A9 00       				lda			#$00
0850   1BEF 8D 12 03    				sta			$0312
0851   1BF2 8D 13 03    				sta			$0313
0852   1BF5             L1b78:
0853   1BF5 EE 12 03    				inc			$0312
0854   1BF8             L1b7b:
0855   1BF8 EE 13 03    				inc			$0313
0856   1BFB A9 80       				lda			#$80
0857   1BFD CD 13 03    				cmp			$0313
0858   1C00 D0 F6       				bne			L1b7b
0859   1C02 AD 12 03    				lda			$0312
0860   1C05 CD 17 03    				cmp			$0317
0861   1C08 D0 EB       				bne			L1b78
0862   1C0A C8          				iny
0863   1C0B 4C 9C 1B    				jmp			L1b1f
0864   1C0E             L1b91:
0865   1C0E A9 10       				lda			#$10
0866   1C10 20 7F 1B    				jsr			L1b02
0867   1C13 60          				rts
0868   1C14             
0869   1C14             				;; Table $20 long
0870   1C14             L1b97:
0871   1C14 F6 E8 DC CE 				.db			$F6, $E8, $DC, $CE, $C2, $B9, $AD, $A4	;
0871   1C18 C2 B9 AD A4 
0872   1C1C 9B 91 89 81 				.db			$9B, $91, $89, $81, $7A, $73, $6C, $66	;
0872   1C20 7A 73 6C 66 
0873   1C24 60 5B 55 50 				.db			$60, $5B, $55, $50, $4C, $48, $43, $3F	;
0873   1C28 4C 48 43 3F 
0874   1C2C 3C 38 34 31 				.db			$3C, $38, $34, $31, $2E, $2C, $29, $26	;
0874   1C30 2E 2C 29 26 
0875   1C34 24          				.db			$24																			; ?
0876   1C35             
0877   1C35             				;; Table $20 long -- sound related?
0878   1C35             L1bb8:
0879   1C35 1F 21 23 25 				.db			$1F, $21, $23, $25, $27, $29, $2C, $2E	;
0879   1C39 27 29 2C 2E 
0880   1C3D 31 34 37 3A 				.db			$31, $34, $37, $3A, $3E, $42, $46, $4A	;
0880   1C41 3E 42 46 4A 
0881   1C45 4E 53 58 5D 				.db			$4E, $53, $58, $5D, $63, $69, $6F, $75	;
0881   1C49 63 69 6F 75 
0882   1C4D 7C 83 8B 94 				.db			$7C, $83, $8B, $94, $9D, $A6, $B0, $BA	;
0882   1C51 9D A6 B0 BA 
0883   1C55 C6          				.db			$C6																			; ?
0884   1C56             
0885   1C56             L1bd9:
0886   1C56 FF 32 35 3D 				.db			$FF, $32, $35, $3D, $32, $35, $3D, $32	;
0886   1C5A 32 35 3D 32 
0887   1C5E 35 3D 32 35 				.db			$35, $3D, $32, $35, $3D, $32, $35, $3D	;
0887   1C62 3D 32 35 3D 
0888   1C66 FF FF 32 35 				.db			$FF, $FF, $32, $35, $3D, $FF, $FF, $32	;
0888   1C6A 3D FF FF 32 
0889   1C6E 35 3D 32 35 				.db			$35, $3D, $32, $35, $3D, $FF						;
0889   1C72 3D FF 
0890   1C74             
0891   1C74             				;; End of level bonus screen
0892   1C74             L1cf2:
0893   1C74 20 0E 21    				jsr			L2340										; Clear screen
0894   1C77 20 DE 1C    				jsr			L1d80										; $3d, $be chars -> solid
0895   1C7A             
0896   1C7A A5 BF       				lda			PNUM										; 1 or 2 
0897   1C7C 4A          				lsr			a												; 0 or 1
0898   1C7D AA          				tax
0899   1C7E             				
0900   1C7E F8          				sed
0901   1C7F 18          				clc
0902   1C80 B5 DC       				lda			$dc, x									; Level bonus 
0903   1C82 C9 09       				cmp			#$09
0904   1C84 B0 05       				bcs			L1d09										; >=9, skip increment 
0905   1C86 EA          				nop
0906   1C87             
0907   1C87 69 01       				adc			#$01										; Increment 
0908   1C89 95 DC       				sta			$dc, x									; Store
0909   1C8B             
0910   1C8B             L1d09:
0911   1C8B 18          				clc
0912   1C8C 65 BE       				adc			SCOREP+1
0913   1C8E 85 BE       				sta			SCOREP+1
0914   1C90 A5 C3       				lda			$c3											; Level bonus 
0915   1C92 C9 09       				cmp			#$09
0916   1C94 B0 05       				bcs			L1d19										; >= 9, skip increment 
0917   1C96 EA          				nop
0918   1C97             
0919   1C97 69 01       				adc			#$01										; Increment
0920   1C99 85 C3       				sta			$c3											; Store 
0921   1C9B             
0922   1C9B             L1d19:
0923   1C9B D8          				cld
0924   1C9C 20 7A 18    				jsr			L1880										; Draw big bonus #s 
0925   1C9F             
0926   1C9F A9 01       				lda			#$01										; EXTRA POINTS
0927   1CA1 20 B6 20    				jsr			DRAWSTRA								; Draw string
0928   1CA4             
0929   1CA4 A9 13       				lda			#$13										; BONUS
0930   1CA6 20 B6 20    				jsr			DRAWSTRA								; Draw string
0931   1CA9             
0932   1CA9 A9 0B       				lda			#$0b										; 10 POINTS 
0933   1CAB 20 B6 20    				jsr			DRAWSTRA								; Draw string (and return)
0934   1CAE             
0935   1CAE A5 C3       				lda			$c3											; Arrow score 
0936   1CB0 09 30       				ora			#$30										; BCD to char 
0937   1CB2 8D 8D 42    				sta			$428d										; Location 
0938   1CB5 A9 10       				lda			#$10
0939   1CB7 8D 00 52    				sta			AUDIO1
0940   1CBA A0 00       				ldy			#$00
0941   1CBC 20 90 1B    				jsr			L1b13
0942   1CBF 20 EC 1C    				jsr			L1d8e
0943   1CC2 A2 2F       				ldx			#$2f										; Loop count 
0944   1CC4             L1d66:
0945   1CC4 20 CB 1C    				jsr			L1d6d										; $3d, $be chars -> random
0946   1CC7 CA          				dex
0947   1CC8 10 FA       				bpl			L1d66										; Loop 
0948   1CCA 60          				rts
0949   1CCB             
0950   1CCB             				;; Overwrite 2 char codes with random data
0951   1CCB             L1d6d:
0952   1CCB C6 06       				dec			DELL
0953   1CCD D0 FC       				bne			L1d6d
0954   1CCF A0 07       				ldy			#$07
0955   1CD1             L1d73:
0956   1CD1 20 54 21    				jsr			L23a4										; Kick PRNG
0957   1CD4 99 E8 49    				sta			$49e8, y								; Char $3d 
0958   1CD7 99 F0 4D    				sta			$4df0, y								; Char $be (not used)
0959   1CDA 88          				dey
0960   1CDB 10 F4       				bpl			L1d73										; Loop 
0961   1CDD             
0962   1CDD 60          				rts
0963   1CDE             
0964   1CDE             				;; Overwrite 2 char codes with $ff
0965   1CDE             L1d80:
0966   1CDE A9 FF       				lda			#$ff
0967   1CE0 A0 07       				ldy			#$07
0968   1CE2             L1d84:
0969   1CE2 99 E8 49    				sta			$49e8, y								; Char $3d 
0970   1CE5 99 F0 4D    				sta			$4df0, y								; Char $be (not used)
0971   1CE8 88          				dey
0972   1CE9 10 F7       				bpl			L1d84										; Loop 
0973   1CEB             
0974   1CEB 60          				rts
0975   1CEC             
0976   1CEC             L1d8e:
0977   1CEC A9 09       				lda			#$09 
0978   1CEE 85 3F       				sta			$3f											; Loop counter 
0979   1CF0 A9 12       				lda			#$12
0980   1CF2 85 B7       				sta			$b7
0981   1CF4             L1d96:
0982   1CF4 20 FE 1C    				jsr			L1da0
0983   1CF7 C6 B7       				dec			$b7
0984   1CF9 C6 3F       				dec			$3f											; Dec counter 
0985   1CFB D0 F7       				bne			L1d96										; Loop 
0986   1CFD 60          				rts
0987   1CFE             
0988   1CFE             L1da0:
0989   1CFE A5 03       				lda			$03
0990   1D00 C9 BE       				cmp			#$be
0991   1D02 F0 22       				beq			L1dc8
0992   1D04 EA          				nop
0993   1D05             
0994   1D05 A9 BE       				lda			#$be
0995   1D07 85 03       				sta			$03
0996   1D09 20 7E 18    				jsr			L1884
0997   1D0C             
0998   1D0C             				;; Delay ~3 frames
0999   1D0C             L1dae:
1000   1D0C A9 12       				lda			#$12
1001   1D0E 85 07       				sta			DELH
1002   1D10             L1db2:
1003   1D10 C6 06       				dec			DELL
1004   1D12 D0 FC       				bne			L1db2										; Inner loop 
1005   1D14 A5 07       				lda			DELH
1006   1D16 29 03       				and			#$03										; Mask LSBs 
1007   1D18 85 B1       				sta			ARROWS
1008   1D1A A5 07       				lda			DELH
1009   1D1C 29 06       				and			#$06
1010   1D1E D0 01       				bne			L1dc3
1011   1D20 EA          				nop
1012   1D21             L1dc3:
1013   1D21 C6 07       				dec			DELH
1014   1D23 D0 EB       				bne			L1db2										; Outer loop 
1015   1D25 60          				rts
1016   1D26             
1017   1D26             
1018   1D26             L1dc8:
1019   1D26 20 7A 18    				jsr			L1880
1020   1D29 20 0C 1D    				jsr			L1dae										; Delay 3 frames 
1021   1D2C 60          				rts
1022   1D2D             
1023   1D2D             
1024   1D2D             				;; Compare player score to high score
1025   1D2D             L1e08:
1026   1D2D A5 BE       				lda			SCOREP+1
1027   1D2F C5 AF       				cmp			SCOREH+1
1028   1D31 F0 05       				beq			L1e13
1029   1D33 EA          				nop
1030   1D34             
1031   1D34 B0 0A       				bcs			L1e1b
1032   1D36 EA          				nop
1033   1D37             
1034   1D37 60          				rts
1035   1D38             
1036   1D38             L1e13:
1037   1D38 A5 BD       				lda			SCOREP
1038   1D3A C5 AE       				cmp			SCOREH
1039   1D3C B0 02       				bcs			L1e1b
1040   1D3E EA          				nop
1041   1D3F             
1042   1D3F 60          				rts
1043   1D40             
1044   1D40             				;; Copy player score to high score
1045   1D40             L1e1b:
1046   1D40 A5 BD       				lda			SCOREP
1047   1D42 85 AE       				sta			SCOREH
1048   1D44 A5 BE       				lda			SCOREP+1
1049   1D46 85 AF       				sta			SCOREH+1
1050   1D48             
1051   1D48             				;; LSBs of status = Player # for high score
1052   1D48 A5 A7       				lda			STATUS
1053   1D4A 29 FC       				and			#$fc										; Clear bits 1-0 
1054   1D4C 85 A7       				sta			STATUS
1055   1D4E A5 BF       				lda			PNUM
1056   1D50 29 03       				and			#$03										; Mask bits 1-0 
1057   1D52 05 A7       				ora			STATUS
1058   1D54 85 A7       				sta			STATUS
1059   1D56 60          				rts
1060   1D57             
1061   1D57             
1062   1D57             				;; Table ($FF terminated)
1063   1D57             				;; Set pixels for large font
1064   1D57             L1f52:
1065   1D57             LBIG0:
1066   1D57 01 02       				.db			     $01, $02
1067   1D59 20 23       				.db			$20,           $23
1068   1D5B 40 43       				.db			$40,           $43
1069   1D5D 60 63       				.db			$60,           $63
1070   1D5F 80 83       				.db			$80,           $83
1071   1D61 A1 A2       				.db			     $A1, $A2
1072   1D63 FF          				.db			$FF									
1073   1D64             
1074   1D64             LBIG1:	
1075   1D64 02          				.db			          $02
1076   1D65 21 22       				.db			     $21, $22
1077   1D67 42          				.db			          $42
1078   1D68 62          				.db			          $62
1079   1D69 82          				.db			          $82
1080   1D6A A1 A2 A3    				.db			     $A1, $A2, $A3
1081   1D6D FF          				.db			$FF
1082   1D6E             
1083   1D6E             LBIG2:
1084   1D6E 01 02       				.db			     $01, $02
1085   1D70 20 23       				.db			$20,            $23
1086   1D72 43          				.db			                $43
1087   1D73 61 62       				.db			     $61,	$62
1088   1D75 80          				.db			$80
1089   1D76 A0 A1 A2 A3 				.db			$A0, $A1, $A2, $A3
1090   1D7A FF          				.db			$FF
1091   1D7B             
1092   1D7B             LBIG3:
1093   1D7B 00 01 02    				.db			$00, $01, $02, 
1094   1D7E 23          				.db			               $23
1095   1D7F 41 42       				.db			     $41, $42
1096   1D81 63          				.db			               $63
1097   1D82 80 8E       				.db			$80,           $8e
1098   1D84 A1 A2       				.db			     $A1, $A2
1099   1D86 FF          				.db			$FF
1100   1D87             
1101   1D87             LBIG4:				
1102   1D87 02          				.db			          $02
1103   1D88 20 22       				.db			$20,      $22
1104   1D8A 40 42       				.db			$40,      $42
1105   1D8C 60 61 62 63 				.db			$60, $61, $62, $63
1106   1D90 82          				.db			          $82
1107   1D91 A2          				.db		            $A2     
1108   1D92 FF          				.db			$FF
1109   1D93             
1110   1D93             LBIG5:
1111   1D93 00 01 02 03 				.db			$00, $01, $02, $03
1112   1D97 20          				.db			$20
1113   1D98 40 41 42    				.db			$40, $41, $42
1114   1D9B 63          				.db			               $63
1115   1D9C 80 83       				.db			$80,           $83
1116   1D9E A1 A2       				.db			     $A1, $A2
1117   1DA0 FF          				.db			$FF
1118   1DA1             
1119   1DA1             LBIG6:				
1120   1DA1 01 02 03    				.db			     $01, $02, $03
1121   1DA4 20          				.db			$20
1122   1DA5 40 41 42    				.db			$40, $41, $42
1123   1DA8 60 63       				.db			$60,           $63
1124   1DAA 80 83       				.db			$80,           $83
1125   1DAC A1 A2       				.db			     $A1, $A2     
1126   1DAE FF          				.db			$FF
1127   1DAF             
1128   1DAF             LBIG7:
1129   1DAF 00 01 02 03 				.db			$00, $01, $02, $03
1130   1DB3 23          				.db			               $23
1131   1DB4 42 43       				.db			          $42, $43
1132   1DB6 61 62       				.db			     $61,	$62
1133   1DB8 81          				.db			     $81
1134   1DB9 A1          				.db			     $A1
1135   1DBA FF          				.db			$FF
1136   1DBB             
1137   1DBB             LBIG8:
1138   1DBB 02 03       				.db			     $02, $03
1139   1DBD 21 23       				.db			$21,           $23
1140   1DBF 41 42       				.db			     $41, $42     
1141   1DC1 60 63       				.db			$60,           $63
1142   1DC3 80 83       				.db			$80,           $83
1143   1DC5 A1 A2       				.db			     $A1, $A2     
1144   1DC7 FF          				.db			$FF
1145   1DC8             
1146   1DC8             LBIG9:
1147   1DC8 01 02       				.db		       $01, $02     
1148   1DCA 20 23       				.db			$20,           $23
1149   1DCC 41 42 43    				.db			     $41, $42, $43
1150   1DCF 63          				.db			               $63
1151   1DD0 80 83       				.db			$80,           $83
1152   1DD2 A1 A2       				.db		       $A1, $A2      
1153   1DD4 FF          				.db			$FF
1154   1DD5             
1155   1DD5             
1156   1DD5             				;; Indicies into above table
1157   1DD5             L1fde:
1158   1DD5 00          				.db			LBIG0-LBIG0
1159   1DD6 0D          				.db			LBIG1-LBIG0
1160   1DD7 17          				.db			LBIG2-LBIG0
1161   1DD8 24          				.db			LBIG3-LBIG0
1162   1DD9 30          				.db			LBIG4-LBIG0
1163   1DDA 3C          				.db			LBIG5-LBIG0
1164   1DDB 4A          				.db			LBIG6-LBIG0
1165   1DDC 58          				.db			LBIG7-LBIG0
1166   1DDD 64          				.db			LBIG8-LBIG0
1167   1DDE 71          				.db			LBIG9-LBIG0
1168   1DDF             
1169   1DDF             				;; Fake game move table
1170   1DDF             L1fe8:
1171   1DDF 20 40 04 08 				.db			$20, $40, $04, $08			; (4 entries) {U,D,R,L}
1172   1DE3             
1173   1DE3             
1174   1DE3             				;; Score for special target (x100)
1175   1DE3             L1fec:
1176   1DE3 01 02 03 05 				.db			$01, $02, $03, $05			; (4 entries)
1177   1DE7             
1178   1DE7             				;; Table
1179   1DE7             L1ff0:
1180   1DE7 0A 09 08 06 				.db			$0a, $09, $08, $06
1181   1DEB 05 04 04 03 				.db			$05, $04, $04, $03
1182   1DEF 03 03 02 02 				.db			$03, $03, $02, $02
1183   1DF3 02 02 02 02 				.db			$02, $02, $02, $02
1184   1DF7             
1185   1DF7             				;; Check fire button
1186   1DF7             L2000:
1187   1DF7 AD 05 51    				lda			IN0B										; Control inputs
1188   1DFA C9 FF       				cmp			#$ff
1189   1DFC D0 06       				bne			L200d										; Something pressed
1190   1DFE EA          				nop
1191   1DFF             
1192   1DFF A9 00       				lda			#$00										; No controls
1193   1E01 85 34       				sta			CURIN0									; IN0 store
1194   1E03 60          				rts
1195   1E04             
1196   1E04             				;; Validate inputs
1197   1E04             L200d:
1198   1E04 85 34       				sta			CURIN0									; IN0 store
1199   1E06 A2 04       				ldx			#$04										; Loop counter
1200   1E08             L2011:
1201   1E08 AD 05 51    				lda			IN0B										; Control inputs
1202   1E0B 05 34       				ora			CURIN0									; IN0 store
1203   1E0D 85 34       				sta			CURIN0									; IN0 store
1204   1E0F CA          				dex
1205   1E10 D0 F6       				bne			L2011										; Loop
1206   1E12             
1207   1E12 49 FF       				eor			#$ff
1208   1E14 85 34       				sta			CURIN0									; IN0 store
1209   1E16             
1210   1E16 29 10       				and			#$10										; Button
1211   1E18 F0 0B       				beq			L202e										; Button pressed 
1212   1E1A EA          				nop
1213   1E1B             
1214   1E1B A5 35       				lda			OLDIN0									; Old IN0 store
1215   1E1D 85 36       				sta			OOLDIN0									; Old Old IN0 store
1216   1E1F A5 34       				lda			CURIN0									; IN0 Store
1217   1E21 29 EF       				and			#$ef										; Clear Button
1218   1E23 85 35       				sta			OLDIN0									; Old IN0 store
1219   1E25             L202e:
1220   1E25 60          				rts
1221   1E26             
1222   1E26             
1223   1E26             L202f:
1224   1E26 A5 30       				lda			$30
1225   1E28 29 60       				and			#$60										; Check D6,5
1226   1E2A D0 06       				bne			L203b
1227   1E2C EA          				nop
1228   1E2D A9 16       				lda			#$16
1229   1E2F 85 38       				sta			$38
1230   1E31 60          				rts
1231   1E32             L203b:
1232   1E32 C6 38       				dec			$38
1233   1E34 30 02       				bmi			L2041
1234   1E36 EA          				nop
1235   1E37             
1236   1E37 60          				rts
1237   1E38             
1238   1E38             L2041:
1239   1E38 A5 30       				lda			$30
1240   1E3A 29 20       				and			#$20										; Check D5 
1241   1E3C D0 0D       				bne			L2054
1242   1E3E EA          				nop
1243   1E3F             
1244   1E3F A5 3A       				lda			$3a
1245   1E41 20 89 1E    				jsr			L2093
1246   1E44 A5 30       				lda			$30
1247   1E46 29 BF       				and			#$bf										; Clear D6 
1248   1E48 85 30       				sta			$30
1249   1E4A 60          				rts
1250   1E4B             
1251   1E4B             L2054:
1252   1E4B 20 54 21    				jsr			L23a4										; Kick PRNG
1253   1E4E 29 01       				and			#$01										; Mask LSB 
1254   1E50 AA          				tax
1255   1E51             
1256   1E51 A5 1C       				lda			SPR1H
1257   1E53 F0 12       				beq			L2070
1258   1E55 EA          				nop
1259   1E56             
1260   1E56 A5 1D       				lda			SPR1V
1261   1E58 F0 07       				beq			L206a
1262   1E5A EA          				nop
1263   1E5B             
1264   1E5B BD 07 25    				lda			L27ad, x								; SPR1H!=0, SPR1V!=0 
1265   1E5E 4C 75 1E    				jmp			L207e
1266   1E61             
1267   1E61             L206a:
1268   1E61 BD 05 25    				lda			L27ab, x								; SPR1H!=0, SPR1V==0 
1269   1E64 4C 75 1E    				jmp			L207e
1270   1E67             
1271   1E67             L2070:
1272   1E67 A5 1D       				lda			SPR1V
1273   1E69 F0 07       				beq			L207b
1274   1E6B EA          				nop
1275   1E6C             
1276   1E6C BD 09 25    				lda			L27af, x								; SPR1H==0, SPR1V!=0 
1277   1E6F 4C 75 1E    				jmp			L207e
1278   1E72             
1279   1E72             L207b:
1280   1E72 BD 0B 25    				lda			L27b1, x								; SPR1H==0, SPR1V==0 
1281   1E75             L207e:
1282   1E75 20 89 1E    				jsr			L2093										; a = New dir? 
1283   1E78 A5 30       				lda			$30
1284   1E7A 29 9F       				and			#$9f										; Clear D6,5 
1285   1E7C 85 30       				sta			$30
1286   1E7E 60          				rts
1287   1E7F             
1288   1E7F             L2088:
1289   1E7F A5 34       				lda			CURIN0
1290   1E81 29 EF       				and			#$ef										; Clear d4 
1291   1E83 D0 04       				bne			L2093 
1292   1E85             
1293   1E85 20 FE 1F    				jsr			L2225										; (if 0) 
1294   1E88 60          				rts
1295   1E89             
1296   1E89             L2093:
1297   1E89 C9 20       				cmp			#$20
1298   1E8B F0 58       				beq			L20ea
1299   1E8D             
1300   1E8D C9 40       				cmp			#$40
1301   1E8F F0 79       				beq			L2113
1302   1E91             
1303   1E91 C9 04       				cmp			#$04
1304   1E93 D0 03       				bne			L20a5
1305   1E95             
1306   1E95 4C 31 1F    				jmp			L213e
1307   1E98             
1308   1E98             L20a5:
1309   1E98 C9 08       				cmp			#$08
1310   1E9A D0 03       				bne			L20ad
1311   1E9C             
1312   1E9C 4C 58 1F    				jmp			L2169
1313   1E9F             L20ad:
1314   1E9F 60          				rts
1315   1EA0             
1316   1EA0             L20ae:
1317   1EA0 A5 31       				lda			$31
1318   1EA2 F0 01       				beq			L20b4
1319   1EA4             
1320   1EA4 60          				rts
1321   1EA5             
1322   1EA5             L20b4:
1323   1EA5 A5 34       				lda			CURIN0
1324   1EA7 29 10       				and			#$10
1325   1EA9 D0 01       				bne			L20bc
1326   1EAB             
1327   1EAB 60          				rts
1328   1EAC             
1329   1EAC             L20bc:
1330   1EAC A9 0C       				lda			#$0c
1331   1EAE 85 A4       				sta			$a4
1332   1EB0 A9 01       				lda			#$01
1333   1EB2 85 31       				sta			$31
1334   1EB4 A9 02       				lda			#$02
1335   1EB6 85 26       				sta			$26
1336   1EB8 85 27       				sta			$27
1337   1EBA A5 1A       				lda			SPRVAL
1338   1EBC 0A          				asl			a
1339   1EBD 0A          				asl			a
1340   1EBE 0A          				asl			a
1341   1EBF 0A          				asl			a
1342   1EC0 09 40       				ora			#$40
1343   1EC2 85 00       				sta			$00
1344   1EC4 A5 1A       				lda			SPRVAL
1345   1EC6 29 0F       				and			#$0f										; Clear MOB1 
1346   1EC8 05 00       				ora			$00
1347   1ECA 85 1A       				sta			SPRVAL
1348   1ECC             
1349   1ECC             				;; Copy SPR1 pos to SPR2
1350   1ECC A5 1C       				lda			SPR1H
1351   1ECE 85 22       				sta			SPR2H
1352   1ED0 A5 1D       				lda			SPR1V
1353   1ED2 85 23       				sta			SPR2V
1354   1ED4             ;				jsr			L21d9										; Only called here
1355   1ED4             
1356   1ED4             L21d9:
1357   1ED4 A5 1E       				lda			$1e
1358   1ED6 20 C5 1F    				jsr			L21e8
1359   1ED9 85 24       				sta			$24
1360   1EDB A5 1F       				lda			$1f
1361   1EDD 20 C5 1F    				jsr			L21e8
1362   1EE0 85 25       				sta			$25
1363   1EE2             
1364   1EE2 4C D3 21    				jmp			L246d										; Update MOBLAT (and rts)
1365   1EE5             
1366   1EE5             
1367   1EE5             L20ea:
1368   1EE5 A5 1F       				lda			$1f
1369   1EE7 F0 10       				beq			L2101
1370   1EE9             
1371   1EE9 30 03       				bmi			L20f5
1372   1EEB             
1373   1EEB 4C D1 1F    				jmp			L21f4
1374   1EEE             
1375   1EEE             L20f5:
1376   1EEE A5 20       				lda			$20
1377   1EF0 29 3F       				and			#$3f
1378   1EF2 C9 0A       				cmp			#$0a
1379   1EF4 B0 09       				bcs			L2108										; Missile Up 
1380   1EF6             
1381   1EF6 4C E7 1F    				jmp			L220a
1382   1EF9             
1383   1EF9             L2101:
1384   1EF9 20 8D 1F    				jsr			L21a1
1385   1EFC B0 01       				bcs			L2108										; Missile Up 
1386   1EFE             
1387   1EFE 60          				rts
1388   1EFF             
1389   1EFF             				;; Missile up?
1390   1EFF             L2108:
1391   1EFF A9 01       				lda			#$01
1392   1F01 85 1F       				sta			$1f											; MOB1 V speed
1393   1F03 A9 00       				lda			#$00
1394   1F05 85 1E       				sta			$1e											; MOB1 H speed
1395   1F07 4C 80 1F    				jmp			L2191
1396   1F0A             
1397   1F0A             L2113:
1398   1F0A A5 1F       				lda			$1f
1399   1F0C F0 10       				beq			L212a
1400   1F0E             
1401   1F0E 10 03       				bpl			L211e
1402   1F10             
1403   1F10 4C D1 1F    				jmp			L21f4
1404   1F13             
1405   1F13             				;; $1f > 0
1406   1F13             L211e:
1407   1F13 A5 20       				lda			$20
1408   1F15 29 3F       				and			#$3f										; Mask 6 LSBs 
1409   1F17 C9 0A       				cmp			#$0a
1410   1F19 B0 09       				bcs			L2131										; Missile down 
1411   1F1B             
1412   1F1B 4C E7 1F    				jmp			L220a
1413   1F1E             
1414   1F1E             L212a:
1415   1F1E 20 8D 1F    				jsr			L21a1
1416   1F21 B0 01       				bcs			L2131										; Missile down 
1417   1F23             
1418   1F23 60          				rts
1419   1F24             
1420   1F24             				;; Missile down?
1421   1F24             L2131:
1422   1F24 A9 FE       				lda			#$fe
1423   1F26 85 1F       				sta			$1f											; MOB1 V speed
1424   1F28 A9 00       				lda			#$00
1425   1F2A 85 1E       				sta			$1e											; MOB1 H speed
1426   1F2C A9 01       				lda			#$01
1427   1F2E 4C 80 1F    				jmp			L2191
1428   1F31             
1429   1F31             L213e:
1430   1F31 A5 1E       				lda			$1e
1431   1F33 F0 10       				beq			L2155
1432   1F35             
1433   1F35 10 03       				bpl			L2149
1434   1F37             
1435   1F37 4C D1 1F    				jmp			L21f4
1436   1F3A             
1437   1F3A             L2149:
1438   1F3A A5 20       				lda			$20
1439   1F3C 29 3F       				and			#$3f
1440   1F3E C9 0A       				cmp			#$0a
1441   1F40 B0 09       				bcs			L215c										; Missile left 
1442   1F42             
1443   1F42 4C E7 1F    				jmp			L220a
1444   1F45             
1445   1F45             L2155:
1446   1F45 20 95 1F    				jsr			L21a9
1447   1F48 B0 01       				bcs			L215c										; Missile left 
1448   1F4A             
1449   1F4A 60          				rts
1450   1F4B             
1451   1F4B             				;; Missile left?
1452   1F4B             L215c:
1453   1F4B A9 FE       				lda			#$fe 
1454   1F4D 85 1E       				sta			$1e											; MOB1 H speed
1455   1F4F A9 00       				lda			#$00
1456   1F51 85 1F       				sta			$1f											; MOB1 V speed
1457   1F53 A9 02       				lda			#$02
1458   1F55 4C 80 1F    				jmp			L2191
1459   1F58             
1460   1F58             L2169:
1461   1F58 A5 1E       				lda			$1e											; MOB1 H speed
1462   1F5A F0 13       				beq			L2180
1463   1F5C EA          				nop
1464   1F5D             
1465   1F5D 30 04       				bmi			L2174
1466   1F5F EA          				nop
1467   1F60             
1468   1F60 4C D1 1F    				jmp			L21f4
1469   1F63             
1470   1F63             L2174:
1471   1F63 A5 20       				lda			$20
1472   1F65 29 3F       				and			#$3f
1473   1F67 C9 0A       				cmp			#$0a
1474   1F69 B0 0B       				bcs			L2187										; Missile right 
1475   1F6B EA          				nop
1476   1F6C             
1477   1F6C 4C E7 1F    				jmp			L220a
1478   1F6F             
1479   1F6F             L2180:
1480   1F6F 20 95 1F    				jsr			L21a9
1481   1F72 B0 02       				bcs			L2187										; Missile right 
1482   1F74 EA          				nop
1483   1F75             
1484   1F75 60          				rts
1485   1F76             
1486   1F76             				;; Missile right?
1487   1F76             L2187:
1488   1F76 A9 01       				lda			#$01
1489   1F78 85 1E       				sta			$1e											; MOB1 H speed
1490   1F7A A9 00       				lda			#$00
1491   1F7C 85 1F       				sta			$1f											; MOB1 V speed
1492   1F7E A9 03       				lda			#$03										; MOB1 
1493   1F80             
1494   1F80             L2191:
1495   1F80 48          				pha
1496   1F81 A5 1A       				lda			SPRVAL
1497   1F83 29 F0       				and			#$f0										; Clear MOB2
1498   1F85 85 1A       				sta			SPRVAL
1499   1F87 68          				pla
1500   1F88 05 1A       				ora			SPRVAL
1501   1F8A 85 1A       				sta			SPRVAL
1502   1F8C             ;				jsr			L246d										; Update MOBLAT (unneeded)
1503   1F8C 60          				rts
1504   1F8D             
1505   1F8D             
1506   1F8D             L21a1:
1507   1F8D A5 1C       				lda			SPR1H
1508   1F8F F0 22       				beq			L21c7
1509   1F91 EA          				nop
1510   1F92             
1511   1F92 4C 9A 1F    				jmp			L21ae
1512   1F95             
1513   1F95             L21a9:
1514   1F95 A5 1D       				lda			SPR1V
1515   1F97 F0 1A       				beq			L21c7
1516   1F99 EA          				nop
1517   1F9A             
1518   1F9A             L21ae:
1519   1F9A 85 01       				sta			$01
1520   1F9C A2 0A       				ldx			#$0a
1521   1F9E A9 00       				lda			#$00
1522   1FA0 85 00       				sta			$00
1523   1FA2             
1524   1FA2             L21b6:
1525   1FA2 C5 01       				cmp			$01
1526   1FA4 F0 0D       				beq			L21c7
1527   1FA6 EA          				nop
1528   1FA7             
1529   1FA7 A9 18       				lda			#$18
1530   1FA9 18          				clc
1531   1FAA 65 00       				adc			$00
1532   1FAC 85 00       				sta			$00
1533   1FAE CA          				dex
1534   1FAF D0 F1       				bne			L21b6										 ; Loop 
1535   1FB1             
1536   1FB1 18          				clc
1537   1FB2 60          				rts
1538   1FB3             
1539   1FB3             L21c7:
1540   1FB3 A5 39       				lda			$39
1541   1FB5 85 3A       				sta			$3a
1542   1FB7 A5 34       				lda			CURIN0
1543   1FB9 29 EF       				and			#$ef
1544   1FBB 85 39       				sta			$39
1545   1FBD A5 30       				lda			$30
1546   1FBF 29 BF       				and			#$bf										 ; Clear D6 
1547   1FC1 85 30       				sta			$30
1548   1FC3 38          				sec
1549   1FC4 60          				rts
1550   1FC5             
1551   1FC5             
1552   1FC5             				;; a --> #$02, #$00, #$fd
1553   1FC5             L21e8:
1554   1FC5 F0 06       				beq			L21f0										; 0 -> 0 
1555   1FC7 EA          				nop
1556   1FC8             
1557   1FC8 30 04       				bmi			L21f1
1558   1FCA EA          				nop
1559   1FCB             
1560   1FCB A9 02       				lda			#$02										; pos -> $02 
1561   1FCD             L21f0:
1562   1FCD 60          				rts
1563   1FCE             L21f1:
1564   1FCE A9 FD       				lda			#$fd										; neg -> $fd 
1565   1FD0 60          				rts
1566   1FD1             
1567   1FD1             L21f4:
1568   1FD1 A5 20       				lda			$20
1569   1FD3 10 02       				bpl			L21fa
1570   1FD5 EA          				nop
1571   1FD6 60          				rts
1572   1FD7             L21fa:
1573   1FD7 A5 36       				lda			$36
1574   1FD9 C5 35       				cmp			$35
1575   1FDB D0 09       				bne			L2209
1576   1FDD EA          				nop
1577   1FDE A5 20       				lda			$20
1578   1FE0 29 BF       				and			#$bf
1579   1FE2 09 80       				ora			#$80
1580   1FE4 85 20       				sta			$20
1581   1FE6             L2209:
1582   1FE6 60          				rts
1583   1FE7             L220a:
1584   1FE7 A5 20       				lda			$20
1585   1FE9 29 40       				and			#$40
1586   1FEB F0 02       				beq			L2212
1587   1FED EA          				nop
1588   1FEE 60          				rts
1589   1FEF             L2212:
1590   1FEF A5 36       				lda			$36
1591   1FF1 C5 35       				cmp			$35
1592   1FF3 D0 F1       				bne			L2209
1593   1FF5 A5 20       				lda			$20
1594   1FF7 29 7F       				and			#$7f										; Clear D7 
1595   1FF9 09 40       				ora			#$40										; Set D6 
1596   1FFB 85 20       				sta			$20
1597   1FFD             ;				lda			$3c											; Not used
1598   1FFD             ;				sta			$2e											; Never read 
1599   1FFD 60          				rts
1600   1FFE             L2225:
1601   1FFE A5 20       				lda			$20
1602   2000 29 3F       				and			#$3f
1603   2002 85 20       				sta			$20
1604   2004 60          				rts
1605   2005             L222c:
1606   2005 20 43 20    				jsr			L226a
1607   2008             L222f:
1608   2008 A5 10       				lda			SCRLOC
1609   200A 29 1F       				and			#$1f
1610   200C 85 00       				sta			$00
1611   200E A5 2A       				lda			$2a
1612   2010 29 1F       				and			#$1f
1613   2012 38          				sec
1614   2013 E5 00       				sbc			$00
1615   2015 85 2D       				sta			$2d
1616   2017 A5 11       				lda			SCRLOC+1
1617   2019 85 19       				sta			$19
1618   201B A5 10       				lda			SCRLOC
1619   201D 85 18       				sta			$18
1620   201F 20 35 20    				jsr			L225c
1621   2022 85 00       				sta			$00
1622   2024 A5 2B       				lda			$2b
1623   2026 85 19       				sta			$19
1624   2028 A5 2A       				lda			$2a
1625   202A 85 18       				sta			$18
1626   202C 20 35 20    				jsr			L225c
1627   202F 38          				sec
1628   2030 E5 00       				sbc			$00
1629   2032 85 2C       				sta			$2c
1630   2034 60          				rts
1631   2035             L225c:
1632   2035 A2 05       				ldx			#$05
1633   2037             L225e:
1634   2037 66 19       				ror			$19
1635   2039 66 18       				ror			$18
1636   203B CA          				dex
1637   203C D0 F9       				bne			L225e
1638   203E A5 18       				lda			$18
1639   2040 29 1F       				and			#$1f
1640   2042 60          				rts
1641   2043             L226a:
1642   2043 A5 1D       				lda			SPR1V
1643   2045 85 18       				sta			$18
1644   2047 A5 1C       				lda			SPR1H
1645   2049 85 19       				sta			$19
1646   204B 4C 56 20    				jmp			L227d
1647   204E             L2275:
1648   204E A5 23       				lda			SPR2V
1649   2050 85 18       				sta			$18
1650   2052 A5 22       				lda			SPR2H
1651   2054 85 19       				sta			$19
1652   2056             L227d:
1653   2056 A9 00       				lda			#$00
1654   2058 85 2B       				sta			$2b
1655   205A A5 18       				lda			$18
1656   205C 49 FF       				eor			#$ff
1657   205E 4A          				lsr			a
1658   205F 4A          				lsr			a
1659   2060 4A          				lsr			a
1660   2061 18          				clc
1661   2062 69 01       				adc			#$01
1662   2064 E9 04       				sbc			#$04
1663   2066 85 2A       				sta			$2a
1664   2068 18          				clc
1665   2069 65 2A       				adc			$2a
1666   206B 85 2A       				sta			$2a
1667   206D A2 04       				ldx			#$04
1668   206F             L2296:
1669   206F 06 2A       				asl			$2a
1670   2071 26 2B       				rol			$2b
1671   2073 CA          				dex
1672   2074 D0 F9       				bne			L2296
1673   2076 A5 2A       				lda			$2a
1674   2078 69 60       				adc			#$60
1675   207A 85 2A       				sta			$2a
1676   207C A5 2B       				lda			$2b
1677   207E 69 40       				adc			#$40
1678   2080 85 2B       				sta			$2b
1679   2082 A5 19       				lda			$19
1680   2084 49 FF       				eor			#$ff
1681   2086 4A          				lsr			a
1682   2087 4A          				lsr			a
1683   2088 4A          				lsr			a
1684   2089 18          				clc
1685   208A 69 01       				adc			#$01
1686   208C 38          				sec
1687   208D E9 03       				sbc			#$03
1688   208F 18          				clc
1689   2090 65 2A       				adc			$2a
1690   2092 85 2A       				sta			$2a
1691   2094 60          				rts
1692   2095             
1693   2095             				;; Write character RAM
1694   2095             L22bc:
1695   2095 A9 00       				lda			#$00
1696   2097 85 0E       				sta			STRLOC
1697   2099 85 10       				sta			SCRLOC
1698   209B A9 38       				lda			#$38
1699   209D 85 0F       				sta			STRLOC+1
1700   209F A9 48       				lda			#$48
1701   20A1 85 11       				sta			SCRLOC+1
1702   20A3             
1703   20A3 A2 08       				ldx			#$08										; 8 pages
1704   20A5 A0 00       				ldy			#$00
1705   20A7             CHLOOP:
1706   20A7 B1 0E       				lda			(STRLOC), y
1707   20A9 91 10       				sta			(SCRLOC), y
1708   20AB C8          				iny
1709   20AC D0 F9       				bne			CHLOOP									; Loop
1710   20AE             
1711   20AE E6 0F       				inc			STRLOC+1
1712   20B0 E6 11       				inc			SCRLOC+1
1713   20B2 CA          				dex
1714   20B3 D0 F2       				bne			CHLOOP									; Loop
1715   20B5 60          				rts
1716   20B6             
1717   20B6             
1718   20B6             				;; Draw string #a
1719   20B6             DRAWSTRA:
1720   20B6 0A          				asl			a												; a<<1
1721   20B7 AA          				tax
1722   20B8             				
1723   20B8             				;; ROM loc of string  
1724   20B8 BD 54 2C    				lda			TXTTBL,x
1725   20BB 85 0E       				sta			STRLOC
1726   20BD BD 55 2C    				lda			TXTTBL+1,x
1727   20C0 85 0F       				sta			STRLOC+1
1728   20C2             
1729   20C2             				;; Screen loc of string  
1730   20C2 BD A2 2C    				lda			TXTLOC,x
1731   20C5 85 10       				sta			SCRLOC
1732   20C7 BD A3 2C    				lda			TXTLOC+1,x
1733   20CA 85 11       				sta			SCRLOC+1
1734   20CC             
1735   20CC             				;; Draw string from (STRLOC) at (SCRLOC)
1736   20CC             				;; Deprecated
1737   20CC             DRAWSTR:
1738   20CC             L22fe:
1739   20CC A0 00       				ldy			#$00
1740   20CE             DRAWSTRN:
1741   20CE             L2300:
1742   20CE B1 0E       				lda			(STRLOC), y							; Get char
1743   20D0 D0 02       				bne			L2306										; 0 terminated
1744   20D2 EA          				nop
1745   20D3             
1746   20D3 60          				rts															; Exit 
1747   20D4             
1748   20D4             L2306:
1749   20D4 91 10       				sta			(SCRLOC), y							; Store char
1750   20D6 C8          				iny
1751   20D7 4C CE 20    				jmp			L2300										; Loop
1752   20DA             
1753   20DA             
1754   20DA             				;; Add 3 lines to SCRLOC
1755   20DA             L230c:
1756   20DA A9 60       				lda			#$60
1757   20DC 4C E6 20    				jmp			L2318
1758   20DF             
1759   20DF             				;; Add 2 lines to SCRLOC
1760   20DF             L2311:
1761   20DF A9 40       				lda			#$40
1762   20E1 4C E6 20    				jmp			L2318
1763   20E4             
1764   20E4             				;; Add 1 line  to SCRLOC
1765   20E4             L2316:
1766   20E4 A9 20       				lda			#$20
1767   20E6             
1768   20E6             L2318:
1769   20E6 18          				clc
1770   20E7 65 10       				adc			SCRLOC
1771   20E9 85 10       				sta			SCRLOC
1772   20EB A5 11       				lda			SCRLOC+1
1773   20ED 69 00       				adc			#$00
1774   20EF 85 11       				sta			SCRLOC+1
1775   20F1 60          				rts
1776   20F2             
1777   20F2             				;; Back 3 lines
1778   20F2             L2324:
1779   20F2 A9 60       				lda			#$60
1780   20F4 4C FE 20    				jmp			L2330										; SCRLOC =- a
1781   20F7             
1782   20F7             				;; Back 2 lines
1783   20F7             L2329:
1784   20F7 A9 40       				lda			#$40
1785   20F9 4C FE 20    				jmp			L2330										; SCRLOC =- a 
1786   20FC             
1787   20FC             
1788   20FC             				;; SCRLOC -= #$20
1789   20FC             L232e:
1790   20FC A9 20       				lda			#$20
1791   20FE             
1792   20FE             				;; SCRLOC -= a
1793   20FE             L2330:
1794   20FE 85 00       				sta			$00
1795   2100 38          				sec
1796   2101 A5 10       				lda			SCRLOC
1797   2103 E5 00       				sbc			$00
1798   2105 85 10       				sta			SCRLOC
1799   2107 A5 11       				lda			SCRLOC+1
1800   2109 E9 00       				sbc			#$00
1801   210B 85 11       				sta			SCRLOC+1
1802   210D 60          				rts
1803   210E             
1804   210E             
1805   210E             				;; Clear screen
1806   210E             L2340:
1807   210E 20 27 21    				jsr			L2359										; ($10-11) = $4000
1808   2111             
1809   2111 A8          				tay															; y=a=0
1810   2112 A2 04       				ldx			#$04										; Loop counter
1811   2114             L2346:
1812   2114 20 1F 21    				jsr			L2351										; Clear y chars at ($10-11)
1813   2117             
1814   2117 E6 11       				inc		SCRLOC+1
1815   2119 CA          				dex
1816   211A D0 F8       				bne			L2346										; Loop
1817   211C 60          				rts
1818   211D             
1819   211D             				;; Clear $20 chars at ($10-11)
1820   211D A0 20       				ldy			#$20
1821   211F             
1822   211F             				;; Clear y chars at ($10-11)
1823   211F             L2351:
1824   211F A9 20       				lda			#$20										; (space char)
1825   2121             L2353:
1826   2121 88          				dey
1827   2122 91 10       				sta			(SCRLOC), y
1828   2124 D0 FB       				bne			L2353										; Loop
1829   2126 60          				rts
1830   2127             
1831   2127             				;; ($10-11) = $4000
1832   2127             L2359:
1833   2127 A9 40       				lda			#$40
1834   2129 D0 0D       				bne			L236a
1835   212B EA          				nop
1836   212C             
1837   212C             				;; ($10-11) = $4100
1838   212C A9 41       				lda			#$41
1839   212E D0 08       				bne			L236a
1840   2130 EA          				nop
1841   2131             
1842   2131             				;; ($10-11) = $4200
1843   2131 A9 42       				lda			#$42
1844   2133 D0 03       				bne			L236a
1845   2135 EA          				nop
1846   2136             
1847   2136             				;; ($10-11) = $4300
1848   2136             L2368:
1849   2136 A9 43       				lda			#$43
1850   2138             L236a:
1851   2138 85 11       				sta		SCRLOC+1
1852   213A A9 00       				lda			#$00
1853   213C 85 10       				sta			SCRLOC
1854   213E 60          				rts
1855   213F             
1856   213F             
1857   213F             L2371:
1858   213F A5 B1       				lda			ARROWS
1859   2141 C5 A8       				cmp			$a8
1860   2143 D0 07       				bne			L237e
1861   2145 EA          				nop
1862   2146 A9 9F       				lda			#$9f
1863   2148 20 7E 21    				jsr			L23ca
1864   214B 60          				rts
1865   214C             L237e:
1866   214C 85 A8       				sta			$a8
1867   214E A9 60       				lda			#$60
1868   2150 20 7A 21    				jsr			L23cf										; Set AUDIO1 bits 
1869   2153 60          				rts
1870   2154             
1871   2154             
1872   2154             				;; Kick PRNG
1873   2154             L23a4:
1874   2154 98          				tya
1875   2155 48          				pha															; Push y
1876   2156             
1877   2156 A0 23       				ldy			#$23										; Loop counter 
1878   2158             L23a8:
1879   2158 A5 09       				lda			PRNG+1
1880   215A F0 11       				beq			L23bd										; ==0
1881   215C EA          				nop
1882   215D             
1883   215D 29 60       				and			#$60
1884   215F C9 20       				cmp			#$20
1885   2161 F0 0A       				beq			L23bd										; == 20/60/a0/e0
1886   2163 EA          				nop
1887   2164             
1888   2164 C9 40       				cmp			#$40
1889   2166 F0 05       				beq			L23bd										; == 40/c0
1890   2168 EA          				nop
1891   2169             
1892   2169 18          				clc															; Clear carry
1893   216A 90 02       				bcc			L23be										; (Always)
1894   216C EA          				nop
1895   216D             
1896   216D             L23bd:
1897   216D 38          				sec															; Set carry
1898   216E             L23be:
1899   216E 26 08       				rol			PRNG
1900   2170 26 09       				rol			PRNG+1
1901   2172 88          				dey
1902   2173 D0 E3       				bne			L23a8										; Loop 
1903   2175 68          				pla
1904   2176 A8          				tay
1905   2177 A5 08       				lda			PRNG
1906   2179 60          				rts
1907   217A             
1908   217A             
1909   217A             				;; Set AUDIO1 bits
1910   217A             L23cf:
1911   217A 05 A3       				ora			VAUD1
1912   217C D0 02       				bne			L23d1										; Always
1913   217E             
1914   217E             				;; Clear AUDIO1 bits
1915   217E             L23ca:
1916   217E 25 A3       				and			VAUD1
1917   2180             
1918   2180             L23d1:
1919   2180 85 A3       				sta			VAUD1
1920   2182 8D 00 52    				sta			AUDIO1
1921   2185 60          				rts
1922   2186             
1923   2186             
1924   2186             				;; Set LIVES froom DIPs
1925   2186             L23d7:
1926   2186 AD 00 51    				lda			DSW											; DIPs
1927   2189 49 FF       				eor			#$ff										; Invert 
1928   218B 29 60       				and			#$60										; Mask lives
1929   218D 4A          				lsr			a
1930   218E 4A          				lsr			a
1931   218F 4A          				lsr			a
1932   2190 4A          				lsr			a
1933   2191 4A          				lsr			a
1934   2192 AA          				tax
1935   2193 BD 1D 25    				lda			L27c3, x								; Lives table 
1936   2196 85 C1       				sta			LIVES
1937   2198 60          				rts
1938   2199             
1939   2199             
1940   2199             				;; Draw STR08
1941   2199             
1942   2199             L2421:
1943   2199 A0 00       				ldy			#$00
1944   219B A9 10       				lda			#$10
1945   219D 8D 00 52    				sta			AUDIO1
1946   21A0 A9 EE       				lda			#$ee
1947   21A2 8D 00 51    				sta			MOBLAT									; Sprite latch
1948   21A5             
1949   21A5             				;; Draw STR09
1950   21A5 A9 09       				lda			#$09										; GET READY 
1951   21A7 20 B6 20    				jsr			DRAWSTRA								; Draw string
1952   21AA             
1953   21AA             				;; Draw STR0A
1954   21AA A9 0A       				lda			#$0a										; PLAYER___
1955   21AC 20 B6 20    				jsr			DRAWSTRA								; Draw sting
1956   21AF             
1957   21AF A5 BF       				lda			PNUM
1958   21B1 09 30       				ora			#$30
1959   21B3 8D 53 42    				sta			$4253										; Location
1960   21B6             
1961   21B6             ;				jmp			DEL168									; Delay 168 frames
1962   21B6             				
1963   21B6             DEL168:	
1964   21B6 A9 A8       				lda			#$a8										; 168 frames 
1965   21B8             DELAY:
1966   21B8 85 12       				sta			TIMERA
1967   21BA             
1968   21BA             				;; Spin until TIMERA==0
1969   21BA             DLOOP:
1970   21BA A5 12       				lda			TIMERA
1971   21BC D0 FC       				bne			DLOOP
1972   21BE             
1973   21BE 60          				rts
1974   21BF             				
1975   21BF             
1976   21BF             				;; Update sprite locations
1977   21BF             L2459:
1978   21BF A5 1C       				lda			SPR1H
1979   21C1 8D 00 50    				sta			MOB1H
1980   21C4 A5 1D       				lda			SPR1V
1981   21C6 8D 40 50    				sta			MOB1V
1982   21C9 A5 22       				lda			SPR2H
1983   21CB 8D 80 50    				sta			MOB2H
1984   21CE A5 23       				lda			SPR2V
1985   21D0 8D C0 50    				sta			MOB2V
1986   21D3             L246d:
1987   21D3 A5 1A       				lda			SPRVAL
1988   21D5 8D 00 51    				sta			MOBLAT									; Sprite latch
1989   21D8 60          				rts
1990   21D9             
1991   21D9             
1992   21D9             L2473:
1993   21D9 A5 1E       				lda			$1e
1994   21DB F0 24       				beq			L249b
1995   21DD EA          				nop
1996   21DE 18          				clc
1997   21DF 65 1C       				adc			SPR1H
1998   21E1 69 00       				adc			#$00
1999   21E3 20 34 22    				jsr			L24ce
2000   21E6 85 1C       				sta			SPR1H
2001   21E8 B0 02       				bcs			L2486
2002   21EA EA          				nop
2003   21EB             
2004   21EB 60          				rts
2005   21EC             
2006   21EC             L2486:
2007   21EC A5 30       				lda			$30
2008   21EE 29 40       				and			#$40										; Check D6 
2009   21F0 D0 08       				bne			L2494
2010   21F2 EA          				nop
2011   21F3             
2012   21F3 A5 30       				lda			$30
2013   21F5 09 40       				ora			#$40										; Set D6 
2014   21F7 85 30       				sta			$30
2015   21F9 60          				rts
2016   21FA             
2017   21FA             L2494:
2018   21FA A5 30       				lda			$30
2019   21FC 09 20       				ora			#$20										; Set D5 
2020   21FE 85 30       				sta			$30
2021   2200 60          				rts
2022   2201             
2023   2201             L249b:
2024   2201 A5 1F       				lda			$1f
2025   2203 D0 02       				bne			L24a1
2026   2205 EA          				nop
2027   2206 60          				rts
2028   2207             
2029   2207             L24a1:
2030   2207 18          				clc
2031   2208 65 1D       				adc			SPR1V
2032   220A 69 00       				adc			#$00
2033   220C 20 34 22    				jsr			L24ce
2034   220F 85 1D       				sta			SPR1V
2035   2211 B0 D9       				bcs			L2486
2036   2213 60          				rts
2037   2214             
2038   2214             L24ae:
2039   2214 A5 24       				lda			$24
2040   2216 F0 0B       				beq			L24bd
2041   2218 EA          				nop
2042   2219             
2043   2219 18          				clc
2044   221A 65 22       				adc			SPR2H
2045   221C 69 00       				adc			#$00
2046   221E 20 45 22    				jsr			L24df
2047   2221 85 22       				sta			SPR2H
2048   2223             L24bd:
2049   2223 A5 25       				lda			$25
2050   2225 D0 02       				bne			L24c3
2051   2227 EA          				nop
2052   2228             
2053   2228 60          				rts
2054   2229             
2055   2229             L24c3:
2056   2229 18          				clc
2057   222A 65 23       				adc			SPR2V
2058   222C 69 00       				adc			#$00
2059   222E 20 45 22    				jsr			L24df
2060   2231 85 23       				sta			SPR2V
2061   2233 60          				rts
2062   2234             
2063   2234             L24ce:
2064   2234 C9 FC       				cmp			#$fc
2065   2236 B0 07       				bcs			L24d9
2066   2238 EA          				nop
2067   2239 C9 D8       				cmp			#$d8
2068   223B B0 05       				bcs			L24dc
2069   223D EA          				nop
2070   223E             
2071   223E 60          				rts
2072   223F             
2073   223F             L24d9:
2074   223F A9 00       				lda			#$00
2075   2241 60          				rts
2076   2242             L24dc:
2077   2242 A9 D8       				lda			#$d8
2078   2244 60          				rts
2079   2245             
2080   2245             L24df:
2081   2245 C9 FC       				cmp			#$fc
2082   2247 B0 07       				bcs			L24ea
2083   2249 EA          				nop
2084   224A             
2085   224A C9 DA       				cmp			#$da
2086   224C B0 02       				bcs			L24ea
2087   224E EA          				nop
2088   224F             
2089   224F 60          				rts
2090   2250             
2091   2250             L24ea:
2092   2250 85 00       				sta			$00
2093   2252 A5 1A       				lda			SPRVAL
2094   2254 09 F0       				ora			#$f0
2095   2256 85 1A       				sta			SPRVAL
2096   2258 A9 00       				lda			#$00
2097   225A 85 31       				sta			$31
2098   225C A5 00       				lda			$00
2099   225E 60          				rts
2100   225F             L24f9:
2101   225F A5 0C       				lda			$0c
2102   2261 29 18       				and			#$18
2103   2263 49 08       				eor			#$08
2104   2265 85 0C       				sta			$0c
2105   2267 60          				rts
2106   2268             
2107   2268             
2108   2268             L2514:
2109   2268             				;; Stash SCRLOC
2110   2268 A5 10       				lda			SCRLOC
2111   226A 48          				pha
2112   226B A5 11       				lda			SCRLOC+1
2113   226D 48          				pha
2114   226E             
2115   226E A5 0C       				lda			$0c											; Arrow dir?
2116   2270 29 18       				and			#$18
2117   2272 AA          				tax
2118   2273 C9 08       				cmp			#$08
2119   2275 F0 09       				beq			L2529
2120   2277 EA          				nop
2121   2278             
2122   2278 C9 10       				cmp			#$10
2123   227A F0 0C       				beq			L2531
2124   227C EA          				nop
2125   227D             
2126   227D 20 F2 20    				jsr			L2324										; Back 3 lines
2127   2280             L2529:
2128   2280 A9 03       				lda			#$03
2129   2282 20 FE 20    				jsr			L2330										; SCRLOC =- a 
2130   2285 4C 8B 22    				jmp			L2534
2131   2288             
2132   2288             L2531:
2133   2288 20 F2 20    				jsr			L2324										; Back 3 lines
2134   228B             L2534:
2135   228B 8A          				txa															; x<<1
2136   228C 0A          				asl			a
2137   228D AA          				tax															; Selects $10 byte tabkes at L2757 
2138   228E A9 00       				lda			#$00
2139   2290 85 00       				sta			$00
2140   2292             
2141   2292             				;; Copy 15 chars to ($41-4f)
2142   2292             L253b:
2143   2292 BC B1 24    				ldy			L2757, x								; Offset from SCRLOC
2144   2295 F0 14       				beq			L2554
2145   2297 EA          				nop
2146   2298             
2147   2298 B1 10       				lda			(SCRLOC), y
2148   229A 86 01       				stx			$01
2149   229C A6 00       				ldx			$00
2150   229E 29 7F       				and			#$7f
2151   22A0 95 41       				sta			$41, x
2152   22A2 E8          				inx
2153   22A3 86 00       				stx			$00
2154   22A5 A6 01       				ldx			$01
2155   22A7 E8          				inx
2156   22A8 4C 92 22    				jmp			L253b										; Loop 
2157   22AB             
2158   22AB             
2159   22AB             L2554:
2160   22AB             				;; Restore SCRLOC
2161   22AB 68          				pla
2162   22AC 85 11       				sta			SCRLOC+1
2163   22AE 68          				pla
2164   22AF 85 10       				sta			SCRLOC
2165   22B1 60          				rts
2166   22B2             
2167   22B2             
2168   22B2             L2558:
2169   22B2 A5 41       				lda			$41
2170   22B4 C9 60       				cmp			#$60
2171   22B6 B0 02       				bcs			L2560
2172   22B8 EA          				nop
2173   22B9             
2174   22B9 60          				rts
2175   22BA             
2176   22BA             L2560:
2177   22BA A5 4B       				lda			$4b
2178   22BC C9 60       				cmp			#$60
2179   22BE B0 13       				bcs			L2579
2180   22C0 EA          				nop
2181   22C1             
2182   22C1 A5 4A       				lda			$4a
2183   22C3 C9 60       				cmp			#$60
2184   22C5 B0 02       				bcs			L256f
2185   22C7 EA          				nop
2186   22C8             
2187   22C8 60          				rts
2188   22C9             
2189   22C9             L256f:
2190   22C9 C9 20       				cmp			#$20
2191   22CB 90 19       				bcc			L258c
2192   22CD EA          				nop
2193   22CE             
2194   22CE A9 04       				lda			#$04										; Set D2 
2195   22D0 4C DA 22    				jmp			L2580
2196   22D3             
2197   22D3             L2579:
2198   22D3 C9 20       				cmp			#$20
2199   22D5 90 0F       				bcc			L258c
2200   22D7 EA          				nop
2201   22D8             
2202   22D8 A9 02       				lda			#$02										; Set D1 
2203   22DA             L2580:
2204   22DA 05 05       				ora			$05
2205   22DC 85 05       				sta			$05
2206   22DE 60          				rts
2207   22DF             
2208   22DF             L2585:
2209   22DF A5 41       				lda			$41
2210   22E1 C9 20       				cmp			#$20										; Check D5 
2211   22E3 F0 08       				beq			L2593
2212   22E5 EA          				nop
2213   22E6             L258c:
2214   22E6 A5 05       				lda			$05
2215   22E8 09 01       				ora			#$01										; Set D0 
2216   22EA 85 05       				sta			$05
2217   22EC 60          				rts
2218   22ED             L2593:
2219   22ED A5 05       				lda			$05
2220   22EF 09 80       				ora			#$80										; Set D7 
2221   22F1 85 05       				sta			$05
2222   22F3 60          				rts
2223   22F4             L259a:
2224   22F4 A5 4A       				lda			$4a
2225   22F6 C9 20       				cmp			#$20
2226   22F8 D0 07       				bne			L25a7
2227   22FA EA          				nop
2228   22FB             
2229   22FB A5 05       				lda			$05
2230   22FD 09 10       				ora			#$10
2231   22FF 85 05       				sta			$05
2232   2301             L25a7:
2233   2301 A5 4B       				lda			$4b
2234   2303 C9 20       				cmp			#$20
2235   2305 D0 07       				bne			L25b4
2236   2307 EA          				nop
2237   2308 A5 05       				lda			$05
2238   230A 09 08       				ora			#$08
2239   230C 85 05       				sta			$05
2240   230E             L25b4:
2241   230E 60          				rts
2242   230F A5 4A       				lda			$4a
2243   2311 C9 20       				cmp			#$20
2244   2313 90 25       				bcc			L25e0
2245   2315 EA          				nop
2246   2316 A5 4B       				lda			$4b
2247   2318 C9 20       				cmp			#$20
2248   231A 90 1E       				bcc			L25e0
2249   231C EA          				nop
2250   231D A5 4C       				lda			$4c
2251   231F C9 20       				cmp			#$20
2252   2321 90 17       				bcc			L25e0
2253   2323 EA          				nop
2254   2324 A5 4D       				lda			$4d
2255   2326 C9 20       				cmp			#$20
2256   2328 90 10       				bcc			L25e0
2257   232A EA          				nop
2258   232B A5 45       				lda			$45
2259   232D C9 20       				cmp			#$20
2260   232F 90 09       				bcc			L25e0
2261   2331 EA          				nop
2262   2332 A5 49       				lda			$49
2263   2334 C9 20       				cmp			#$20
2264   2336 90 02       				bcc			L25e0
2265   2338 EA          				nop
2266   2339 60          				rts
2267   233A             L25e0:
2268   233A A5 05       				lda			$05
2269   233C 09 40       				ora			#$40
2270   233E 85 05       				sta			$05
2271   2340 60          				rts
2272   2341             
2273   2341             				;; Code can't get here?
2274   2341 A5 41       				lda			$41
2275   2343 C9 20       				cmp			#$20
2276   2345 D0 02       				bne			L25ef
2277   2347 EA          				nop
2278   2348             
2279   2348 60          				rts
2280   2349             
2281   2349             L25ef:
2282   2349 A5 43       				lda			$43
2283   234B C9 20       				cmp			#$20
2284   234D D0 09       				bne			L25fe
2285   234F EA          				nop
2286   2350             
2287   2350 A5 47       				lda			$47
2288   2352 C9 20       				cmp			#$20
2289   2354 D0 02       				bne			L25fe
2290   2356 EA          				nop
2291   2357             
2292   2357 60          				rts
2293   2358             L25fe:
2294   2358 A5 05       				lda			$05
2295   235A 09 20       				ora			#$20										; Set D5 
2296   235C 85 05       				sta			$05
2297   235E 60          				rts
2298   235F             
2299   235F             L2605:
2300   235F 20 BE 23    				jsr			L2664
2301   2362 A6 3D       				ldx			$3d
2302   2364 BD F1 24    				lda			L2797, x
2303   2367 85 0C       				sta			$0c
2304   2369 BC F9 24    				ldy			L279f, x
2305   236C 20 F8 23    				jsr			L269e
2306   236F BD 01 25    				lda			L27a7, x
2307   2372 20 E6 20    				jsr			L2318
2308   2375 A5 3D       				lda			$3d
2309   2377 C9 03       				cmp			#$03
2310   2379 F0 02       				beq			L2623
2311   237B EA          				nop
2312   237C             
2313   237C 60          				rts
2314   237D             
2315   237D             L2623:
2316   237D 20 FC 20    				jsr			L232e										; Could be jmp 
2317   2380 60          				rts
2318   2381             
2319   2381             
2320   2381             L2627:
2321   2381 20 BE 23    				jsr			L2664
2322   2384 A6 3D       				ldx			$3d
2323   2386 BD F5 24    				lda			L279b, x
2324   2389 85 0C       				sta			$0c
2325   238B BC FD 24    				ldy			L27a3, x
2326   238E 20 F8 23    				jsr			L269e
2327   2391 A5 3D       				lda			$3d
2328   2393 C9 03       				cmp			#$03
2329   2395 F0 17       				beq			L2654
2330   2397 EA          				nop
2331   2398             
2332   2398 C9 01       				cmp			#$01
2333   239A F0 09       				beq			L264b
2334   239C EA          				nop
2335   239D             
2336   239D C9 02       				cmp			#$02
2337   239F F0 08       				beq			L264f
2338   23A1 EA          				nop
2339   23A2             
2340   23A2 C6 10       				dec			SCRLOC									; Back 1 char 
2341   23A4 60          				rts
2342   23A5             
2343   23A5             L264b:
2344   23A5 20 E4 20    				jsr			L2316										; Add 1 line
2345   23A8 60          				rts
2346   23A9             
2347   23A9             L264f:
2348   23A9 E6 10       				inc			SCRLOC									; Add 1 char 
2349   23AB 20 FC 20    				jsr			L232e
2350   23AE             L2654:
2351   23AE 60          				rts
2352   23AF             
2353   23AF             
2354   23AF             				;; Get new PRNG every 4th call
2355   23AF             L2655:
2356   23AF C6 0B       				dec			$0b
2357   23B1 30 03       				bmi			L265c
2358   23B3 EA          				nop
2359   23B4             
2360   23B4 18          				clc															; Clr = no new PRNG 
2361   23B5 60          				rts
2362   23B6             
2363   23B6             L265c:
2364   23B6 20 BE 23    				jsr			L2664
2365   23B9 20 54 21    				jsr			L23a4										; Kick PRNG
2366   23BC 38          				sec															; Set = new PRNG 
2367   23BD 60          				rts
2368   23BE             
2369   23BE             L2664:
2370   23BE A9 04       				lda			#$04
2371   23C0 85 0B       				sta			$0b
2372   23C2 60          				rts
2373   23C3             
2374   23C3             
2375   23C3             L2669:
2376   23C3 A5 0C       				lda			$0c
2377   23C5 29 18       				and			#$18										; Mask D4,3 
2378   23C7 85 0C       				sta			$0c
2379   23C9 F0 1C       				beq			L268d
2380   23CB EA          				nop
2381   23CC             
2382   23CC C9 08       				cmp			#$08										; Check D3 
2383   23CE F0 0E       				beq			L2684
2384   23D0 EA          				nop
2385   23D1             
2386   23D1 C9 10       				cmp			#$10										; Check D4 
2387   23D3 F0 1B       				beq			L2696
2388   23D5 EA          				nop
2389   23D6             
2390   23D6 A0 01       				ldy			#$01										; == $18 
2391   23D8 20 F8 23    				jsr			L269e
2392   23DB C6 10       				dec			SCRLOC
2393   23DD 60          				rts
2394   23DE             
2395   23DE             
2396   23DE             				;; == $08
2397   23DE             L2684:
2398   23DE A0 00       				ldy			#$00
2399   23E0 20 F8 23    				jsr			L269e
2400   23E3 20 E4 20    				jsr			L2316										; Add 1 line
2401   23E6 60          				rts
2402   23E7             
2403   23E7             
2404   23E7             				;; == $00
2405   23E7             L268d:
2406   23E7 A0 20       				ldy			#$20
2407   23E9 20 F8 23    				jsr			L269e
2408   23EC 20 FC 20    				jsr			L232e
2409   23EF 60          				rts
2410   23F0             
2411   23F0             
2412   23F0             				;; == $10
2413   23F0             L2696:
2414   23F0 A0 00       				ldy			#$00
2415   23F2 20 F8 23    				jsr			L269e
2416   23F5 E6 10       				inc			SCRLOC
2417   23F7 60          				rts
2418   23F8             
2419   23F8             
2420   23F8             				;; == $18
2421   23F8             L269e:
2422   23F8 A9 20       				lda			#$20
2423   23FA 91 10       				sta			(SCRLOC), y
2424   23FC 60          				rts
2425   23FD             
2426   23FD             
2427   23FD             L26a3:
2428   23FD A5 0C       				lda			$0c
2429   23FF 29 1F       				and			#$1f
2430   2401 A0 00       				ldy			#$00
2431   2403 91 10       				sta			(SCRLOC), y
2432   2405 E6 0C       				inc			$0c
2433   2407 A5 0C       				lda			$0c
2434   2409 29 1F       				and			#$1f
2435   240B A4 04       				ldy			$04
2436   240D             L26b3:
2437   240D 91 10       				sta			(SCRLOC), y
2438   240F A5 0C       				lda			$0c
2439   2411 29 07       				and			#$07
2440   2413 C9 07       				cmp			#$07
2441   2415 F0 04       				beq			L26c1
2442   2417 EA          				nop
2443   2418 E6 0C       				inc			$0c
2444   241A 60          				rts
2445   241B             L26c1:
2446   241B A5 0C       				lda			$0c
2447   241D 09 40       				ora			#$40
2448   241F 85 0C       				sta			$0c
2449   2421 60          				rts
2450   2422             
2451   2422             L26c8:
2452   2422 20 5A 24    				jsr			L2700
2453   2425 20 27 21    				jsr			L2359										; (SCRLOC) = $4000
2454   2428 A9 80       				lda			#$80
2455   242A 85 10       				sta			SCRLOC
2456   242C A2 09       				ldx			#$09
2457   242E             L26d4:
2458   242E A9 BA       				lda			#$ba
2459   2430 20 42 24    				jsr			L26e8
2460   2433 20 E4 20    				jsr			L2316										; Add 1 line
2461   2436 A9 BC       				lda			#$bc
2462   2438 20 42 24    				jsr			L26e8
2463   243B 20 DF 20    				jsr			L2311										; Add 2lines
2464   243E CA          				dex
2465   243F D0 ED       				bne			L26d4
2466   2441 60          				rts
2467   2442             
2468   2442             L26e8:
2469   2442 A0 03       				ldy			#$03
2470   2444 85 03       				sta			$03
2471   2446 85 04       				sta			$04
2472   2448 E6 04       				inc			$04
2473   244A             L26f0:
2474   244A A5 03       				lda			$03
2475   244C 91 10       				sta			(SCRLOC), y
2476   244E C8          				iny
2477   244F A5 04       				lda			$04
2478   2451 91 10       				sta			(SCRLOC), y
2479   2453 C8          				iny
2480   2454 C8          				iny
2481   2455 C0 1D       				cpy			#$1d
2482   2457 90 F1       				bcc			L26f0
2483   2459 60          				rts
2484   245A             L2700:
2485   245A 20 27 21    				jsr			L2359										; ($10-11) = $4000
2486   245D A9 42       				lda			#$42
2487   245F 85 10       				sta			SCRLOC
2488   2461 A9 60       				lda			#$60
2489   2463 20 97 24    				jsr			L273d
2490   2466 20 36 21    				jsr			L2368										; ($10-11) = $4300
2491   2469 A9 E2       				lda			#$e2
2492   246B 85 10       				sta			SCRLOC
2493   246D A9 61       				lda			#$61
2494   246F 20 97 24    				jsr			L273d
2495   2472 20 27 21    				jsr			L2359										; ($10-11) = $4000
2496   2475 A9 60       				lda			#$60
2497   2477 85 10       				sta			SCRLOC
2498   2479 A9 63       				lda			#$63
2499   247B 20 9D 24    				jsr			L2743
2500   247E 20 27 21    				jsr			L2359										; ($10-11) = $4000
2501   2481 A9 61       				lda			#$61
2502   2483 85 10       				sta			SCRLOC
2503   2485 A9 62       				lda			#$62
2504   2487 20 A2 24    				jsr			L2748
2505   248A 20 27 21    				jsr			L2359										; ($10-11) = $4000
2506   248D A9 61       				lda			#$61
2507   248F 85 10       				sta			SCRLOC
2508   2491 A9 62       				lda			#$62
2509   2493 20 9D 24    				jsr			L2743
2510   2496 60          				rts
2511   2497             
2512   2497             L273d:
2513   2497 A0 1C       				ldy			#$1c
2514   2499 20 21 21    				jsr			L2353
2515   249C 60          				rts
2516   249D             
2517   249D             L2743:
2518   249D A0 1E       				ldy			#$1e
2519   249F 4C A4 24    				jmp			L274a
2520   24A2             
2521   24A2             L2748:
2522   24A2 A0 00       				ldy			#$00
2523   24A4             L274a:
2524   24A4 A2 1C       				ldx			#$1c
2525   24A6             L274c:
2526   24A6 91 10       				sta			(SCRLOC), y
2527   24A8 48          				pha
2528   24A9 20 E4 20    				jsr			L2316										; ($10-11) += $20 (1 line)
2529   24AC 68          				pla
2530   24AD CA          				dex
2531   24AE D0 F6       				bne			L274c
2532   24B0 60          				rts
2533   24B1             
2534   24B1             
2535   24B1             				;; Tables ($00 terminated)
2536   24B1             L2757:
2537   24B1 43 42 23 44 				.db			$43, $42, $23, $44,	$41, $22, $03, $24	;
2537   24B5 41 22 03 24 
2538   24B9 45 62 64 61 				.db			$45, $62, $64, $61, $65, $60, $66, $00	;
2538   24BD 65 60 66 00 
2539   24C1             
2540   24C1 43 44 63 42 				.db			$43, $44, $63, $42, $45, $64, $83, $62	;
2540   24C5 45 64 83 62 
2541   24C9 41 24 22 25 				.db			$41, $24, $22, $25, $21, $26, $20, $00	;
2541   24CD 21 26 20 00 
2542   24D1             
2543   24D1 62 42 63 82 				.db			$62, $42, $63, $82, $22, $43, $64, $83	;
2543   24D5 22 43 64 83 
2544   24D9 A2 41 81 21 				.db			$A2, $41, $81, $21, $A1, $01, $61, $00	;
2544   24DD A1 01 61 00 
2545   24E1             
2546   24E1 62 82 61 42 				.db			$62, $82, $61, $42, $A2, $81, $60, $41	;
2546   24E5 A2 81 60 41 
2547   24E9 22 83 43 A3 				.db			$22, $83, $43, $A3, $23, $C3, $03, $00	;
2547   24ED 23 C3 03 00 
2548   24F1             
2549   24F1             L2797:
2550   24F1 10 18 08 00 				.db			$10, $18, $08, $00			;
2551   24F5             L279b:
2552   24F5 18 10 00 08 				.db			$18, $10, $00, $08			;
2553   24F9             L279f:
2554   24F9 20 00 00 01 				.db			$20, $00, $00, $01			;
2555   24FD             L27a3:
2556   24FD 20 00 00 01 				.db			$20, $00, $00, $01			;
2557   2501             L27a7:
2558   2501 00 1F 01 00 				.db			$00, $1F, $01, $00			;
2559   2505             L27ab:
2560   2505 04 20       				.db			$04, $20												; SPR1H!=0, SPR1V==0 
2561   2507             L27ad:
2562   2507 40 04       				.db			$40, $04												; SPR1H!=0, SPR1V!=0 
2563   2509             L27af:
2564   2509 08 40       				.db			$08, $40												; SPR1H==0, SPR1V!=0 
2565   250B             L27b1:
2566   250B 20 08       				.db			$20, $08												; SPR1H==0, SPR1V==0
2567   250D             L27b3:
2568   250D 00 02 01 80 				.db			$00, $02, $01, $80			;
2569   2511             L27b7:
2570   2511 02 00 80 01 				.db			$02, $00, $80, $01			;
2571   2515             L27bb:
2572   2515 01 80 02 00 				.db			$01, $80, $02, $00			;
2573   2519             L27bf:
2574   2519 80 01 00 02 				.db			$80, $01, $00, $02			;
2575   251D             				
2576   251D             L27c3:
2577   251D 02 03 04 05 				.db			$02, $03, $04, $05							; Lives table				
2578   2521             
2579   2521             
2580   2521             L2800:
2581   2521 A5 3E       				lda			$3e
2582   2523 10 07       				bpl			L280b
2583   2525 EA          				nop
2584   2526             
2585   2526 20 14 27    				jsr			L29f3
2586   2529 4C 41 25    				jmp			L2820
2587   252C             
2588   252C             L280b:
2589   252C A5 B1       				lda			ARROWS
2590   252E C9 03       				cmp			#$03
2591   2530 90 0F       				bcc			L2820
2592   2532 EA          				nop
2593   2533             
2594   2533 C6 0E       				dec			$0e
2595   2535 F0 06       				beq			L281c
2596   2537 EA          				nop
2597   2538             
2598   2538 A9 FF       				lda			#$ff
2599   253A 85 B2       				sta			$b2
2600   253C 60          				rts
2601   253D             
2602   253D             L281c:
2603   253D A5 B1       				lda			ARROWS
2604   253F 85 0E       				sta			$0e
2605   2541             L2820:
2606   2541 A6 3D       				ldx			$3d
2607   2543 A5 2D       				lda			$2d
2608   2545 10 03       				bpl			L2829
2609   2547 EA          				nop
2610   2548 49 FF       				eor			#$ff
2611   254A             L2829:
2612   254A 85 00       				sta			$00
2613   254C A5 2C       				lda			$2c
2614   254E 10 03       				bpl			L2832
2615   2550 EA          				nop
2616   2551             L2830:
2617   2551 49 FF       				eor			#$ff
2618   2553             L2832:
2619   2553 C5 00       				cmp			$00
2620   2555 B0 12       				bcs			L2848
2621   2557 EA          				nop
2622   2558 A5 2D       				lda			$2d
2623   255A 10 07       				bpl			L2842
2624   255C EA          				nop
2625   255D BD 15 25    				lda			L27bb, x
2626   2560 4C 77 25    				jmp			L2856
2627   2563             L2842:
2628   2563 BD 19 25    				lda			L27bf, x
2629   2566 4C 77 25    				jmp			L2856
2630   2569             L2848:
2631   2569 A5 2C       				lda			$2c
2632   256B 10 07       				bpl			L2853
2633   256D EA          				nop
2634   256E BD 0D 25    				lda			L27b3, x
2635   2571 4C 77 25    				jmp			L2856
2636   2574             L2853:
2637   2574 BD 11 25    				lda			L27b7, x
2638   2577             L2856:
2639   2577 F0 04       				beq			L285c
2640   2579 EA          				nop
2641   257A 85 B2       				sta			$b2
2642   257C 60          				rts
2643   257D             L285c:
2644   257D A5 3E       				lda			$3e
2645   257F 10 2B       				bpl			L288b
2646   2581 EA          				nop
2647   2582 A5 1A       				lda			SPRVAL
2648   2584 29 03       				and			#$03
2649   2586 18          				clc
2650   2587 65 3D       				adc			$3d
2651   2589 C9 01       				cmp			#$01
2652   258B F0 09       				beq			L2875
2653   258D EA          				nop
2654   258E C9 05       				cmp			#$05
2655   2590 F0 0E       				beq			L287f
2656   2592 EA          				nop
2657   2593 4C AC 25    				jmp			L288b
2658   2596             L2875:
2659   2596 A5 30       				lda			$30
2660   2598 29 10       				and			#$10										; Check D4 
2661   259A D0 0B       				bne			L2886
2662   259C EA          				nop
2663   259D             
2664   259D 4C AC 25    				jmp			L288b
2665   25A0             
2666   25A0             L287f:
2667   25A0 A5 30       				lda			$30
2668   25A2 29 08       				and			#$08										; Check D3 
2669   25A4 F0 06       				beq			L288b
2670   25A6 EA          				nop
2671   25A7             
2672   25A7             L2886:
2673   25A7 A9 03       				lda			#$03
2674   25A9 85 B2       				sta			$b2
2675   25AB 60          				rts
2676   25AC             L288b:
2677   25AC A9 00       				lda			#$00
2678   25AE 85 B2       				sta			$b2
2679   25B0 60          				rts
2680   25B1             
2681   25B1             				;; Can't get here
2682   25B1             L2890:
2683   25B1 A9 80       				lda			#$80
2684   25B3 85 B2       				sta			$b2
2685   25B5 60          				rts
2686   25B6             
2687   25B6             				;; Can't get here
2688   25B6             L2895:
2689   25B6 A9 01       				lda			#$01
2690   25B8 85 B2       				sta			$b2
2691   25BA 60          				rts
2692   25BB             
2693   25BB             L289a:
2694   25BB 20 68 22    				jsr			L2514
2695   25BE 20 BB 26    				jsr			L299a
2696   25C1 A5 0C       				lda			$0c
2697   25C3 29 18       				and			#$18
2698   25C5 4A          				lsr			a
2699   25C6 4A          				lsr			a
2700   25C7 4A          				lsr			a
2701   25C8 85 3D       				sta			$3d
2702   25CA A9 00       				lda			#$00
2703   25CC 85 05       				sta			$05
2704   25CE 20 21 25    				jsr			L2800
2705   25D1 20 DF 22    				jsr			L2585
2706   25D4 A5 05       				lda			$05
2707   25D6 29 01       				and			#$01
2708   25D8 F0 0B       				beq			L28c4
2709   25DA EA          				nop
2710   25DB             
2711   25DB A5 41       				lda			$41
2712   25DD C9 3A       				cmp			#$3a
2713   25DF B0 19       				bcs			L28d9
2714   25E1 EA          				nop
2715   25E2             
2716   25E2 4C 5F 22    				jmp			L24f9
2717   25E5             
2718   25E5             L28c4:
2719   25E5 20 B2 22    				jsr			L2558
2720   25E8 A5 05       				lda			$05
2721   25EA 29 06       				and			#$06
2722   25EC F0 0C       				beq			L28d9
2723   25EE EA          				nop
2724   25EF             
2725   25EF C9 02       				cmp			#$02
2726   25F1 F0 04       				beq			L28d6
2727   25F3 EA          				nop
2728   25F4             
2729   25F4 4C 5F 23    				jmp			L2605
2730   25F7             
2731   25F7             L28d6:
2732   25F7 4C 81 23    				jmp			L2627
2733   25FA             
2734   25FA             L28d9:
2735   25FA 20 F4 22    				jsr			L259a
2736   25FD A5 05       				lda			$05
2737   25FF 30 1F       				bmi			L28ff
2738   2601 EA          				nop
2739   2602 29 18       				and			#$18
2740   2604 F0 17       				beq			L28fc
2741   2606 EA          				nop
2742   2607 C9 08       				cmp			#$08
2743   2609 F0 0F       				beq			L28f9
2744   260B EA          				nop
2745   260C C9 10       				cmp			#$10
2746   260E F0 07       				beq			L28f6
2747   2610 EA          				nop
2748   2611 20 54 21    				jsr			L23a4								; Kick PRNG
2749   2614 30 04       				bmi			L28f9
2750   2616 EA          				nop
2751   2617             L28f6:
2752   2617 4C 81 23    				jmp			L2627
2753   261A             L28f9:
2754   261A 4C 5F 23    				jmp			L2605
2755   261D             L28fc:
2756   261D 4C 5F 22    				jmp			L24f9
2757   2620             L28ff:
2758   2620 A5 05       				lda			$05
2759   2622 29 18       				and			#$18
2760   2624 F0 22       				beq			L2927
2761   2626 EA          				nop
2762   2627 C9 18       				cmp			#$18
2763   2629 F0 26       				beq			L2930
2764   262B EA          				nop
2765   262C A5 3E       				lda			$3e
2766   262E 30 40       				bmi			L294f
2767   2630 EA          				nop
2768   2631 20 AF 23    				jsr			L2655
2769   2634 90 12       				bcc			L2927
2770   2636 EA          				nop
2771   2637 30 0F       				bmi			L2927
2772   2639 EA          				nop
2773   263A             L2919:
2774   263A A5 05       				lda			$05
2775   263C 29 18       				and			#$18
2776   263E C9 08       				cmp			#$08
2777   2640 F0 0C       				beq			L292d
2778   2642 EA          				nop
2779   2643 C9 10       				cmp			#$10
2780   2645 F0 04       				beq			L292a
2781   2647 EA          				nop
2782   2648             L2927:
2783   2648 4C 95 26    				jmp			L2974
2784   264B             L292a:
2785   264B 4C 81 23    				jmp			L2627
2786   264E             L292d:
2787   264E 4C 5F 23    				jmp			L2605
2788   2651             L2930:
2789   2651 A5 B2       				lda			$b2
2790   2653 F0 F3       				beq			L2927
2791   2655 C9 03       				cmp			#$03
2792   2657 F0 0D       				beq			L2945
2793   2659 EA          				nop
2794   265A C9 01       				cmp			#$01
2795   265C F0 ED       				beq			L292a
2796   265E C9 80       				cmp			#$80
2797   2660 F0 EC       				beq			L292d
2798   2662 C9 02       				cmp			#$02
2799   2664 F0 B7       				beq			L28fc
2800   2666             L2945:
2801   2666 20 AF 23    				jsr			L2655
2802   2669 90 DD       				bcc			L2927
2803   266B 30 DE       				bmi			L292a
2804   266D 4C 4E 26    				jmp			L292d
2805   2670             L294f:
2806   2670 A5 B2       				lda			$b2
2807   2672 F0 D4       				beq			L2927
2808   2674 30 0D       				bmi			L2962
2809   2676 EA          				nop
2810   2677 C9 01       				cmp			#$01
2811   2679 F0 11       				beq			L296b
2812   267B EA          				nop
2813   267C C9 02       				cmp			#$02
2814   267E F0 9D       				beq			L28fc
2815   2680 4C 3A 26    				jmp			L2919
2816   2683             L2962:
2817   2683 A5 05       				lda			$05
2818   2685 29 10       				and			#$10
2819   2687 D0 C5       				bne			L292d
2820   2689 4C 48 26    				jmp			L2927
2821   268C             L296b:
2822   268C A5 05       				lda			$05
2823   268E 29 08       				and			#$08
2824   2690 D0 B9       				bne			L292a
2825   2692 4C 48 26    				jmp			L2927
2826   2695             L2974:
2827   2695 20 C3 23    				jsr			L2669
2828   2698 60          				rts
2829   2699             L2978:
2830   2699 A0 00       				ldy			#$00
2831   269B B1 10       				lda			(SCRLOC), y
2832   269D C9 21       				cmp			#$21
2833   269F F0 18       				beq			L2998
2834   26A1 EA          				nop
2835   26A2 A5 0C       				lda			$0c
2836   26A4 29 10       				and			#$10
2837   26A6 D0 06       				bne			L298d
2838   26A8 EA          				nop
2839   26A9 A0 20       				ldy			#$20
2840   26AB 4C B0 26    				jmp			L298f
2841   26AE             L298d:
2842   26AE A0 01       				ldy			#$01
2843   26B0             L298f:
2844   26B0 B1 10       				lda			(SCRLOC), y
2845   26B2 C9 21       				cmp			#$21
2846   26B4 F0 03       				beq			L2998
2847   26B6 EA          				nop
2848   26B7 18          				clc
2849   26B8 60          				rts
2850   26B9             L2998:
2851   26B9 38          				sec
2852   26BA 60          				rts
2853   26BB             L299a:
2854   26BB 20 05 20    				jsr			L222c
2855   26BE A5 2D       				lda			$2d
2856   26C0 10 03       				bpl			L29a4
2857   26C2 EA          				nop
2858   26C3 49 FF       				eor			#$ff
2859   26C5             L29a4:
2860   26C5 C9 07       				cmp			#$07
2861   26C7 B0 2F       				bcs			L29d7
2862   26C9 EA          				nop
2863   26CA C9 02       				cmp			#$02
2864   26CC B0 07       				bcs			L29b4
2865   26CE EA          				nop
2866   26CF A5 30       				lda			$30
2867   26D1 09 10       				ora			#$10										; Set D4 
2868   26D3 85 30       				sta			$30
2869   26D5             L29b4:
2870   26D5 A5 2C       				lda			$2c
2871   26D7 10 03       				bpl			L29bb
2872   26D9 EA          				nop
2873   26DA 49 FF       				eor			#$ff
2874   26DC             L29bb:
2875   26DC C9 07       				cmp			#$07
2876   26DE B0 18       				bcs			L29d7
2877   26E0 EA          				nop
2878   26E1 C9 02       				cmp			#$02
2879   26E3 B0 07       				bcs			L29cb
2880   26E5 EA          				nop
2881   26E6 A5 30       				lda			$30
2882   26E8 09 08       				ora			#$08										; Set D3 
2883   26EA 85 30       				sta			$30
2884   26EC             L29cb:
2885   26EC A5 3E       				lda			$3e
2886   26EE 09 80       				ora			#$80
2887   26F0 85 3E       				sta			$3e
2888   26F2 A9 01       				lda			#$01
2889   26F4 85 0F       				sta			$0f
2890   26F6 18          				clc
2891   26F7 60          				rts
2892   26F8             L29d7:
2893   26F8 A5 B1       				lda			ARROWS
2894   26FA C9 04       				cmp			#$04
2895   26FC B0 08       				bcs			L29e5
2896   26FE EA          				nop
2897   26FF A5 3E       				lda			$3e
2898   2701 09 80       				ora			#$80
2899   2703 85 3E       				sta			$3e
2900   2705 60          				rts
2901   2706             L29e5:
2902   2706 A5 30       				lda			$30
2903   2708 29 E7       				and			#$e7										; Clear D4,3 
2904   270A 85 30       				sta			$30
2905   270C A5 3E       				lda			$3e
2906   270E 29 7F       				and			#$7f
2907   2710 85 3E       				sta			$3e
2908   2712 38          				sec
2909   2713 60          				rts
2910   2714             L29f3:
2911   2714 A5 1A       				lda			SPRVAL
2912   2716 29 03       				and			#$03
2913   2718 F0 10       				beq			L2a09
2914   271A EA          				nop
2915   271B C9 01       				cmp			#$01
2916   271D F0 1B       				beq			L2a19
2917   271F EA          				nop
2918   2720 C9 02       				cmp			#$02
2919   2722 F0 26       				beq			L2a29
2920   2724 EA          				nop
2921   2725 E6 2A       				inc			$2a
2922   2727 4C 4C 27    				jmp			L2a2b
2923   272A             L2a09:
2924   272A A9 20       				lda			#$20
2925   272C 18          				clc
2926   272D 65 2A       				adc			$2a
2927   272F 85 2A       				sta			$2a
2928   2731 A5 2B       				lda			$2b
2929   2733 69 00       				adc			#$00
2930   2735 85 2B       				sta			$2b
2931   2737 4C 4C 27    				jmp			L2a2b
2932   273A             L2a19:
2933   273A A5 2A       				lda			$2a
2934   273C 38          				sec
2935   273D E9 20       				sbc			#$20
2936   273F 85 2A       				sta			$2a
2937   2741 A5 2B       				lda			$2b
2938   2743 E9 00       				sbc			#$00
2939   2745 85 2B       				sta			$2b
2940   2747 4C 4C 27    				jmp			L2a2b
2941   274A             L2a29:
2942   274A C6 2A       				dec			$2a
2943   274C             L2a2b:
2944   274C 20 08 20    				jsr			L222f
2945   274F 60          				rts
2946   2750             
2947   2750             				;; Split nybbles
2948   2750             L2a2f:
2949   2750 A8          				tay															; Stash a
2950   2751 4A          				lsr			a												; a>>1
2951   2752 4A          				lsr			a												; a>>2
2952   2753 4A          				lsr			a												; a>>3
2953   2754 4A          				lsr			a												; a>>4
2954   2755 48          				pha															; Hi nybble
2955   2756 98          				tya
2956   2757 29 0F       				and			#$0f										; Low nybble
2957   2759 A8          				tay															; Stash in y
2958   275A 68          				pla															; Hi nybble
2959   275B 60          				rts
2960   275C             
2961   275C             				;; Draw player scores
2962   275C             L2a3b:
2963   275C A0 00       				ldy			#$00										; P1
2964   275E A2 01       				ldx			#$01										; P1 offset
2965   2760 20 67 27    				jsr			L2a46
2966   2763             				
2967   2763 A0 01       				ldy			#$01										; P2
2968   2765 A2 1A       				ldx			#$1a										; P2 offset
2969   2767             L2a46:
2970   2767 B9 D0 00    				lda			$00d0, y								; Score lo
2971   276A 85 03       				sta			$03
2972   276C B9 D2 00    				lda			$00d2, y								; Score hi
2973   276F 20 81 27    				jsr			L2a60										; Draw 2 byte score from a, $03
2974   2772 60          				rts
2975   2773             
2976   2773             				;; Add a to current player score & redraw
2977   2773             				;; (X = offset)
2978   2773             L2a52:
2979   2773 F8          				sed
2980   2774 18          				clc
2981   2775 65 BD       				adc			SCOREP
2982   2777 85 BD       				sta			SCOREP
2983   2779 85 03       				sta			$03
2984   277B A5 BE       				lda			SCOREP+1
2985   277D 69 00       				adc			#$00
2986   277F 85 BE       				sta			SCOREP+1
2987   2781             
2988   2781             				;; Draw 2 byte score from a, $03 + 0
2989   2781             L2a60:
2990   2781 20 8B 27    				jsr			L2a6a
2991   2784 A9 30       				lda			#$30
2992   2786 9D 20 40    				sta			$4020, x								; Append 0
2993   2789 D8          				cld
2994   278A 60          				rts
2995   278B             
2996   278B             				;; Draw 2-byte score from a, $03
2997   278B             L2a6a:
2998   278B 20 90 27    				jsr			DRAWBCD									; Do hi byte
2999   278E A5 03       				lda			$03											; Get lo byte
3000   2790             
3001   2790             				;; DrawBCD at $4020+x
3002   2790             DRAWBCD:
3003   2790             L2a6f:
3004   2790 20 50 27    				jsr			L2a2f										; Split nybbles
3005   2793 20 97 27    				jsr			L2a76										; Do hi nubble
3006   2796 98          				tya															; Get lo nybble
3007   2797             L2a76:
3008   2797 09 30       				ora			#$30										; BCD to char
3009   2799 9D 20 40    				sta			$4020, x								; Store to screen
3010   279C E8          				inx
3011   279D 60          				rts
3012   279E             
3013   279E             L2a7d:
3014   279E A5 BF       				lda			PNUM
3015   27A0 C9 01       				cmp			#$01
3016   27A2 F0 06       				beq			L2a89
3017   27A4 EA          				nop
3018   27A5             
3019   27A5 A2 09       				ldx			#$09
3020   27A7 4C AC 27    				jmp			L2a8b
3021   27AA             
3022   27AA             L2a89:
3023   27AA A2 00       				ldx			#$00
3024   27AC             L2a8b:
3025   27AC A9 64       				lda			#$64
3026   27AE A4 C1       				ldy			LIVES
3027   27B0             L2a8f:
3028   27B0 9D 2A 40    				sta			$402a, x
3029   27B3 E8          				inx
3030   27B4 88          				dey
3031   27B5 D0 F9       				bne			L2a8f
3032   27B7 60          				rts
3033   27B8             L2a97:
3034   27B8 A5 3E       				lda			$3e
3035   27BA 29 02       				and			#$02
3036   27BC D0 1D       				bne			L2aba
3037   27BE EA          				nop
3038   27BF             
3039   27BF E6 06       				inc			DELL
3040   27C1 30 02       				bmi			L2aa4
3041   27C3 EA          				nop
3042   27C4             
3043   27C4 60          				rts
3044   27C5             
3045   27C5             L2aa4:
3046   27C5 20 54 21    				jsr			L23a4										; Kick PRNG
3047   27C8 29 47       				and			#$47
3048   27CA C9 40       				cmp			#$40
3049   27CC F0 06       				beq			L2ab3
3050   27CE EA          				nop
3051   27CF             
3052   27CF A9 00       				lda			#$00
3053   27D1 85 06       				sta			DELL
3054   27D3 60          				rts
3055   27D4             
3056   27D4             L2ab3:
3057   27D4 A5 3E       				lda			$3e
3058   27D6 09 02       				ora			#$02										; Set D1 
3059   27D8 85 3E       				sta			$3e
3060   27DA 60          				rts
3061   27DB             
3062   27DB             L2aba:
3063   27DB 20 E6 29    				jsr			L2e76
3064   27DE 60          				rts
3065   27DF             
3066   27DF             
3067   27DF             				;; Draw DEPOSIT COIN / OR PRESS START
3068   27DF             L2b4f:
3069   27DF 2C 00 51    				bit			DSW
3070   27E2 10 0F       				bpl			DICPRESS								; (Always) 
3071   27E4             
3072   27E4             ICNOFP:
3073   27E4 A9 11       				lda			#$11										; DEPOSIT COIN
3074   27E6 20 B6 20    				jsr			DRAWSTRA								; Draw string (and return)
3075   27E9             				
3076   27E9 A5 A1       				lda			CREDIT									; Credits
3077   27EB D0 01       				bne			L2b58
3078   27ED             
3079   27ED 60          				rts
3080   27EE             
3081   27EE             L2b58:
3082   27EE A9 12       				lda			#$12										; OR
3083   27F0 20 B6 20    				jsr			DRAWSTRA								; Draw string
3084   27F3             
3085   27F3             DICPRESS:
3086   27F3 A5 07       				lda			DELH
3087   27F5 29 01       				and			#$01										; Mask LSB
3088   27F7 18          				clc
3089   27F8 69 18       				adc			#$18										; blank or PRESS START 
3090   27FA 4C B6 20    				jmp			DRAWSTRA								; Draw string (and return)
3091   27FD             
3092   27FD             
3093   27FD             				;; Draw CREDITS_##
3094   27FD             L2bea:
3095   27FD 2C 00 51    				bit			DSW
3096   2800 30 05       				bmi			DCNOFP
3097   2802             
3098   2802 A9 16       				lda			#$16										; FREE PLAY 
3099   2804 4C B6 20    				jmp			DRAWSTRA								; Draw string (and return)
3100   2807             				 
3101   2807             DCNOFP:
3102   2807 A9 14       				lda			#$14										; CREDITS
3103   2809 20 B6 20    				jsr			DRAWSTRA
3104   280C             
3105   280C A5 A1       				lda			CREDIT
3106   280E 20 50 27    				jsr			L2a2f										; Split nybbles
3107   2811 09 30       				ora			#$30										; BCD to Char
3108   2813 8D 13 40    				sta			$4013
3109   2816 98          				tya
3110   2817 09 30       				ora			#$30										; BCD to Char
3111   2819 8D 14 40    				sta			$4014
3112   281C 60          				rts
3113   281D             
3114   281D             
3115   281D             				;; Initial arrow config
3116   281D             L2c2b:
3117   281D A9 71       				lda			#$71										; Middle right arrow pos 
3118   281F 85 10       				sta			SCRLOC
3119   2821 A9 6E       				lda			#$6e										; Middle left arrow pos 
3120   2823 85 11       				sta			SCRLOC+1
3121   2825 A4 B1       				ldy			ARROWS
3122   2827 A2 00       				ldx			#$00
3123   2829             
3124   2829             L2c37:
3125   2829 20 54 21    				jsr			L23a4										; Kick PRNG
3126   282C 29 0F       				and			#$0f										; Mask low nybble 
3127   282E 95 50       				sta			$50, x									; ($50) 
3128   2830 E8          				inx															; x=1 mod 7
3129   2831 A9 08       				lda			#$08										; (Down) 
3130   2833 95 50       				sta			$50, x									; ($51) 
3131   2835 E8          				inx															; x=2 mod 7
3132   2836 98          				tya															; a=ARROWS 
3133   2837 F0 0A       				beq			L2c51										; No arrows 
3134   2839 EA          				nop
3135   283A             
3136   283A 30 07       				bmi			L2c51										; Negative arrows ?!
3137   283C EA          				nop
3138   283D             
3139   283D A9 00       				lda			#$00										; Not last arrow 
3140   283F 88          				dey
3141   2840 4C 45 28    				jmp			L2c53
3142   2843             
3143   2843             L2c51:
3144   2843 A9 A0       				lda			#$a0										; Last arrow 
3145   2845             L2c53:
3146   2845 95 50       				sta			$50, x									; ($52) 
3147   2847 E8          				inx															; x=3 mod 7
3148   2848 A5 B1       				lda			ARROWS
3149   284A 95 50       				sta			$50, x									; ($53) 
3150   284C E8          				inx															; x=4 mod 7
3151   284D A9 1F       				lda			#$1f
3152   284F 95 50       				sta			$50, x									; ($54) 
3153   2851 E8          				inx															; x=5 mod 7
3154   2852 8A          				txa
3155   2853 29 01       				and			#$01										; Odd or even 
3156   2855 F0 0C       				beq			L2c71
3157   2857 EA          				nop
3158   2858             
3159   2858             				;; Get right arrow loc and +=3
3160   2858 A5 10       				lda			SCRLOC 
3161   285A E6 10       				inc			SCRLOC
3162   285C E6 10       				inc			SCRLOC
3163   285E E6 10       				inc			SCRLOC
3164   2860 4C 6B 28    				jmp			L2c79
3165   2863             
3166   2863             L2c71:
3167   2863             				;; Get left arrow loc and --3
3168   2863 A5 11       				lda		SCRLOC+1
3169   2865 C6 11       				dec		SCRLOC+1
3170   2867 C6 11       				dec		SCRLOC+1
3171   2869 C6 11       				dec		SCRLOC+1
3172   286B             
3173   286B             L2c79:
3174   286B 95 50       				sta			$50, x									; ($55)
3175   286D E8          				inx															; x=6 mod 7
3176   286E A9 40       				lda			#$40
3177   2870 95 50       				sta			$50, x									; ($56)
3178   2872 E8          				inx															; x= 0 mod 7 
3179   2873 E0 45       				cpx			#$45										; $07 * $0a - 1
3180   2875 90 B2       				bcc			L2c37										; More arrows!
3181   2877             
3182   2877 A5 B1       				lda			ARROWS
3183   2879 C9 03       				cmp			#$03
3184   287B B0 0D       				bcs			L2c98
3185   287D EA          				nop
3186   287E             
3187   287E A9 18       				lda			#$18										; (Left) 
3188   2880 A2 01       				ldx			#$01
3189   2882 95 50       				sta			$50, x									; ($51) 
3190   2884 A9 10       				lda			#$10										; (Right) 
3191   2886 A2 08       				ldx			#$08
3192   2888 95 50       				sta			$50, x									; ($58) 
3193   288A             
3194   288A             L2c98:
3195   288A 60          				rts
3196   288B             
3197   288B             
3198   288B             L2c99:
3199   288B A5 30       				lda			$30
3200   288D 29 7F       				and			#$7f										; Clear MSB 
3201   288F 85 30       				sta			$30
3202   2891 24 30       				bit			$30
3203   2893 30 F6       				bmi			L2c99										; Never -- you just cleared it! 
3204   2895             
3205   2895 A6 2F       				ldx			$2f											; Always #$10 
3206   2897             
3207   2897 A9 50       				lda			#(ARRTBL&$ff)
3208   2899 85 32       				sta			ARRPTR
3209   289B A9 00       				lda			#((ARRTBL>>8)&$ff)
3210   289D 85 33       				sta			ARRPTR+1
3211   289F             
3212   289F             L2cb2:
3213   289F 8A          				txa
3214   28A0 48          				pha															; Stash x
3215   28A1 20 AA 28    				jsr			L2cbd
3216   28A4 68          				pla
3217   28A5 AA          				tax															; Restore x
3218   28A6 CA          				dex
3219   28A7 D0 F6       				bne			L2cb2
3220   28A9 60          				rts
3221   28AA             
3222   28AA             				;; Manipulate arrows
3223   28AA             				;; Copy data from (ARRPTR) to ($0b)
3224   28AA             L2cbd:
3225   28AA A0 00       				ldy			#$00
3226   28AC             L2cbf:
3227   28AC B1 32       				lda			(ARRPTR), y
3228   28AE 99 0B 00    				sta			$000b, y
3229   28B1 C8          				iny
3230   28B2 C0 07       				cpy			#$07
3231   28B4 D0 F6       				bne			L2cbf										; Loop
3232   28B6             
3233   28B6 20 D3 28    				jsr			L2ce6
3234   28B9             
3235   28B9             				;; Copy bytes from ($0b) to (ARRPTR)
3236   28B9 A0 00       				ldy			#$00
3237   28BB             L2cce:
3238   28BB B9 0B 00    				lda			$000b, y
3239   28BE 91 32       				sta			(ARRPTR), y
3240   28C0 C8          				iny
3241   28C1 C0 07       				cpy			#$07
3242   28C3 D0 F6       				bne			L2cce										; Loop
3243   28C5             
3244   28C5             				;; ARRPTR += 7
3245   28C5 A5 32       				lda			ARRPTR
3246   28C7 18          				clc
3247   28C8 69 07       				adc			#$07
3248   28CA 85 32       				sta			ARRPTR
3249   28CC A5 33       				lda			ARRPTR+1
3250   28CE 69 00       				adc			#$00
3251   28D0 85 33       				sta			ARRPTR+1
3252   28D2 60          				rts
3253   28D3             
3254   28D3             
3255   28D3             L2ce6:
3256   28D3 C6 0F       				dec			$0f
3257   28D5 30 02       				bmi			L2cec										; $0f was 0
3258   28D7 EA          				nop
3259   28D8             
3260   28D8 60          				rts
3261   28D9             
3262   28D9             L2cec:
3263   28D9 A5 0D       				lda			$0d
3264   28DB 29 20       				and			#$20										; Mask bit 5
3265   28DD F0 02       				beq			L2cf4										; Clear
3266   28DF EA          				nop
3267   28E0             
3268   28E0 60          				rts
3269   28E1             
3270   28E1             L2cf4:
3271   28E1 A5 B1       				lda			ARROWS
3272   28E3 C9 04       				cmp			#$04
3273   28E5 90 0A       				bcc			L2d04
3274   28E7 EA          				nop
3275   28E8             
3276   28E8 A9 00       				lda			#$00
3277   28EA 85 0E       				sta			$0e
3278   28EC A9 04       				lda			#$04
3279   28EE 4C F4 28    				jmp			L2d07
3280   28F1             
3281   28F1             L2d04:
3282   28F1 18          				clc
3283   28F2 65 28       				adc			$28
3284   28F4             
3285   28F4             L2d07:
3286   28F4 85 0F       				sta			$0f
3287   28F6 20 99 26    				jsr			L2978
3288   28F9 B0 43       				bcs			L2d51
3289   28FB EA          				nop
3290   28FC             
3291   28FC A5 0C       				lda			$0c
3292   28FE 30 3E       				bmi			L2d51
3293   2900 EA          				nop
3294   2901             
3295   2901 29 40       				and			#$40
3296   2903 F0 04       				beq			L2d1c
3297   2905 EA          				nop
3298   2906             
3299   2906 20 BB 25    				jsr			L289a
3300   2909             L2d1c:
3301   2909 A5 0C       				lda			$0c
3302   290B 29 10       				and			#$10
3303   290D D0 06       				bne			L2d28
3304   290F EA          				nop
3305   2910             
3306   2910 A9 20       				lda			#$20
3307   2912 4C 17 29    				jmp			L2d2a
3308   2915             
3309   2915             L2d28:
3310   2915 A9 01       				lda			#$01
3311   2917             L2d2a:
3312   2917 85 04       				sta			$04
3313   2919 A5 0D       				lda			$0d
3314   291B 29 40       				and			#$40
3315   291D D0 05       				bne			L2d37
3316   291F EA          				nop
3317   2920             
3318   2920 20 FD 23    				jsr			L26a3
3319   2923 60          				rts
3320   2924             
3321   2924             L2d37:
3322   2924 A5 0C       				lda			$0c
3323   2926 29 1F       				and			#$1f
3324   2928 09 C0       				ora			#$c0
3325   292A 85 03       				sta			$03
3326   292C A0 00       				ldy			#$00
3327   292E 91 10       				sta			(SCRLOC), y
3328   2930 E6 03       				inc			$03
3329   2932 A5 03       				lda			$03
3330   2934 A4 04       				ldy			$04
3331   2936 91 10       				sta			(SCRLOC), y
3332   2938 E6 0C       				inc			$0c
3333   293A 20 0D 24    				jsr			L26b3
3334   293D 60          				rts
3335   293E             L2d51:
3336   293E A5 0C       				lda			$0c
3337   2940 30 13       				bmi			L2d68
3338   2942 EA          				nop
3339   2943             
3340   2943 A9 21       				lda			#$21
3341   2945 20 68 29    				jsr			L2d7b
3342   2948 A5 0C       				lda			$0c
3343   294A 09 80       				ora			#$80										; Set D7 
3344   294C 85 0C       				sta			$0c
3345   294E A9 01       				lda			#$01
3346   2950 85 BC       				sta			$bc
3347   2952 C6 B1       				dec			ARROWS
3348   2954 60          				rts
3349   2955             
3350   2955             L2d68:
3351   2955 A5 0D       				lda			$0d
3352   2957 30 0E       				bmi			L2d7a
3353   2959 EA          				nop
3354   295A             
3355   295A A5 0D       				lda			$0d
3356   295C 09 80       				ora			#$80
3357   295E 85 0D       				sta			$0d
3358   2960 A0 00       				ldy			#$00
3359   2962 A9 20       				lda			#$20
3360   2964 20 68 29    				jsr			L2d7b
3361   2967             L2d7a:
3362   2967 60          				rts
3363   2968             
3364   2968             L2d7b:
3365   2968 85 03       				sta			$03
3366   296A A0 00       				ldy			#$00
3367   296C 91 10       				sta			(SCRLOC), y
3368   296E A5 0C       				lda			$0c
3369   2970 29 10       				and			#$10
3370   2972 D0 06       				bne			L2d8d
3371   2974 EA          				nop
3372   2975 A0 20       				ldy			#$20
3373   2977 4C 7C 29    				jmp			L2d8f
3374   297A             L2d8d:
3375   297A A0 01       				ldy			#$01
3376   297C             L2d8f:
3377   297C A5 03       				lda			$03
3378   297E 91 10       				sta			(SCRLOC), y							; Why was this STRLOC? 
3379   2980 60          				rts
3380   2981             
3381   2981             L2e11:
3382   2981 A5 B8       				lda			$b8
3383   2983 C9 08       				cmp			#PRNG
3384   2985 B0 08       				bcs			L2e1f
3385   2987 EA          				nop
3386   2988             
3387   2988 A5 97       				lda			$97
3388   298A 09 80       				ora			#$80
3389   298C 85 97       				sta			$97
3390   298E 60          				rts
3391   298F             
3392   298F             L2e1f:
3393   298F A5 3E       				lda			$3e
3394   2991 29 20       				and			#$20
3395   2993 F0 02       				beq			L2e27
3396   2995 EA          				nop
3397   2996             
3398   2996 60          				rts
3399   2997             
3400   2997             L2e27:
3401   2997 A5 B4       				lda			$b4
3402   2999 38          				sec
3403   299A E9 20       				sbc			#$20
3404   299C 85 9B       				sta			$9b
3405   299E A5 B5       				lda			$b5
3406   29A0 E9 00       				sbc			#$00
3407   29A2 85 9C       				sta			$9c
3408   29A4 A0 00       				ldy			#$00
3409   29A6 B1 9B       				lda			($9b), y
3410   29A8 C9 20       				cmp			#$20
3411   29AA F0 02       				beq			L2e3e
3412   29AC EA          				nop
3413   29AD             
3414   29AD 60          				rts
3415   29AE             
3416   29AE             L2e3e:
3417   29AE C6 9B       				dec			$9b
3418   29B0 B1 9B       				lda			($9b), y
3419   29B2 E6 9B       				inc			$9b
3420   29B4 C9 20       				cmp			#$20
3421   29B6 F0 02       				beq			L2e4a
3422   29B8 EA          				nop
3423   29B9             
3424   29B9 60          				rts
3425   29BA             
3426   29BA             L2e4a:
3427   29BA C8          				iny
3428   29BB B1 9B       				lda			($9b), y
3429   29BD C9 20       				cmp			#$20
3430   29BF             L2e4f:
3431   29BF F0 02       				beq			L2e53
3432   29C1 EA          				nop
3433   29C2 60          				rts
3434   29C3             
3435   29C3             L2e53:
3436   29C3 20 54 21    				jsr			L23a4										; Kick PRNG
3437   29C6 29 08       				and			#$08										; Mask D3  
3438   29C8 09 12       				ora			#$12										; Set D4,1 
3439   29CA 85 97       				sta			$97											; ??
3440   29CC A9 43       				lda			#$43
3441   29CE 85 98       				sta			$98											; ??
3442   29D0             
3443   29D0 A9 04       				lda			#$04
3444   29D2 85 96       				sta			$96
3445   29D4 A9 01       				lda			#$01
3446   29D6 85 9A       				sta			$9a
3447   29D8 A5 3E       				lda			$3e
3448   29DA 09 20       				ora			#$20
3449   29DC 85 3E       				sta			$3e
3450   29DE A9 8C       				lda			#$8c
3451   29E0 85 B9       				sta			$b9
3452   29E2 20 05 2A    				jsr			L2e95
3453   29E5 60          				rts
3454   29E6             
3455   29E6             L2e76:
3456   29E6 A5 3E       				lda			$3e
3457   29E8 29 20       				and			#$20
3458   29EA F0 02       				beq			L2e7e
3459   29EC EA          				nop
3460   29ED             
3461   29ED 60          				rts
3462   29EE             
3463   29EE             L2e7e:
3464   29EE C6 B3       				dec			$b3
3465   29F0 F0 02       				beq			L2e84
3466   29F2 EA          				nop
3467   29F3             
3468   29F3 60          				rts
3469   29F4             
3470   29F4             L2e84:
3471   29F4 A9 2F       				lda			#$2f
3472   29F6 85 B3       				sta			$b3
3473   29F8 E6 B8       				inc			$b8
3474   29FA A5 B9       				lda			$b9
3475   29FC C9 90       				cmp			#$90
3476   29FE 90 05       				bcc			L2e95
3477   2A00 EA          				nop
3478   2A01             
3479   2A01 A9 80       				lda			#$80
3480   2A03 85 B9       				sta			$b9
3481   2A05             
3482   2A05             L2e95:
3483   2A05 A0 00       				ldy			#$00
3484   2A07 20 0C 2A    				jsr			L2e9c
3485   2A0A A0 20       				ldy			#$20
3486   2A0C             L2e9c:
3487   2A0C A5 B9       				lda			$b9
3488   2A0E 91 B4       				sta			($b4), y
3489   2A10 C8          				iny
3490   2A11 E6 B9       				inc			$b9
3491   2A13 A5 B9       				lda			$b9
3492   2A15 91 B4       				sta			($b4), y
3493   2A17 E6 B9       				inc			$b9
3494   2A19 60          				rts
3495   2A1A             
3496   2A1A             
3497   2A1A             L2eaa:
3498   2A1A A9 40       				lda			#$40
3499   2A1C 85 B5       				sta			$b5
3500   2A1E A9 20       				lda			#$20
3501   2A20 85 B4       				sta			$b4
3502   2A22 20 49 2A    				jsr			L2ed9
3503   2A25 AA          				tax
3504   2A26             L2eb6:
3505   2A26 A9 60       				lda			#$60
3506   2A28 18          				clc
3507   2A29 65 B4       				adc			$b4
3508   2A2B 85 B4       				sta			$b4
3509   2A2D A5 B5       				lda			$b5
3510   2A2F 69 00       				adc			#$00
3511   2A31 85 B5       				sta			$b5
3512   2A33 CA          				dex
3513   2A34 10 F0       				bpl			L2eb6
3514   2A36 20 49 2A    				jsr			L2ed9
3515   2A39             
3516   2A39             				;; a=3*a
3517   2A39 AA          				tax
3518   2A3A A0 00       				ldy			#$00
3519   2A3C             L2ecc:
3520   2A3C C8          				iny
3521   2A3D C8          				iny
3522   2A3E C8          				iny
3523   2A3F CA          				dex
3524   2A40 10 FA       				bpl			L2ecc										; Loop 
3525   2A42 98          				tya
3526   2A43             
3527   2A43 18          				clc
3528   2A44 65 B4       				adc			$b4
3529   2A46 85 B4       				sta			$b4
3530   2A48 60          				rts
3531   2A49             
3532   2A49             L2ed9:
3533   2A49 20 54 21    				jsr			L23a4										; Kick PRNG
3534   2A4C 29 0F       				and			#$0f
3535   2A4E C9 09       				cmp			#$09
3536   2A50 90 02       				bcc			L2ee4
3537   2A52 EA          				nop
3538   2A53             
3539   2A53 4A          				lsr			a
3540   2A54             L2ee4:
3541   2A54 60          				rts
3542   2A55             
3543   2A55             
3544   2A55             				;; Copy P1 store to player data
3545   2A55             L2ee5:
3546   2A55 A2 00       				ldx			#$00										; For P1
3547   2A57 4C 5C 2A    				jmp			L2eec
3548   2A5A             
3549   2A5A             				;; Copy P2 store to player data
3550   2A5A             L2eea:
3551   2A5A A2 01       				ldx			#$01										; For P2
3552   2A5C             L2eec:
3553   2A5C B5 D0       				lda			$d0, x
3554   2A5E 85 BD       				sta			SCOREP									; Score lo
3555   2A60 B5 D2       				lda			$d2, x
3556   2A62 85 BE       				sta			SCOREP+1								; Score hi
3557   2A64 B5 D4       				lda			$d4, x
3558   2A66 85 B1       				sta			ARROWS									; Active arrows
3559   2A68 B5 D6       				lda			$d6, x
3560   2A6A 85 C1       				sta			LIVES										; Lives left
3561   2A6C B5 D8       				lda			$d8, x
3562   2A6E 85 B0       				sta			$b0											; Shots at special
3563   2A70 B5 DA       				lda			$da, x
3564   2A72 85 C3       				sta			$c3											; Points/arrow
3565   2A74 60          				rts
3566   2A75             
3567   2A75             				;; Copy player data to P1 store
3568   2A75             L2f05:
3569   2A75 A2 00       				ldx			#$00										; For P1
3570   2A77 F0 02       				beq			L2f0c										; (Always) 
3571   2A79             
3572   2A79             				;; Copy player data to P2 store
3573   2A79             L2f0a:
3574   2A79 A2 01       				ldx			#$01										; For P2
3575   2A7B             L2f0c:
3576   2A7B A5 BD       				lda			SCOREP									; Score lo
3577   2A7D 95 D0       				sta			$d0, x
3578   2A7F A5 BE       				lda			SCOREP+1								; Score hi
3579   2A81 95 D2       				sta			$d2, x
3580   2A83 A5 B1       				lda			ARROWS									; Active arrows
3581   2A85 95 D4       				sta			$d4, x
3582   2A87 A5 C1       				lda			LIVES										; Lives left
3583   2A89 95 D6       				sta			$d6, x
3584   2A8B A5 B0       				lda			$b0											; Shots at special
3585   2A8D 95 D8       				sta			$d8, x							
3586   2A8F A5 C3       				lda			$c3											; Points/arrow
3587   2A91 95 DA       				sta			$da, x
3588   2A93             
3589   2A93             				;; Moved into routine
3590   2A93             L180f:
3591   2A93 A5 28       				lda			$28											; ??
3592   2A95 95 DE       				sta			$de, x
3593   2A97             
3594   2A97 60          				rts
3595   2A98             
3596   2A98             
3597   2A98             				;;
3598   2A98             				;; Common text include
3599   2A98             				;;
3600   2A98             
3601   2A98             .include "targ_txt.asm"
0001+  2A98             
0002+  2A98             STR00:																					; L1e54
0003+  2A98 42 45 41 54 				.db			"BEAT HIGH SCORE FOR EXTRA PLAY", $00
0003+  2A9C 20 48 49 47 
0003+  2AA0 48 20 53 43 
0003+  2AA4 4F 52 45 20 
0003+  2AA8 46 4F 52 20 
0003+  2AAC 45 58 54 52 
0003+  2AB0 41 20 50 4C 
0003+  2AB4 41 59 00 
0004+  2AB7             
0005+  2AB7             STR01:																					; L1e72
0006+  2AB7 45 58 54 52 				.db			"EXTRA POINTS",$00
0006+  2ABB 41 20 50 4F 
0006+  2ABF 49 4E 54 53 
0006+  2AC3 00 
0007+  2AC4             
0008+  2AC4             STR02:																					; L1e7f
0009+  2AC4 45 58 54 45 				.db			"EXTENDED PLAY FOR "x
0009+  2AC8 4E 44 45 44 
0009+  2ACC 20 50 4C 41 
0009+  2AD0 59 20 46 4F 
0009+  2AD4 52 20 
0010+  2AD6             				
0011+  2AD6             STR0A:																					; L27e2
0012+  2AD6 50 4C 41 59 				.db			"PLAYER   ", $00
0012+  2ADA 45 52 20 20 
0012+  2ADE 20 00 
0013+  2AE0             
0014+  2AE0             STR03:																					; L1e9b
0015+  2AE0 54 4F 50 50 				.db			"TOPPING HIGH SCORE ", $00
0015+  2AE4 49 4E 47 20 
0015+  2AE8 48 49 47 48 
0015+  2AEC 20 53 43 4F 
0015+  2AF0 52 45 20 00 
0016+  2AF4             
0017+  2AF4             STR04:																					; L1eaf
0018+  2AF4 45 58 54 52 				.db			"EXTRA CREDIT ", $00
0018+  2AF8 41 20 43 52 
0018+  2AFC 45 44 49 54 
0018+  2B00 20 00 
0019+  2B02             
0020+  2B02             STR05:																					; L1ebd
0021+  2B02 46 4F 52 20 				.db			"FOR TOPPING HIGH SCORE", $00
0021+  2B06 54 4F 50 50 
0021+  2B0A 49 4E 47 20 
0021+  2B0E 48 49 47 48 
0021+  2B12 20 53 43 4F 
0021+  2B16 52 45 00 
0022+  2B19             
0023+  2B19             STR06:																					; L1f3e
0024+  2B19 48 49 20 53 				.db			"HI SCR", $00
0024+  2B1D 43 52 00 
0025+  2B20             
0026+  2B20             STR07:																					;	L27c7
0027+  2B20 47 41 4D 45 				.db			"GAME  OVER", $00
0027+  2B24 20 20 4F 56 
0027+  2B28 45 52 00 
0028+  2B2B             
0029+  2B2B             STR08:																					; L27d3
0030+  2B2B             STR1A:
0031+  2B2B 54 41 52 47 				.db			"TARG", $00
0031+  2B2F 00 
0032+  2B30             
0033+  2B30             STR09:																					; L27d8
0034+  2B30 47 45 54 20 				.db			"GET  READY", $00
0034+  2B34 20 52 45 41 
0034+  2B38 44 59 00 
0035+  2B3B             
0036+  2B3B             STR0B:																					; L27ec
0037+  2B3B 01 20 20 31 				.db			$01,"  10 POINTS", $00
0037+  2B3F 30 20 50 4F 
0037+  2B43 49 4E 54 53 
0037+  2B47 00 
0038+  2B48             
0039+  2B48             STR0C:																					; L2f37
0040+  2B48 31 20 50 4C 				.db			"1 PLAYER  1 COIN", $00				  ; Coinage 08 #1
0040+  2B4C 41 59 45 52 
0040+  2B50 20 20 31 20 
0040+  2B54 43 4F 49 4E 
0040+  2B58 00 
0041+  2B59             
0042+  2B59             STR0D:																					; L2f49
0043+  2B59 32 20 50 4C 				.db			"2 PLAYERS  2 COINS", $00				; Coinage 08 #2
0043+  2B5D 41 59 45 52 
0043+  2B61 53 20 20 32 
0043+  2B65 20 43 4F 49 
0043+  2B69 4E 53 00 
0044+  2B6C             
0045+  2B6C             STR0E:																					; L2f5b
0046+  2B6C 31 20 50 4C 				.db			"1 PLAYER   2 COINS", $00				; Coinage 10 #1
0046+  2B70 41 59 45 52 
0046+  2B74 20 20 20 32 
0046+  2B78 20 43 4F 49 
0046+  2B7C 4E 53 00 
0047+  2B7F             
0048+  2B7F             STR0F:																					; L2f6d
0049+  2B7F 32 20 50 4C 				.db			"2 PLAYERS  4 COINS", $00				; Coiange 10 #2 
0049+  2B83 41 59 45 52 
0049+  2B87 53 20 20 34 
0049+  2B8B 20 43 4F 49 
0049+  2B8F 4E 53 00 
0050+  2B92             
0051+  2B92             STR10:																					; L2f25
0052+  2B92 32 20 50 4C 				.db			"2 PLAYERS   1 COIN", $00				; Coinage 18
0052+  2B96 41 59 45 52 
0052+  2B9A 53 20 20 20 
0052+  2B9E 31 20 43 4F 
0052+  2BA2 49 4E 00 
0053+  2BA5             
0054+  2BA5             STR11:																					; L2f7f
0055+  2BA5             STR1E:																					; HS Screen
0056+  2BA5 49 4E 53 45 				.db			"INSERT  COIN", $00
0056+  2BA9 52 54 20 20 
0056+  2BAD 43 4F 49 4E 
0056+  2BB1 00 
0057+  2BB2             
0058+  2BB2             STR12:																					;	L2f8c
0059+  2BB2             STR1F:
0060+  2BB2 4F 52 00    				.db			"OR", $00
0061+  2BB5             
0062+  2BB5             STR13:																					; L2f9b
0063+  2BB5 4E 45 58 54 				.db			"NEXT LEVEL", $00
0063+  2BB9 20 4C 45 56 
0063+  2BBD 45 4C 00 
0064+  2BC0             
0065+  2BC0             STR14:																					; L2fa1
0066+  2BC0 43 52 45 44 				.db			"CREDITS", $00
0066+  2BC4 49 54 53 00 
0067+  2BC8             
0068+  2BC8             STR15:																					; L2fc8
0069+  2BC8 43 4F 50 59 				.db			"COPYRIGHT ?1980 BY EXIDY INC", $00
0069+  2BCC 52 49 47 48 
0069+  2BD0 54 20 3F 31 
0069+  2BD4 39 38 30 20 
0069+  2BD8 42 59 20 45 
0069+  2BDC 58 49 44 59 
0069+  2BE0 20 49 4E 43 
0069+  2BE4 00 
0070+  2BE5             
0071+  2BE5             STR16:																					; Normal 
0072+  2BE5             STR17:																					; Top of screen
0073+  2BE5 20 46 52 45 				.db			" FREE  PLAY ", $00
0073+  2BE9 45 20 20 50 
0073+  2BED 4C 41 59 20 
0073+  2BF1 00 
0074+  2BF2             
0075+  2BF2             STR18:																					; Normal 
0076+  2BF2             STR26:																					; HS Screen 
0077+  2BF2 20 20 20 20 				.db			"            ", $00
0077+  2BF6 20 20 20 20 
0077+  2BFA 20 20 20 20 
0077+  2BFE 00 
0078+  2BFF             
0079+  2BFF             STR19:																					; Normal 
0080+  2BFF             STR25:																					; HS Screen
0081+  2BFF 50 52 45 53 				.db			"PRESS  START", $00
0081+  2C03 53 20 20 53 
0081+  2C07 54 41 52 54 
0081+  2C0B 00 
0082+  2C0C             
0083+  2C0C             STR1B:
0084+  2C0C 41 4C 4C 20 				.db			"ALL TIME HIGH SCORES",$00
0084+  2C10 54 49 4D 45 
0084+  2C14 20 48 49 47 
0084+  2C18 48 20 53 43 
0084+  2C1C 4F 52 45 53 
0084+  2C20 00 
0085+  2C21             
0086+  2C21             STR1C:
0087+  2C21 52 41 4E 4B 				.db			"RANK   SCORE  NAME",$00
0087+  2C25 20 20 20 53 
0087+  2C29 43 4F 52 45 
0087+  2C2D 20 20 4E 41 
0087+  2C31 4D 45 00 
0088+  2C34             
0089+  2C34             STR1D:
0090+  2C34 47 52 45 41 				.db			"GREAT SCORE",$00
0090+  2C38 54 20 53 43 
0090+  2C3C 4F 52 45 00 
0091+  2C40             				
0092+  2C40             STR20:
0093+  2C40 31 53 54 00 				.db			"1ST",$00
0094+  2C44             
0095+  2C44             STR21:
0096+  2C44 32 4E 44 00 				.db			"2ND",$00
0097+  2C48             
0098+  2C48             STR22:
0099+  2C48 33 52 44 00 				.db			"3RD",$00
0100+  2C4C             
0101+  2C4C             STR23:
0102+  2C4C 34 54 48 00 				.db			"4TH",$00
0103+  2C50             
0104+  2C50             STR24:
0105+  2C50 35 54 48 00 				.db			"5TH",$00
0106+  2C54             
0107+  2C54             
0108+  2C54             TXTTBL:
0109+  2C54 98 2A       				.dw			STR00
0110+  2C56 B7 2A       				.dw			STR01
0111+  2C58 C4 2A       				.dw			STR02
0112+  2C5A E0 2A       				.dw			STR03
0113+  2C5C F4 2A       				.dw			STR04
0114+  2C5E 02 2B       				.dw			STR05
0115+  2C60 19 2B       				.dw			STR06
0116+  2C62 20 2B       				.dw			STR07
0117+  2C64 2B 2B       				.dw			STR08
0118+  2C66 30 2B       				.dw			STR09
0119+  2C68 D6 2A       				.dw			STR0A
0120+  2C6A 3B 2B       				.dw			STR0B
0121+  2C6C 48 2B       				.dw			STR0C
0122+  2C6E 59 2B       				.dw			STR0D
0123+  2C70 6C 2B       				.dw			STR0E
0124+  2C72 7F 2B       				.dw			STR0F
0125+  2C74 92 2B       				.dw			STR10
0126+  2C76 A5 2B       				.dw			STR11
0127+  2C78 B2 2B       				.dw			STR12
0128+  2C7A B5 2B       				.dw			STR13
0129+  2C7C C0 2B       				.dw			STR14
0130+  2C7E C8 2B       				.dw			STR15
0131+  2C80 E5 2B       				.dw			STR16
0132+  2C82 E5 2B       				.dw			STR17
0133+  2C84 F2 2B       				.dw			STR18
0134+  2C86 FF 2B       				.dw			STR19
0135+  2C88 2B 2B       				.dw			STR1A
0136+  2C8A 0C 2C       				.dw			STR1B
0137+  2C8C 21 2C       				.dw			STR1C
0138+  2C8E 34 2C       				.dw			STR1D
0139+  2C90 A5 2B       				.dw			STR1E
0140+  2C92 B2 2B       				.dw			STR1F
0141+  2C94 40 2C       				.dw			STR20
0142+  2C96 44 2C       				.dw			STR21
0143+  2C98 48 2C       				.dw			STR22
0144+  2C9A 4C 2C       				.dw			STR23
0145+  2C9C 50 2C       				.dw			STR24
0146+  2C9E FF 2B       				.dw			STR25
0147+  2CA0 F2 2B       				.dw			STR26
0148+  2CA2             
0149+  2CA2             				;; Screen locations
0150+  2CA2             TXTLOC:
0151+  2CA2 C1 40       				.dw			$40c1														; STR00
0152+  2CA4 4A 41       				.dw			$414a														; STR01
0153+  2CA6 04 42       				.dw			$4204														; STR02  
0154+  2CA8 2C 42       				.dw			$422c														; STR03
0155+  2CAA 0B 42       				.dw			$420b														; STR04 
0156+  2CAC 38 42       				.dw			$4238														; STR05 
0157+  2CAE 2A 40       				.dw			$402a														; STR06
0158+  2CB0 0B 42       				.dw			$420b														; STR07 
0159+  2CB2 0E 43       				.dw			$430e														; STR08
0160+  2CB4 0B 42       				.dw			$420b														; STR09
0161+  2CB6 4C 42       				.dw			$424c														; STR0A
0162+  2CB8 8A 42       				.dw			$428a														; STR0B
0163+  2CBA 48 41       				.dw			$4148														; STR0C 
0164+  2CBC 87 41       				.dw			$4187														; STR0D 
0165+  2CBE 47 41       				.dw			$4147														; STR0E 
0166+  2CC0 87 41       				.dw			$4187														; STR0F 
0167+  2CC2 47 41       				.dw			$4147														; STR10 
0168+  2CC4 EA 41       				.dw			$41ea														; STR11
0169+  2CC6 0F 42       				.dw			$420f														; STR12
0170+  2CC8 0B 42       				.dw			$420b														; STR13
0171+  2CCA 0B 40       				.dw			$400b														; STR14
0172+  2CCC 82 43       				.dw			$4382 													; STR15
0173+  2CCE 0A 40       				.dw			$400a														; STR16
0174+  2CD0 6A 41       				.dw			$416a														; STR17
0175+  2CD2 2A 42       				.dw			$422a														; STR18
0176+  2CD4 2A 42       				.dw			$422a														; STR19
0177+  2CD6 6E 40       				.dw			$406e														; STR1A
0178+  2CD8 C6 40       				.dw			$40c6														; STR1B
0179+  2CDA 07 41       				.dw			$4107														; STR1C
0180+  2CDC 00 40       				.dw			$4000														; STR1D
0181+  2CDE EA 42       				.dw			$42ea														; STR1E
0182+  2CE0 0F 43       				.dw			$430f														; STR1F
0183+  2CE2 67 41       				.dw			$4167														; STR20
0184+  2CE4 A7 41       				.dw			$41a7														; STR21
0185+  2CE6 E7 41       				.dw			$41e7														; STR22
0186+  2CE8 27 42       				.dw			$4227														; STR23
0187+  2CEA 67 42       				.dw			$4267														; STR24
0188+  2CEC 2A 43       				.dw			$432a														; STR25
0189+  2CEE 2A 43       				.dw			$432a														; STR26
0190+  2CF0             				
0191+  2CF0~            .if 0
0192+  2CF0~            				;; Remove unused text
0193+  2CF0~            STRxx:																					; L2fa9
0194+  2CF0~            				.db			"TOP THIS SCORE FOR EXTRA BONUS", $00
0195+  2CF0~            
0196+  2CF0~            STRXX:																					; L1ed4
0197+  2CF0~            				.db			"1 GAME  ONE 10 PENCE COIN ", $00
0198+  2CF0~            
0199+  2CF0~            STRXX:																					; L1eef
0200+  2CF0~            				.db			"6 GAMES ONE 50 PENCE COIN", $00
0201+  2CF0~            
0202+  2CF0~            STRXX:																					; L1f09
0203+  2CF0~            				.db			"1 GAME  TWO 10 PENCE COINS", $00
0204+  2CF0~            
0205+  2CF0~            STRXX:																					; L1f24
0206+  2CF0~            				.db			"3 GAMES ONE 50 PENCE COIN", $00
0207+  2CF0             .endif3602   2CF0             
3603   2CF0             				;; Reset vector
3604   3000             				.org		$3000
3605   3000             LRESET:
3606   3000             L3000:
3607   3000 78          				sei															; Disable interrupts
3608   3001 A2 FF       				ldx			#$ff										; Stack pointer, loop counter
3609   3003 9A          				txs															; Set stack pointer
3610   3004             
3611   3004             				;; Wait for vblank
3612   3004             L3004:
3613   3004 AD 03 51    				lda			$5103										; IRQ source
3614   3007 CA          				dex
3615   3008 30 FA       				bmi			L3004										; Loop
3616   300A             
3617   300A D8          				cld
3618   300B A9 00       				lda			#$00
3619   300D 85 A0       				sta			HCOIN
3620   300F 85 A1       				sta			CREDIT
3621   3011 85 02       				sta			START
3622   3013 85 A2       				sta			COINCNT
3623   3015 58          				cli															; Enable interrupts
3624   3016             
3625   3016 20 95 20    				jsr			L22bc										; Write character RAM 
3626   3019             
3627   3019 A9 00       				lda			#$00
3628   301B 85 AB       				sta			$ab											; ?? 
3629   301D 85 A3       				sta			VAUD1										; ?? 
3630   301F 85 BD       				sta			SCOREP									; Clear player score 
3631   3021 85 BE       				sta			SCOREP+1
3632   3023             
3633   3023             				;; Set default high score
3634   3023 85 AE       				sta			SCOREH									; HS lo
3635   3025 A9 10       				lda			#$10
3636   3027 85 AF       				sta			SCOREH+1								; HS hi
3637   3029             
3638   3029             ;				jsr			L180c										; Copy player data to P1
3639   3029 20 75 2A    				jsr			L2f05										; Copy player data to P1
3640   302C             ;				jsr			L1806										; Copy player data to P2
3641   302C 20 79 2A    				jsr			L2f0a										; Copy player data to P2
3642   302F             
3643   302F             MAINLOOP:
3644   302F             				
3645   302F 20 64 33    				jsr			ATTRACT									; Attract mode 
3646   3032 20 E3 33    				jsr			FAKEGAME								; Fake gameplay
3647   3035 20 9A 34    				jsr			ATTHS										; High score screen 
3648   3038             
3649   3038 A5 02       				lda			START
3650   303A F0 F3       				beq			MAINLOOP
3651   303C             
3652   303C 20 42 30    				jsr			PLAYGAME
3653   303F 4C 2F 30    				jmp			MAINLOOP
3654   3042             
3655   3042             				;; Real game play
3656   3042             PLAYGAME:
3657   3042             L3030:
3658   3042 20 3B 34    				jsr			CFGGAME
3659   3045             				
3660   3045 A9 00       				lda			#$00
3661   3047 85 BD       				sta			SCOREP									; Clear player score 
3662   3049 85 BE       				sta			SCOREP+1
3663   304B 85 DC       				sta			$dc
3664   304D 85 DD       				sta			$dd
3665   304F A9 01       				lda			#$01
3666   3051 85 BF       				sta			PNUM
3667   3053 85 C3       				sta			$c3											; Level 
3668   3055 20 86 21    				jsr			L23d7										; Set LIVES froom DIPs
3669   3058             ;				jsr			L180c										; Copy player data to P1
3670   3058 20 75 2A    				jsr			L2f05										; Copy player data to P1
3671   305B             ;				jsr			L1806										; Copy player data to P2
3672   305B 20 79 2A    				jsr			L2f0a										; Copy player data to P2
3673   305E 20 0A 19    				jsr			L1971
3674   3061 20 5C 27    				jsr			L2a3b										; Draw player scores
3675   3064             ;				jsr			L1806										; Copy player data to P2
3676   3064 20 79 2A    				jsr			L2f0a										; Copy player data to P2
3677   3067 A5 B1       				lda			ARROWS
3678   3069 85 A8       				sta			$a8
3679   306B A9 00       				lda			#$00
3680   306D 85 A4       				sta			$a4
3681   306F A9 90       				lda			#$90
3682   3071 85 A3       				sta			VAUD1
3683   3073 8D 00 52    				sta			AUDIO1
3684   3076 A9 20       				lda			#$20
3685   3078 85 35       				sta			$35
3686   307A 85 36       				sta			$36
3687   307C             
3688   307C             				;; Main game play loop
3689   307C             L306c:
3690   307C 20 8B 28    				jsr			L2c99
3691   307F 20 E8 32    				jsr			L3307
3692   3082 20 F7 1D    				jsr			L2000										; Check fire button
3693   3085 20 7F 1E    				jsr			L2088
3694   3088 20 A0 1E    				jsr			L20ae
3695   308B 20 08 1A    				jsr			L1a75
3696   308E 20 5D 19    				jsr			L19c4
3697   3091 20 26 1E    				jsr			L202f
3698   3094 20 B8 27    				jsr			L2a97
3699   3097 20 81 29    				jsr			L2e11
3700   309A 20 22 18    				jsr			L1828
3701   309D A5 B1       				lda			ARROWS									; Active arrows 
3702   309F F0 0F       				beq			L309e										; Next level? 
3703   30A1 EA          				nop
3704   30A2             
3705   30A2 A5 30       				lda			$30
3706   30A4 29 02       				and			#$02										; Check D1 
3707   30A6 F0 D4       				beq			L306c										; No death
3708   30A8             				
3709   30A8 20 58 31    				jsr			L316e										; Handle death
3710   30AB             
3711   30AB A5 02       				lda			START										; $00 for game over
3712   30AD D0 CD       				bne			L306c
3713   30AF             
3714   30AF 60          				rts															; GAME OVER 
3715   30B0             
3716   30B0             
3717   30B0             				;; End of level
3718   30B0             L309e:
3719   30B0 A9 EE       				lda			#$ee
3720   30B2 8D 00 51    				sta			MOBLAT									; Sprite latch
3721   30B5 A9 15       				lda			#$15
3722   30B7 20 B8 21    				jsr			DELAY										; Delay 21 frames
3723   30BA             
3724   30BA A9 10       				lda			#$10
3725   30BC 8D 00 52    				sta			AUDIO1
3726   30BF A6 BF       				ldx			PNUM
3727   30C1 CA          				dex
3728   30C2             ;				jsr			L1800										; Copy player data to PX
3729   30C2 20 7B 2A    				jsr			L2f0c										; Copy player data to PX
3730   30C5 A9 15       				lda			#$15
3731   30C7 20 B8 21    				jsr			DELAY										; Delay 21 frames
3732   30CA             
3733   30CA A9 EE       				lda			#$ee										; Clear sprites 
3734   30CC 8D 00 51    				sta			MOBLAT									; Sprite latch
3735   30CF 85 1A       				sta			SPRVAL
3736   30D1 20 74 1C    				jsr			L1cf2										; Bonus screen 
3737   30D4 20 E6 18    				jsr			L194d
3738   30D7 4C 7C 30    				jmp			L306c										; Next level
3739   30DA             				
3740   30DA             				 
3741   30DA             L30c4:
3742   30DA A9 10       				lda			#$10
3743   30DC 8D 00 52    				sta			AUDIO1
3744   30DF A9 EE       				lda			#$ee
3745   30E1 8D 00 51    				sta			MOBLAT									; Sprite latch
3746   30E4 A9 15       				lda			#$15
3747   30E6 20 B8 21    				jsr			DELAY										; Delay 21 frames
3748   30E9             
3749   30E9 A5 A7       				lda			STATUS
3750   30EB 29 03       				and			#$03
3751   30ED D0 04       				bne			L30de										; Extended play
3752   30EF EA          				nop
3753   30F0             
3754   30F0             L30d8:
3755   30F0 4C C5 18    				jmp			L1918										; GAME OVER
3756   30F3             
3757   30F3             L30de:
3758   30F3 AD 00 51    				lda			DSW											; DIPs
3759   30F6 49 FF       				eor			#$ff
3760   30F8 29 04       				and			#$04
3761   30FA D0 3A       				bne			L313a
3762   30FC EA          				nop
3763   30FD 24 A7       				bit			STATUS
3764   30FF 70 EF       				bvs			L30d8
3765   3101 20 0E 21    				jsr			L2340										; Clear screen
3766   3104 A5 A7       				lda			STATUS
3767   3106 29 03       				and			#$03
3768   3108 85 BF       				sta			PNUM
3769   310A F0 E4       				beq			L30d8
3770   310C 4A          				lsr			a
3771   310D AA          				tax
3772   310E A9 01       				lda			#$01
3773   3110 95 D6       				sta			$d6, x
3774   3112             
3775   3112             				;; Draw STR02
3776   3112 A9 02       				lda			#$02										; EXTENDED PLAY
3777   3114 20 B6 20    				jsr			DRAWSTRA 
3778   3117             
3779   3117             				;; Draw STR03
3780   3117 A9 03       				lda			#$03										; TOPPING HIGH
3781   3119 20 B6 20    				jsr			DRAWSTRA
3782   311C             				
3783   311C A5 BF       				lda			PNUM
3784   311E 09 30       				ora			#$30										; To ASCII 
3785   3120 8D 1D 42    				sta			$421d										; Player # in ASCII 
3786   3123 20 B6 21    				jsr			DEL168
3787   3126             				
3788   3126 A5 A7       				lda			STATUS
3789   3128 09 40       				ora			#$40
3790   312A 85 A7       				sta			STATUS
3791   312C A5 BF       				lda			PNUM										; P1=1, P2=0
3792   312E 4A          				lsr			a												; P1=0, P2=1 
3793   312F AA          				tax
3794   3130 20 0E 18    				jsr			L1814										; Copy PX store to player data
3795   3133 4C B0 30    				jmp			L309e
3796   3136             
3797   3136             L313a:
3798   3136 20 0E 21    				jsr			L2340										; Clear screen
3799   3139 20 FD 27    				jsr			L2bea										; Draw CREDITS_##
3800   313C E6 A1       				inc			CREDIT									; Credits
3801   313E             
3802   313E             				;; Draw STR04
3803   313E A9 04       				lda			#$04										; EXTRA CREDIT
3804   3140 20 B6 20    				jsr			DRAWSTRA
3805   3143             				
3806   3143             				;; Draw STR05
3807   3143 A9 05       				lda			#$05										; FOR TOPPING
3808   3145 20 B6 20    				jsr			DRAWSTRA
3809   3148             
3810   3148 A9 54       				lda			#$54
3811   314A 20 B8 21    				jsr			DELAY										; Delay 84 frames  
3812   314D             
3813   314D 20 FD 27    				jsr			L2bea										; Draw CREDITS_##
3814   3150 A9 54       				lda			#$54
3815   3152 20 B8 21    				jsr			DELAY										; Delay 84 frames  
3816   3155             
3817   3155 4C F0 30    				jmp			L30d8
3818   3158             
3819   3158             L316e:
3820   3158 A9 10       				lda			#$10
3821   315A 20 7A 21    				jsr			L23cf										; Set AUDIO1 bits 
3822   315D A9 EE       				lda			#$ee
3823   315F 8D 00 51    				sta			MOBLAT									; Sprite latch
3824   3162 20 2D 1D    				jsr			L1e08										; Update high score? 
3825   3165             
3826   3165 A5 2F       				lda			$2f											; ?? Not new level?
3827   3167 D0 07       				bne			L3186
3828   3169 EA          				nop
3829   316A             
3830   316A A9 0A       				lda			#$0a
3831   316C 85 2F       				sta			$2f
3832   316E 85 B1       				sta			ARROWS									; # Active arrows
3833   3170             
3834   3170             L3186:
3835   3170 C6 C1       				dec			LIVES										; Lives left
3836   3172 10 05       				bpl			L318f										; >= 0
3837   3174 EA          				nop
3838   3175             
3839   3175             				;; Reset to 0 if negative
3840   3175 A9 00       				lda			#$00
3841   3177 85 C1       				sta			LIVES										; Lives left
3842   3179             
3843   3179             L318f:
3844   3179 A5 C0       				lda			NUMP										; # Players
3845   317B C9 02       				cmp			#$02
3846   317D D0 24       				bne			L31b9										; 1P only -- no swap
3847   317F EA          				nop
3848   3180             
3849   3180             				;; Swap players
3850   3180 A5 BF       				lda			$bf											; Player #
3851   3182 C9 01       				cmp			#$01
3852   3184 F0 10       				beq			L31ac										; Currently P1
3853   3186 EA          				nop
3854   3187             
3855   3187             				;; Swap data to P1
3856   3187 A9 01       				lda			#$01
3857   3189 85 BF       				sta			$bf
3858   318B             ;				jsr			L1806										; Copy player data to P2
3859   318B 20 79 2A    				jsr			L2f0a										; Copy player data to P2
3860   318E 20 1A 18    				jsr			L1820										; Copy P1 store to player data
3861   3191 A5 C1       				lda			LIVES										; Lives left
3862   3193 D0 16       				bne			L31c1
3863   3195 EA          				nop
3864   3196             
3865   3196             				;; Swap data to P2
3866   3196             L31ac:
3867   3196 A9 02       				lda			#$02
3868   3198 85 BF       				sta			$bf
3869   319A             ;				jsr			L180c										; Copy player data to P1
3870   319A 20 75 2A    				jsr			L2f05										; Copy player data to P1
3871   319D 20 14 18    				jsr			L181a										; Copy P2 store to player data
3872   31A0 4C A6 31    				jmp			L31bc
3873   31A3             
3874   31A3             L31b9:
3875   31A3             ;				jsr			L180c										; Copy player data to P1
3876   31A3 20 75 2A    				jsr			L2f05										; Copy player data to P1
3877   31A6             L31bc:
3878   31A6 A5 C1       				lda			LIVES
3879   31A8 F0 0E       				beq			L31ce										; Game over 
3880   31AA EA          				nop
3881   31AB             
3882   31AB             L31c1:
3883   31AB 20 0E 21    				jsr			L2340										; Clear screen
3884   31AE 20 99 21    				jsr			L2421
3885   31B1 20 0A 19    				jsr			L1971
3886   31B4 20 5C 27    				jsr			L2a3b										; Draw player scores
3887   31B7 60          				rts
3888   31B8             
3889   31B8             L31ce:
3890   31B8 4C DA 30    				jmp			L30c4
3891   31BB             
3892   31BB             
3893   31BB             				;; IRQ vector
3894   31BB             LIRQ:
3895   31BB             L3131:
3896   31BB 08          				php
3897   31BC 48          				pha
3898   31BD 8A          				txa
3899   31BE 48          				pha
3900   31BF 98          				tya
3901   31C0 48          				pha
3902   31C1             
3903   31C1 AD 03 51    				lda			$5103										; IRQ source
3904   31C4 A8          				tay
3905   31C5 29 60       				and			#$60
3906   31C7 D0 6C       				bne			L31ee										; Coin 1 or 2 pressed
3907   31C9 EA          				nop
3908   31CA             
3909   31CA 98          				tya
3910   31CB 30 61       				bmi			IRQEND									; Not Vblank
3911   31CD             
3912   31CD             L3f4d:
3913   31CD A5 A7       				lda			STATUS
3914   31CF 29 20       				and			#$20
3915   31D1 D0 04       				bne			L3f57
3916   31D3 EA          				nop
3917   31D4             
3918   31D4 20 BF 21    				jsr			L2459										; Update sprite locations 
3919   31D7             
3920   31D7             L3f57:
3921   31D7 E6 A2       				inc			COINCNT
3922   31D9 10 05       				bpl			L3f60
3923   31DB EA          				nop
3924   31DC             
3925   31DC A9 80       				lda			#$80										; Max out at #$80 
3926   31DE 85 A2       				sta			COINCNT
3927   31E0             
3928   31E0             L3f60:
3929   31E0 A5 30       				lda			$30
3930   31E2 09 80       				ora			#$80										; Set D7
3931   31E4 85 30       				sta			$30
3932   31E6             
3933   31E6             
3934   31E6             				;; Check P2 start
3935   31E6             CHKP2:
3936   31E6 AD 01 51    				lda			IN0
3937   31E9 29 02       				and			#$02										; 2P start
3938   31EB D0 24       				bne			CHKP1										; Not pressed 
3939   31ED             				
3940   31ED             DOP2:
3941   31ED 2C 00 51    				bit			DSW											; DIPs
3942   31F0 10 1B       				bpl			P2DEC0									; Free play
3943   31F2             				
3944   31F2 A5 A1       				lda			CREDIT
3945   31F4 C9 02       				cmp			#$02
3946   31F6 B0 0F       				bcs			P2DEC2									; >=2 credits
3947   31F8             
3948   31F8 C9 01       				cmp			#$01
3949   31FA 90 15       				bcc			CHKP1										; <1 credit
3950   31FC             
3951   31FC AD 00 51    				lda			DSW
3952   31FF 29 18       				and			#$18										; Mask coinage 
3953   3201 C9 18       				cmp			#$18										; 2P_1C 
3954   3203 F0 05       				beq			P2DEC1
3955   3205             
3956   3205 D0 0A       				bne			CHKP1										; Not enough credits 
3957   3207             				
3958   3207             P2DEC2:
3959   3207 20 D3 18    				jsr			L193a										; Decrement credits
3960   320A             P2DEC1:	
3961   320A 20 D3 18    				jsr			L193a										; Decrement credits
3962   320D             P2DEC0:
3963   320D A9 02       				lda			#$02										; 2P
3964   320F D0 15       				bne			SETSTART
3965   3211             
3966   3211             
3967   3211             				;; Check P1 start
3968   3211             CHKP1:
3969   3211 AD 01 51    				lda			IN0
3970   3214 29 01       				and			#$01										; 1P start 
3971   3216 D0 10       				bne			DECTA										; Not pressed
3972   3218             
3973   3218             DOP1:
3974   3218 2C 00 51    				bit			DSW											; DIPs 
3975   321B 10 07       				bpl			P1DEC0									; Free play
3976   321D             				 
3977   321D A5 A1       				lda			CREDIT
3978   321F F0 07       				beq			DECTA										; No credits
3979   3221             				
3980   3221             P1DEC1: 
3981   3221 20 D3 18    				jsr			L193a										; Decrement credits
3982   3224             
3983   3224             P1DEC0:
3984   3224 A9 01       				lda			#$01										; 1P
3985   3226             
3986   3226             SETSTART:
3987   3226 85 02       				sta			START
3988   3228             
3989   3228             
3990   3228             				;; Decrement TIMERA down to zero
3991   3228             				;; Added to eliminate delay code
3992   3228             DECTA:
3993   3228 A5 12       				lda			TIMERA
3994   322A F0 02       				beq			IRQEND
3995   322C             
3996   322C C6 12       				dec			TIMERA
3997   322E             
3998   322E             IRQEND:
3999   322E             L31e4:
4000   322E 68          				pla
4001   322F A8          				tay
4002   3230 68          				pla
4003   3231 AA          				tax
4004   3232 68          				pla
4005   3233 28          				plp
4006   3234 40          				rti
4007   3235             
4008   3235             
4009   3235             				;; Coin pressed
4010   3235             L31ee:
4011   3235             				;; Coin debounce?
4012   3235 A5 A2       				lda			COINCNT
4013   3237 C9 06       				cmp			#$06
4014   3239 90 F3       				bcc			L31e4										; Exit NMI if $a2 <= 6
4015   323B             				
4016   323B 20 58 32    				jsr			IRQCOIN									; Validate coin 
4017   323E B0 EE       				bcs			IRQEND									; No valid coin
4018   3240             
4019   3240~            .if 0
4020   3240~            				;; Push y, $10-11, $14-15
4021   3240~            				;; Apparently unneeded
4022   3240~            				tya
4023   3240~            				pha
4024   3240~            				lda			STRLOC
4025   3240~            				pha
4026   3240~            				lda			STRLOC+1
4027   3240~            				pha
4028   3240~            				lda			SCRLOC
4029   3240~            				pha
4030   3240~            				lda			SCRLOC+1
4031   3240~            				pha
4032   3240             .endif
4033   3240             
4034   3240 A9 00       				lda			#$00
4035   3242 85 A2       				sta			COINCNT
4036   3244             			
4037   3244             				;; Handle quarters only
4038   3244             L3252:
4039   3244             ;				bit			$0301										; ?? 
4040   3244             ;				bmi			L3268										; Skip to end
4041   3244 AD 01 03    				lda			$0301										; Valid coins
4042   3247 F0 0C       				beq			L3268										; Skip to end
4043   3249             
4044   3249 20 C3 32    				jsr			L32ee										; Add coin 
4045   324C             				
4046   324C 24 A7       				bit			STATUS
4047   324E 30 05       				bmi			L3268										; (In game)
4048   3250             
4049   3250 A0 12       				ldy			#$12
4050   3252 20 90 1B    				jsr			L1b13										; Play song? 
4051   3255             
4052   3255             				;; End of coin routine
4053   3255             L3268:
4054   3255             				
4055   3255~            .if 0
4056   3255~            				;; Apparently unneeded
4057   3255~            				pla
4058   3255~            				sta			SCRLOC+1
4059   3255~            				pla
4060   3255~            				sta			SCRLOC
4061   3255~            				pla
4062   3255~            				sta			STRLOC+1
4063   3255~            				pla
4064   3255~            				sta			STRLOC
4065   3255~            				pla
4066   3255~            				tay
4067   3255             .endif
4068   3255 4C 2E 32    				jmp			IRQEND									; End of ISR
4069   3258             
4070   3258             
4071   3258             
4072   3258             				;; IRQ Coin handler
4073   3258             IRQCOIN:
4074   3258             L3279:
4075   3258 A9 05       				lda			#$05										; 5 tries to catch coin
4076   325A 8D 00 03    				sta			$0300										; Loop counter
4077   325D 2C 01 51    				bit			IN0											; Control inputs
4078   3260 10 15       				bpl			L3298										; Coin 1
4079   3262 EA          				nop
4080   3263             
4081   3263 AD 00 51    				lda			DSW											; DIPs
4082   3266 29 01       				and			#$01										; Mask Coin 2
4083   3268 D0 35       				bne			L32c0										; Coin 2
4084   326A EA          				nop
4085   326B             
4086   326B CE 00 03    				dec			$0300
4087   326E D0 E8       				bne			IRQCOIN									; Loop
4088   3270             
4089   3270 A9 00       				lda			#$00										; No coin, clear D7
4090   3272 8D 01 03    				sta			$0301
4091   3275 38          				sec															; Invalid coin
4092   3276 60          				rts
4093   3277             
4094   3277             				;; Validate Coin 1
4095   3277             L3298:
4096   3277 A9 FF       				lda			#$ff										; Loop counter
4097   3279 8D 00 03    				sta			$0300
4098   327C             L329d:
4099   327C 2C 01 51    				bit			IN0											; Control inputs
4100   327F 30 D7       				bmi			IRQCOIN									; No Coin 1
4101   3281 CE 00 03    				dec			$0300
4102   3284 D0 F6       				bne			L329d										; Loop
4103   3286             
4104   3286             L32a7:
4105   3286 2C 01 51    				bit			IN0											; Control inputs
4106   3289 10 FB       				bpl			L32a7										; Coin 1
4107   328B             				
4108   328B CE 00 03    				dec			$0300										; Loop counter (#ff)
4109   328E             L32af:
4110   328E 2C 01 51    				bit			IN0											; Control inputs
4111   3291 10 F3       				bpl			L32a7										; Coin 1 pressed
4112   3293             				
4113   3293 CE 00 03    				dec			$0300
4114   3296 D0 F6       				bne			L32af										; Loop
4115   3298             
4116   3298 A9 40       				lda			#$40										; Coin 1 = Set D6
4117   329A 8D 01 03    				sta			$0301
4118   329D 18          				clc															; Valid Coin 1
4119   329E 60          				rts
4120   329F             
4121   329F             
4122   329F             				;; Validate Coin 2
4123   329F             L32c0:
4124   329F A9 FF       				lda			#$ff										; Loop counter
4125   32A1 8D 00 03    				sta			$0300
4126   32A4             L32c5:
4127   32A4 AD 00 51    				lda			DSW											; DIPs
4128   32A7 29 01       				and			#$01
4129   32A9 F0 AD       				beq			IRQCOIN									; No coin 2
4130   32AB             
4131   32AB CE 00 03    				dec			$0300
4132   32AE D0 F4       				bne			L32c5										; Loop
4133   32B0             				
4134   32B0             L32d1:
4135   32B0 AD 00 51    				lda			DSW											; DIPs
4136   32B3 29 01       				and			#$01										; Coin 2 
4137   32B5 D0 F9       				bne			L32d1										; Coin 2 pressed
4138   32B7             
4139   32B7 CE 00 03    				dec			$0300
4140   32BA D0 F4       				bne			L32d1										; Loop
4141   32BC             				
4142   32BC A9 80       				lda			#$80										; Coin 2 = Set D7
4143   32BE 8D 01 03    				sta			$0301
4144   32C1 18          				clc															; Valid Coin 2
4145   32C2 60          				rts
4146   32C3             
4147   32C3             
4148   32C3             L32ee:
4149   32C3 AD 00 51    				lda			DSW											; DIPs
4150   32C6 29 18       				and			#$18										; Mask coinage
4151   32C8             				
4152   32C8 C9 10       				cmp			#$10
4153   32CA D0 09       				bne			L3302										; Not 2C_1C
4154   32CC             
4155   32CC E6 A0       				inc			HCOIN										; Half coins
4156   32CE A5 A0       				lda			HCOIN
4157   32D0 C9 02       				cmp			#$02
4158   32D2 B0 01       				bcs			L3302										; <2
4159   32D4             
4160   32D4             ;				clc															; Carry already clear 
4161   32D4 60          				rts
4162   32D5             
4163   32D5             				;; Add credit
4164   32D5             L3302:
4165   32D5             L2bd7:
4166   32D5 A5 A1       				lda			CREDIT									; Credits
4167   32D7 C9 99       				cmp			#$99
4168   32D9 F0 0C       				beq			CRED99
4169   32DB             
4170   32DB             				;; Increment credits BCD
4171   32DB             L2bdf:
4172   32DB F8          				sed
4173   32DC 18          				clc
4174   32DD 69 01       				adc			#$01
4175   32DF 85 A1       				sta			CREDIT
4176   32E1 D8          				cld
4177   32E2 A9 00       				lda			#$00
4178   32E4 85 A0       				sta			HCOIN										; Clear half coins
4179   32E6             						
4180   32E6 38          				sec
4181   32E7             CRED99:	
4182   32E7 60          				rts
4183   32E8             
4184   32E8             
4185   32E8             				;; Copy Arrow struct to ($0b-12)
4186   32E8             L3307:
4187   32E8             ;				ldx			#$07										; Should be 6?
4188   32E8 A2 06       				ldx			#$06
4189   32EA             L3309:
4190   32EA B5 96       				lda			$96, x
4191   32EC 95 0B       				sta			$0b, x
4192   32EE CA          				dex
4193   32EF 10 F9       				bpl			L3309										; Loop
4194   32F1             
4195   32F1 C6 0F       				dec			$0f
4196   32F3 10 17       				bpl			L332b
4197   32F5 EA          				nop
4198   32F6             
4199   32F6 A5 B0       				lda			$b0
4200   32F8 C9 08       				cmp			#$08
4201   32FA 90 06       				bcc			L3321
4202   32FC EA          				nop
4203   32FD             
4204   32FD A9 02       				lda			#$02
4205   32FF 4C 09 33    				jmp			L3328
4206   3302             
4207   3302             L3321:
4208   3302 49 FF       				eor			#$ff
4209   3304 29 07       				and			#$07
4210   3306 18          				clc
4211   3307 69 02       				adc			#$02
4212   3309             L3328:
4213   3309 20 F4 28    				jsr			L2d07
4214   330C             
4215   330C              
4216   330C             				;; Copy ($0b-12) back
4217   330C             L332b:
4218   330C             ;				ldx			#$07										; Should be 6
4219   330C A2 06       				ldx			#$06
4220   330E             L332d:
4221   330E B5 0B       				lda			$0b, x
4222   3310 95 96       				sta			$96, x
4223   3312 CA          				dex
4224   3313 10 F9       				bpl			L332d										; Loop
4225   3315             
4226   3315 24 A7       				bit			STATUS
4227   3317 10 31       				bpl			L3369
4228   3319 EA          				nop
4229   331A             
4230   331A 24 0C       				bit			$0c
4231   331C 30 2C       				bmi			L3369
4232   331E EA          				nop
4233   331F             
4234   331F 24 0D       				bit			$0d
4235   3321 30 27       				bmi			L3369
4236   3323 EA          				nop
4237   3324             
4238   3324 A5 97       				lda			$97
4239   3326 29 40       				and			#$40
4240   3328 D0 02       				bne			L334b
4241   332A EA          				nop
4242   332B             
4243   332B 60          				rts
4244   332C             
4245   332C             L334b:
4246   332C A9 EF       				lda			#$ef
4247   332E 20 7E 21    				jsr			L23ca
4248   3331 EE 0F 03    				inc			$030f
4249   3334 AD 0F 03    				lda			$030f
4250   3337 29 40       				and			#$40
4251   3339 D0 1B       				bne			L3375
4252   333B EA          				nop
4253   333C             
4254   333C A5 A3       				lda			VAUD1
4255   333E 29 08       				and			#$08
4256   3340 F0 02       				beq			L3363
4257   3342 EA          				nop
4258   3343             
4259   3343 60          				rts
4260   3344             
4261   3344             L3363:
4262   3344 A9 08       				lda			#$08
4263   3346 20 7A 21    				jsr			L23cf										; Set AUDIO1 bits 
4264   3349 60          				rts
4265   334A             
4266   334A             L3369:
4267   334A A5 A3       				lda			VAUD1
4268   334C 29 F0       				and			#$f0
4269   334E 09 10       				ora			#$10
4270   3350 85 A3       				sta			VAUD1
4271   3352 8D 00 52    				sta			AUDIO1
4272   3355 60          				rts
4273   3356             
4274   3356             L3375:
4275   3356 A5 A3       				lda			VAUD1
4276   3358 29 08       				and			#$08
4277   335A D0 02       				bne			L337d
4278   335C EA          				nop
4279   335D             
4280   335D 60          				rts
4281   335E             
4282   335E             L337d:
4283   335E A9 F7       				lda			#$f7
4284   3360 20 7E 21    				jsr			L23ca
4285   3363 60          				rts
4286   3364             
4287   3364             
4288   3364             				;; Attract mode text
4289   3364             ATTRACT:
4290   3364 A5 02       				lda			START
4291   3366 F0 01       				beq			L3383										; No valid start 
4292   3368             
4293   3368 60          				rts
4294   3369             				
4295   3369             L3383:
4296   3369 A9 EE       				lda			#$ee
4297   336B 8D 00 51    				sta			MOBLAT									; Sprite latch
4298   336E 85 1A       				sta			SPRVAL
4299   3370 20 D3 21    				jsr			L246d										; Update MOBLAT (redundant)
4300   3373 A9 10       				lda			#$10
4301   3375 85 A3       				sta			VAUD1
4302   3377 8D 00 52    				sta			AUDIO1
4303   337A A9 00       				lda			#$00
4304   337C 85 A7       				sta			STATUS									; Clear status
4305   337E             
4306   337E 20 0E 21    				jsr			L2340										; Clear screen
4307   3381             
4308   3381             				;; Draw coinage
4309   3381             L18ba:
4310   3381 2C 00 51    				bit			DSW											; DIPs
4311   3384 30 07       				bmi			COINQ										; (Quarters) 
4312   3386             
4313   3386             				;; Free play
4314   3386 A9 17       				lda			#$17										; FREE PLAY
4315   3388 20 B6 20    				jsr			DRAWSTRA
4316   338B F0 1A       				beq			COINEND									; (Always)
4317   338D             
4318   338D             COINQ:
4319   338D             L18c6:
4320   338D             L2b7c:
4321   338D AD 00 51    				lda			DSW											; DIPs
4322   3390 29 18       				and			#$18										; Mask coinage
4323   3392 F0 13       				beq			COINEND									; Non-display 1C_1P setting
4324   3394             
4325   3394             L2b8d:
4326   3394 18          				clc
4327   3395 4A          				lsr			a												; {$08,$10,$18} -> ($04,$08,$0c)
4328   3396 4A          				lsr			a												; {$08,$10,$18} -> ($02,$04,$06)
4329   3397 69 0B       				adc			#$0b										; {$08,$10,$18} -> {$0d,$0f,$11}
4330   3399 48          				pha															; Stash value
4331   339A 29 FE       				and			#$fe										; Clear LSB 
4332   339C 20 B6 20    				jsr			DRAWSTRA								; Draw string
4333   339F             
4334   339F 68          				pla															; Restore
4335   33A0 C9 11       				cmp			#$11										; (clears carry) 
4336   33A2 F0 03       				beq			COINEND									; Only line for 1C_2P 
4337   33A4             				
4338   33A4 20 B6 20    				jsr			DRAWSTRA								; Draw string
4339   33A7             
4340   33A7             COINEND:
4341   33A7             L18c9:
4342   33A7 20 B4 18    				jsr			L18e2										; Draw HI SCR 
4343   33AA             
4344   33AA             L18f9:
4345   33AA A5 A7       				lda			STATUS
4346   33AC 09 10       				ora			#$10										; Set bit 5 -- why?
4347   33AE 85 A7       				sta			STATUS
4348   33B0             
4349   33B0 A9 08       				lda			#$08										; TARG 
4350   33B2 20 B6 20    				jsr			DRAWSTRA								; Draw string (and return)
4351   33B5             				
4352   33B5 A9 15       				lda			#$15										; COPYRIGHT 
4353   33B7 20 B6 20    				jsr			DRAWSTRA								; Draw string (ann return)
4354   33BA             				
4355   33BA A9 0B       				lda			#$0b										; 10 POINTS 
4356   33BC 20 B6 20    				jsr			DRAWSTRA								; Draw string (and return)
4357   33BF             
4358   33BF A9 00       				lda			#$00										; "TOP HIGH SCORE..."
4359   33C1 20 B6 20    				jsr			DRAWSTRA								; Draw string
4360   33C4             
4361   33C4 20 5C 27    				jsr			L2a3b										; Draw player scores
4362   33C7             				
4363   33C7 A9 13       				lda			#$13										; 20 x 1/2 second total
4364   33C9 85 07       				sta			DELH										; Outer Loop counter
4365   33CB             
4366   33CB             L33a2:
4367   33CB 20 DF 27    				jsr			L2b4f										; Draw DEPOSIT_COIN
4368   33CE 20 FD 27    				jsr			L2bea										; Draw CREDITS_##
4369   33D1             
4370   33D1 A9 1E       				lda			#$1e										; 1/2 second
4371   33D3 85 12       				sta			TIMERA									; IRQ frame count down
4372   33D5             				 
4373   33D5             L33ab:
4374   33D5 A5 02       				lda			START										; Credits
4375   33D7 D0 09       				bne			ATTEND									; Credits -- check starts
4376   33D9 EA          				nop
4377   33DA             
4378   33DA             				;; No valid start
4379   33DA A5 12       				lda			TIMERA									; IRQ frame count down
4380   33DC D0 F7       				bne			L33ab 									; Inner loop
4381   33DE             
4382   33DE C6 07       				dec			DELH
4383   33E0 D0 E9       				bne			L33a2										; Outer Loop
4384   33E2             
4385   33E2             ATTEND:
4386   33E2 60          				rts
4387   33E3             
4388   33E3             
4389   33E3             				;; Fake gameplay loop
4390   33E3             FAKEGAME:
4391   33E3 A5 02       				lda			START
4392   33E5 F0 01       				beq			L33b8										; No valid start 
4393   33E7             
4394   33E7 60          				rts
4395   33E8             				
4396   33E8             L33b8:
4397   33E8             ;				jsr			L1e32										; Set up fake gameplay 
4398   33E8             L1e32:
4399   33E8 A9 01       				lda			#$01
4400   33EA 85 29       				sta			$29
4401   33EC 85 28       				sta			$28
4402   33EE A9 0B       				lda			#$0b
4403   33F0 85 2F       				sta			$2f
4404   33F2 A9 0A       				lda			#$0a
4405   33F4 85 B1       				sta			ARROWS
4406   33F6 20 14 19    				jsr			L197b										; ?? 
4407   33F9 20 5C 27    				jsr			L2a3b										; Draw player scores
4408   33FC 20 B4 18    				jsr			L18e2										; Draw HI SCR 
4409   33FF A9 02       				lda			#$02
4410   3401 85 20       				sta			$20
4411   3403 85 21       				sta			$21
4412   3405 A9 00       				lda			#$00
4413   3407 85 A7       				sta			STATUS									; Clear status 
4414   3409             
4415   3409 A9 0D       				lda			#$0d 
4416   340B 85 07       				sta			DELH										; Outer loop timer 
4417   340D             
4418   340D             L33bf:
4419   340D 20 8B 28    				jsr			L2c99
4420   3410 20 E8 32    				jsr			L3307
4421   3413 20 6B 34    				jsr			L346e										; Inputs for fake gameplay 
4422   3416 20 7F 1E    				jsr			L2088
4423   3419 20 A0 1E    				jsr			L20ae
4424   341C 20 4B 1A    				jsr			L1ab8
4425   341F 20 26 1E    				jsr			L202f
4426   3422 20 E6 29    				jsr			L2e76
4427   3425 20 81 29    				jsr			L2e11
4428   3428             
4429   3428 A5 02       				lda			START
4430   342A D0 0E       				bne			FGEND										; Leave on credits 
4431   342C             
4432   342C A5 30       				lda			$30
4433   342E 29 02       				and			#$02										; Check D1 
4434   3430 D0 08       				bne			FGEND										; Leave on crash 
4435   3432             				
4436   3432 C6 3F       				dec			$3f											; Inner loop counter 
4437   3434 D0 D7       				bne			L33bf										; Loop
4438   3436             
4439   3436 C6 07       				dec			DELH										; Outer loop counter 
4440   3438 D0 D3       				bne			L33bf										; Loop
4441   343A             
4442   343A             				;; Fake gameplay timeout
4443   343A             FGEND:
4444   343A 60          				rts
4445   343B             
4446   343B             
4447   343B             				;; Configure start game
4448   343B             CFGGAME:
4449   343B             L343e:
4450   343B A5 02       				lda			START
4451   343D 85 C0       				sta			NUMP										; # Players
4452   343F             				
4453   343F 20 D3 18    				jsr			L193a										; Decrement credits
4454   3442             
4455   3442 A9 0B       				lda			#$0b
4456   3444 85 2F       				sta			$2f
4457   3446 A9 0A       				lda			#$0a
4458   3448 85 B1       				sta			ARROWS
4459   344A A9 03       				lda			#$03
4460   344C 85 28       				sta			$28
4461   344E 20 0E 21    				jsr			L2340										; Clear screen
4462   3451 A9 01       				lda			#$01
4463   3453 85 BF       				sta			$bf
4464   3455 A9 80       				lda			#$80										; D7 = game mode
4465   3457 85 A7       				sta			STATUS									; Status
4466   3459 A0 16       				ldy			#$16
4467   345B A5 C0       				lda			NUMP
4468   345D C9 02       				cmp			#$02
4469   345F F0 03       				beq			L3465
4470   3461 EA          				nop
4471   3462             
4472   3462 A0 12       				ldy			#$12
4473   3464             L3465:
4474   3464 20 90 1B    				jsr			L1b13
4475   3467 20 99 21    				jsr			L2421
4476   346A 60          				rts
4477   346B             
4478   346B             
4479   346B             				;; Inputs for fake gameplay
4480   346B             L346e:
4481   346B A5 3F       				lda			$3f											; ??
4482   346D 29 1F       				and			#$1f										; Mask low 5 bits 
4483   346F C9 0F       				cmp			#$0f
4484   3471 D0 0B       				bne			L3481
4485   3473 EA          				nop
4486   3474             
4487   3474 20 54 21    				jsr			L23a4										; Kick PRNG
4488   3477 85 00       				sta			$00											; Store PRNG
4489   3479 29 49       				and			#$49										; 0100_1001
4490   347B D0 06       				bne			L3486
4491   347D EA          				nop
4492   347E             
4493   347E             L3481:
4494   347E A9 00       				lda			#$00										; Clear inputs
4495   3480 85 34       				sta			CURIN0
4496   3482 60          				rts
4497   3483             
4498   3483             L3486:
4499   3483 A5 00       				lda			$00
4500   3485 29 03       				and			#$03										; Mask low bits
4501   3487 AA          				tax
4502   3488 BD DF 1D    				lda			L1fe8, x								; Get fake move
4503   348B 85 34       				sta			CURIN0									; Store 
4504   348D             
4505   348D             				;; Fake fire?
4506   348D A5 00       				lda			$00
4507   348F 29 10       				and			#$10
4508   3491 05 34       				ora			CURIN0									; May set bit 4
4509   3493 85 34       				sta			CURIN0									; 04 08 20 40 / 14 1
4510   3495 29 EF       				and			#$ef										; D0 never set anyway?
4511   3497 85 35       				sta			OLDIN0									; Store
4512   3499 60          				rts
4513   349A             
4514   349A             
4515   349A             ATTHS:
4516   349A A5 02       				lda			START
4517   349C F0 01       				beq			ATTHSA
4518   349E             
4519   349E 60          				rts
4520   349F             
4521   349F             ATTHSA:
4522   349F 20 DC 34    				jsr			DRAWHS
4523   34A2             
4524   34A2 A9 13       				lda			#$13										; 20 x 1/2 second total
4525   34A4 85 07       				sta			DELH										; Outer Loop counter
4526   34A6             
4527   34A6             ATTHSL:
4528   34A6 A9 1E       				lda			#$1e										; 30 frames 
4529   34A8 85 12       				sta			TIMERA
4530   34AA             				
4531   34AA 20 FD 27    				jsr			L2bea										; Draw CREDIT_## 
4532   34AD             			
4533   34AD 2C 00 51    				bit			DSW
4534   34B0 10 0E       				bpl			HSPRESS
4535   34B2             
4536   34B2             HSNOFP:
4537   34B2 A9 1E       				lda			#$1E										; INSERT COIN
4538   34B4 20 B6 20    				jsr			DRAWSTRA
4539   34B7             				
4540   34B7 A5 A1       				lda			CREDIT
4541   34B9 F0 14       				beq			ATTHSW
4542   34BB             				
4543   34BB A9 1F       				lda			#$1F										; OR
4544   34BD 20 B6 20    				jsr			DRAWSTRA
4545   34C0             
4546   34C0             HSPRESS:
4547   34C0 A5 07       				lda			DELH
4548   34C2             
4549   34C2 29 01       				and			#$01										; Mask LSB
4550   34C4 D0 04       				bne			HSPRD
4551   34C6             
4552   34C6 A9 26       				lda			#$26										; (erase) 
4553   34C8 D0 02       				bne			HSPR
4554   34CA             				
4555   34CA             HSPRD:		 
4556   34CA A9 25       				lda			#$25										; PRESS START
4557   34CC             HSPR:	
4558   34CC 20 B6 20    				jsr			DRAWSTRA
4559   34CF             
4560   34CF             ATTHSW:	
4561   34CF A5 02       				lda			START
4562   34D1 D0 08       				bne			ATTHSEND
4563   34D3             
4564   34D3 A5 12       				lda			TIMERA
4565   34D5 D0 F8       				bne			ATTHSW									; Inner loop
4566   34D7             				
4567   34D7 C6 07       				dec			DELH
4568   34D9 D0 CB       				bne			ATTHSL									; Outer loop 
4569   34DB             
4570   34DB             ATTHSEND:
4571   34DB 60          				rts
4572   34DC             				
4573   34DC             
4574   34DC             				;; Draw High Score Screen
4575   34DC             DRAWHS:
4576   34DC 20 0E 21    				jsr			L2340										; Clear screen
4577   34DF A9 1A       				lda			#$1a										; TARG
4578   34E1 20 B6 20    				jsr			DRAWSTRA
4579   34E4 A9 1B       				lda			#$1b										; ALL TIME 
4580   34E6 20 B6 20    				jsr			DRAWSTRA
4581   34E9 A9 1C       				lda			#$1c										; RANK
4582   34EB 20 B6 20    				jsr			DRAWSTRA
4583   34EE A9 15       				lda			#$15										; COPYRIGHT
4584   34F0 20 B6 20    				jsr			DRAWSTRA
4585   34F3             				
4586   34F3             				;; Add actual HS/initials
4587   34F3 A9 00       				lda			#$00
4588   34F5             HSLOOP:
4589   34F5 48          				pha
4590   34F6 09 20       				ora			#$20										; $20,24 = 1st, 5th 
4591   34F8 20 B6 20    				jsr			DRAWSTRA
4592   34FB             
4593   34FB             				;; Draw Score
4594   34FB 68          				pla
4595   34FC 48          				pha															; Stash
4596   34FD 0A          				asl			a												; a<<1 (2-byte table)
4597   34FE AA          				tax
4598   34FF E8          				inx
4599   3500 A0 07       				ldy			#$07										; Location 
4600   3502 20 35 35    				jsr			HSBCD										; Draw score
4601   3505 20 35 35    				jsr			HSBCD										; Draw score
4602   3508 A9 30       				lda			#$30										; 0 
4603   350A 91 10       				sta			(SCRLOC), y							; Store byte
4604   350C             
4605   350C 20 4F 35    				jsr			KILL0										; Erase leading 0s 
4606   350F             				
4607   350F             				;; Draw Initials
4608   350F 68          				pla
4609   3510 48          				pha															; Stash
4610   3511             				
4611   3511 85 03       				sta			HSCNT
4612   3513 0A          				asl			a												; a<<1
4613   3514 65 03       				adc			HSCNT										; a*3
4614   3516 AA          				tax
4615   3517             				
4616   3517 A0 0F       				ldy			#$0f										; Location 
4617   3519 BD 10 02    				lda			INITS, x
4618   351C 91 10       				sta			(SCRLOC), y
4619   351E E8          				inx
4620   351F C8          				iny
4621   3520 BD 10 02    				lda			INITS, x
4622   3523 91 10       				sta			(SCRLOC), y
4623   3525 E8          				inx
4624   3526 C8          				iny
4625   3527 BD 10 02    				lda			INITS, x
4626   352A 91 10       				sta			(SCRLOC), y
4627   352C             
4628   352C 68          				pla
4629   352D AA          				tax
4630   352E E8          				inx
4631   352F 8A          				txa
4632   3530 C9 05       				cmp			#$05
4633   3532 D0 C1       				bne			HSLOOP
4634   3534             
4635   3534 60          				rts
4636   3535             
4637   3535             				 
4638   3535             HSBCD:		
4639   3535 BD 00 02    				lda			HSTBL, x								; Get byte
4640   3538 29 F0       				and			#$f0										; Mask hi
4641   353A 4A          				lsr			a 
4642   353B 4A          				lsr			a 
4643   353C 4A          				lsr			a 
4644   353D 4A          				lsr			a
4645   353E             
4646   353E 09 30       				ora			#$30										; BCD to char 
4647   3540 91 10       				sta			(SCRLOC), y							; Store byte
4648   3542 C8          				iny
4649   3543             
4650   3543 BD 00 02    				lda			HSTBL, x								; Get byte
4651   3546 29 0F       				and			#$0f
4652   3548             
4653   3548             HSBCDC:	
4654   3548 09 30       				ora			#$30										; BCD to char 
4655   354A 91 10       				sta			(SCRLOC), y							; Store byte
4656   354C C8          				iny
4657   354D             				
4658   354D CA          				dex															; Next BCD 
4659   354E 60          				rts
4660   354F             
4661   354F             KILL0:
4662   354F A0 07       				ldy			#$07										; Location
4663   3551             KILL0L:
4664   3551 B1 10       				lda			(SCRLOC), y							; Get char
4665   3553 C9 30       				cmp			#$30										; 0?
4666   3555 F0 01       				beq			KILL0Z
4667   3557             				
4668   3557 60          				rts
4669   3558             
4670   3558             KILL0Z:	
4671   3558 A9 20       				lda			#$20										; " " 
4672   355A 91 10       				sta			(SCRLOC), y							; Draw space 
4673   355C C8          				iny
4674   355D             
4675   355D C0 0A       				cpy			#$0a										; Last pos?
4676   355F D0 F0       				bne			KILL0L									; Loop 
4677   3561             
4678   3561 60          				rts
4679   3562             
4680   3562             
4681   3800             				.org		$3800
4682   3800             				.include "targ_char.asm"
0001+  3800             
0002+  3800             ;;			.org		$3800
0003+  3800             L3800:
0004+  3800 00          				.db			$00											; ................ $00
0005+  3801 00          				.db			$00											; ................ 
0006+  3802 00          				.db			$00											; ................ 
0007+  3803 00          				.db			$00											; ................ 
0008+  3804 00          				.db			$00											; ................ 
0009+  3805 00          				.db			$00											; ................ 
0010+  3806 00          				.db			$00											; ................ 
0011+  3807 00          				.db			$00											; ................ 
0012+  3808             
0013+  3808             L3808:
0014+  3808 18          				.db			$18											; ......####...... $01
0015+  3809 18          				.db			$18											; ......####...... 
0016+  380A 3C          				.db			$3c											; ....########.... 
0017+  380B 3C          				.db			$3c											; ....########.... 
0018+  380C 7E          				.db			$7e											; ..############.. 
0019+  380D 7E          				.db			$7e											; ..############.. 
0020+  380E E7          				.db			$e7											; ######....###### 
0021+  380F C3          				.db			$c3											; ####........#### 
0022+  3810             
0023+  3810             L3810:
0024+  3810 00          				.db			$00											; ................ $02
0025+  3811 00          				.db			$00											; ................ 
0026+  3812 00          				.db			$00											; ................ 
0027+  3813 00          				.db			$00											; ................ 
0028+  3814 00          				.db			$00											; ................ 
0029+  3815 00          				.db			$00											; ................ 
0030+  3816 18          				.db			$18											; ......####...... 
0031+  3817 18          				.db			$18											; ......####...... 
0032+  3818             
0033+  3818             L3818:
0034+  3818 3C          				.db			$3c											; ....########.... $03
0035+  3819 3C          				.db			$3c											; ....########.... 
0036+  381A 7E          				.db			$7e											; ..############.. 
0037+  381B 7E          				.db			$7e											; ..############.. 
0038+  381C E7          				.db			$e7											; ######....###### 
0039+  381D C3          				.db			$c3											; ####........#### 
0040+  381E 00          				.db			$00											; ................ 
0041+  381F 00          				.db			$00											; ................ 
0042+  3820             
0043+  3820             L3820:
0044+  3820 00          				.db			$00											; ................ $04
0045+  3821 00          				.db			$00											; ................ 
0046+  3822 00          				.db			$00											; ................ 
0047+  3823 00          				.db			$00											; ................ 
0048+  3824 18          				.db			$18											; ......####...... 
0049+  3825 18          				.db			$18											; ......####...... 
0050+  3826 3C          				.db			$3c											; ....########.... 
0051+  3827 3C          				.db			$3c											; ....########.... 
0052+  3828             
0053+  3828             L3828:
0054+  3828 7E          				.db			$7e											; ..############.. $05
0055+  3829 7E          				.db			$7e											; ..############.. 
0056+  382A E7          				.db			$e7											; ######....###### 
0057+  382B C3          				.db			$c3											; ####........#### 
0058+  382C 00          				.db			$00											; ................ 
0059+  382D 00          				.db			$00											; ................ 
0060+  382E 00          				.db			$00											; ................ 
0061+  382F 00          				.db			$00											; ................ 
0062+  3830             
0063+  3830             L3830:
0064+  3830 00          				.db			$00											; ................ $06
0065+  3831 00          				.db			$00											; ................ 
0066+  3832 18          				.db			$18											; ......####...... 
0067+  3833 18          				.db			$18											; ......####...... 
0068+  3834 3C          				.db			$3c											; ....########.... 
0069+  3835 3C          				.db			$3c											; ....########.... 
0070+  3836 7E          				.db			$7e											; ..############.. 
0071+  3837 7E          				.db			$7e											; ..############.. 
0072+  3838             
0073+  3838             L3838:
0074+  3838 E7          				.db			$e7											; ######....###### $07
0075+  3839 C3          				.db			$c3											; ####........#### 
0076+  383A 00          				.db			$00											; ................ 
0077+  383B 00          				.db			$00											; ................ 
0078+  383C 00          				.db			$00											; ................ 
0079+  383D 00          				.db			$00											; ................ 
0080+  383E 00          				.db			$00											; ................ 
0081+  383F 00          				.db			$00											; ................ 
0082+  3840             
0083+  3840             L3840:
0084+  3840 C3          				.db			$c3											; ####........#### $08
0085+  3841 E7          				.db			$e7											; ######....###### 
0086+  3842 7E          				.db			$7e											; ..############.. 
0087+  3843 7E          				.db			$7e											; ..############.. 
0088+  3844 3C          				.db			$3c											; ....########.... 
0089+  3845 3C          				.db			$3c											; ....########.... 
0090+  3846 18          				.db			$18											; ......####...... 
0091+  3847 18          				.db			$18											; ......####...... 
0092+  3848             
0093+  3848             L3848:
0094+  3848 00          				.db			$00											; ................ $09
0095+  3849 00          				.db			$00											; ................ 
0096+  384A 00          				.db			$00											; ................ 
0097+  384B 00          				.db			$00											; ................ 
0098+  384C 00          				.db			$00											; ................ 
0099+  384D 00          				.db			$00											; ................ 
0100+  384E 00          				.db			$00											; ................ 
0101+  384F 00          				.db			$00											; ................ 
0102+  3850             
0103+  3850             L3850:
0104+  3850 00          				.db			$00											; ................ $0a
0105+  3851 00          				.db			$00											; ................ 
0106+  3852 C3          				.db			$c3											; ####........#### 
0107+  3853 E7          				.db			$e7											; ######....###### 
0108+  3854 7E          				.db			$7e											; ..############.. 
0109+  3855 7E          				.db			$7e											; ..############.. 
0110+  3856 3C          				.db			$3c											; ....########.... 
0111+  3857 3C          				.db			$3c											; ....########.... 
0112+  3858             
0113+  3858             L3858:
0114+  3858 18          				.db			$18											; ......####...... $0b
0115+  3859 18          				.db			$18											; ......####...... 
0116+  385A 00          				.db			$00											; ................ 
0117+  385B 00          				.db			$00											; ................ 
0118+  385C 00          				.db			$00											; ................ 
0119+  385D 00          				.db			$00											; ................ 
0120+  385E 00          				.db			$00											; ................ 
0121+  385F 00          				.db			$00											; ................ 
0122+  3860             
0123+  3860             L3860:
0124+  3860 00          				.db			$00											; ................ $0c
0125+  3861 00          				.db			$00											; ................ 
0126+  3862 00          				.db			$00											; ................ 
0127+  3863 00          				.db			$00											; ................ 
0128+  3864 C3          				.db			$c3											; ####........#### 
0129+  3865 E7          				.db			$e7											; ######....###### 
0130+  3866 7E          				.db			$7e											; ..############.. 
0131+  3867 7E          				.db			$7e											; ..############.. 
0132+  3868             
0133+  3868             L3868:
0134+  3868 3C          				.db			$3c											; ....########.... $0d
0135+  3869 3C          				.db			$3c											; ....########.... 
0136+  386A 18          				.db			$18											; ......####...... 
0137+  386B 18          				.db			$18											; ......####...... 
0138+  386C 00          				.db			$00											; ................ 
0139+  386D 00          				.db			$00											; ................ 
0140+  386E 00          				.db			$00											; ................ 
0141+  386F 00          				.db			$00											; ................ 
0142+  3870             
0143+  3870             L3870:
0144+  3870 00          				.db			$00											; ................ $0e
0145+  3871 00          				.db			$00											; ................ 
0146+  3872 00          				.db			$00											; ................ 
0147+  3873 00          				.db			$00											; ................ 
0148+  3874 00          				.db			$00											; ................ 
0149+  3875 00          				.db			$00											; ................ 
0150+  3876 C3          				.db			$c3											; ####........#### 
0151+  3877 E7          				.db			$e7											; ######....###### 
0152+  3878             
0153+  3878             L3878:
0154+  3878 7E          				.db			$7e											; ..############.. $0f
0155+  3879 7E          				.db			$7e											; ..############.. 
0156+  387A 3C          				.db			$3c											; ....########.... 
0157+  387B 3C          				.db			$3c											; ....########.... 
0158+  387C 18          				.db			$18											; ......####...... 
0159+  387D 18          				.db			$18											; ......####...... 
0160+  387E 00          				.db			$00											; ................ 
0161+  387F 00          				.db			$00											; ................ 
0162+  3880             
0163+  3880             L3880:
0164+  3880 C0          				.db			$c0											; ####............ $10
0165+  3881 F0          				.db			$f0											; ########........ 
0166+  3882 7C          				.db			$7c											; ..##########.... 
0167+  3883 3F          				.db			$3f											; ....############ 
0168+  3884 3F          				.db			$3f											; ....############ 
0169+  3885 7C          				.db			$7c											; ..##########.... 
0170+  3886 F0          				.db			$f0											; ########........ 
0171+  3887 C0          				.db			$c0											; ####............ 
0172+  3888             
0173+  3888             L3888:
0174+  3888 00          				.db			$00											; ................ $11
0175+  3889 00          				.db			$00											; ................ 
0176+  388A 00          				.db			$00											; ................ 
0177+  388B 00          				.db			$00											; ................ 
0178+  388C 00          				.db			$00											; ................ 
0179+  388D 00          				.db			$00											; ................ 
0180+  388E 00          				.db			$00											; ................ 
0181+  388F 00          				.db			$00											; ................ 
0182+  3890             
0183+  3890             L3890:
0184+  3890 30          				.db			$30											; ....####........ $12
0185+  3891 3C          				.db			$3c											; ....########.... 
0186+  3892 1F          				.db			$1f											; ......########## 
0187+  3893 0F          				.db			$0f											; ........######## 
0188+  3894 0F          				.db			$0f											; ........######## 
0189+  3895 1F          				.db			$1f											; ......########## 
0190+  3896 3C          				.db			$3c											; ....########.... 
0191+  3897 30          				.db			$30											; ....####........ 
0192+  3898             
0193+  3898             L3898:
0194+  3898 00          				.db			$00											; ................ $13
0195+  3899 00          				.db			$00											; ................ 
0196+  389A 00          				.db			$00											; ................ 
0197+  389B C0          				.db			$c0											; ####............ 
0198+  389C C0          				.db			$c0											; ####............ 
0199+  389D 00          				.db			$00											; ................ 
0200+  389E 00          				.db			$00											; ................ 
0201+  389F 00          				.db			$00											; ................ 
0202+  38A0             
0203+  38A0             L38a0:
0204+  38A0 0C          				.db			$0c											; ........####.... $14
0205+  38A1 0F          				.db			$0f											; ........######## 
0206+  38A2 07          				.db			$07											; ..........###### 
0207+  38A3 03          				.db			$03											; ............#### 
0208+  38A4 03          				.db			$03											; ............#### 
0209+  38A5 07          				.db			$07											; ..........###### 
0210+  38A6 0F          				.db			$0f											; ........######## 
0211+  38A7 0C          				.db			$0c											; ........####.... 
0212+  38A8             
0213+  38A8             L38a8:
0214+  38A8 00          				.db			$00											; ................ $15
0215+  38A9 00          				.db			$00											; ................ 
0216+  38AA C0          				.db			$c0											; ####............ 
0217+  38AB F0          				.db			$f0											; ########........ 
0218+  38AC F0          				.db			$f0											; ########........ 
0219+  38AD C0          				.db			$c0											; ####............ 
0220+  38AE 00          				.db			$00											; ................ 
0221+  38AF 00          				.db			$00											; ................ 
0222+  38B0             
0223+  38B0             L38b0:
0224+  38B0 03          				.db			$03											; ............#### $16
0225+  38B1 03          				.db			$03											; ............#### 
0226+  38B2 01          				.db			$01											; ..............## 
0227+  38B3 00          				.db			$00											; ................ 
0228+  38B4 00          				.db			$00											; ................ 
0229+  38B5 01          				.db			$01											; ..............## 
0230+  38B6 03          				.db			$03											; ............#### 
0231+  38B7 03          				.db			$03											; ............#### 
0232+  38B8             
0233+  38B8             L38b8:
0234+  38B8 00          				.db			$00											; ................ $17
0235+  38B9 C0          				.db			$c0											; ####............ 
0236+  38BA F0          				.db			$f0											; ########........ 
0237+  38BB FC          				.db			$fc											; ############.... 
0238+  38BC FC          				.db			$fc											; ############.... 
0239+  38BD F0          				.db			$f0											; ########........ 
0240+  38BE C0          				.db			$c0											; ####............ 
0241+  38BF 00          				.db			$00											; ................ 
0242+  38C0             
0243+  38C0             L38c0:
0244+  38C0 00          				.db			$00											; ................ $18
0245+  38C1 00          				.db			$00											; ................ 
0246+  38C2 00          				.db			$00											; ................ 
0247+  38C3 00          				.db			$00											; ................ 
0248+  38C4 00          				.db			$00											; ................ 
0249+  38C5 00          				.db			$00											; ................ 
0250+  38C6 00          				.db			$00											; ................ 
0251+  38C7 00          				.db			$00											; ................ 
0252+  38C8             
0253+  38C8             L38c8:
0254+  38C8 03          				.db			$03											; ............#### $19
0255+  38C9 0F          				.db			$0f											; ........######## 
0256+  38CA 3E          				.db			$3e											; ....##########.. 
0257+  38CB FC          				.db			$fc											; ############.... 
0258+  38CC FC          				.db			$fc											; ############.... 
0259+  38CD 3E          				.db			$3e											; ....##########.. 
0260+  38CE 0F          				.db			$0f											; ........######## 
0261+  38CF 03          				.db			$03											; ............#### 
0262+  38D0             
0263+  38D0             L38d0:
0264+  38D0 00          				.db			$00											; ................ $1a
0265+  38D1 00          				.db			$00											; ................ 
0266+  38D2 00          				.db			$00											; ................ 
0267+  38D3 03          				.db			$03											; ............#### 
0268+  38D4 03          				.db			$03											; ............#### 
0269+  38D5 00          				.db			$00											; ................ 
0270+  38D6 00          				.db			$00											; ................ 
0271+  38D7 00          				.db			$00											; ................ 
0272+  38D8             
0273+  38D8             L38d8:
0274+  38D8 0C          				.db			$0c											; ........####.... $1b
0275+  38D9 3C          				.db			$3c											; ....########.... 
0276+  38DA F8          				.db			$f8											; ##########...... 
0277+  38DB F0          				.db			$f0											; ########........ 
0278+  38DC F0          				.db			$f0											; ########........ 
0279+  38DD F8          				.db			$f8											; ##########...... 
0280+  38DE 3C          				.db			$3c											; ....########.... 
0281+  38DF 0C          				.db			$0c											; ........####.... 
0282+  38E0             
0283+  38E0             L38e0:
0284+  38E0 00          				.db			$00											; ................ $!c
0285+  38E1 00          				.db			$00											; ................ 
0286+  38E2 03          				.db			$03											; ............#### 
0287+  38E3 0F          				.db			$0f											; ........######## 
0288+  38E4 0F          				.db			$0f											; ........######## 
0289+  38E5 03          				.db			$03											; ............#### 
0290+  38E6 00          				.db			$00											; ................ 
0291+  38E7 00          				.db			$00											; ................ 
0292+  38E8             
0293+  38E8             L38e8:
0294+  38E8 30          				.db			$30											; ....####........ $!d
0295+  38E9 F0          				.db			$f0											; ########........ 
0296+  38EA E0          				.db			$e0											; ######.......... 
0297+  38EB C0          				.db			$c0											; ####............ 
0298+  38EC C0          				.db			$c0											; ####............ 
0299+  38ED E0          				.db			$e0											; ######.......... 
0300+  38EE F0          				.db			$f0											; ########........ 
0301+  38EF 30          				.db			$30											; ....####........ 
0302+  38F0             
0303+  38F0             L38f0:
0304+  38F0 00          				.db			$00											; ................ $1e
0305+  38F1 03          				.db			$03											; ............#### 
0306+  38F2 0F          				.db			$0f											; ........######## 
0307+  38F3 3F          				.db			$3f											; ....############ 
0308+  38F4 3F          				.db			$3f											; ....############ 
0309+  38F5 0F          				.db			$0f											; ........######## 
0310+  38F6 03          				.db			$03											; ............#### 
0311+  38F7 00          				.db			$00											; ................ 
0312+  38F8             
0313+  38F8             L38f8:
0314+  38F8 C0          				.db			$c0											; ####............ $1f
0315+  38F9 C0          				.db			$c0											; ####............ 
0316+  38FA 80          				.db			$80											; ##.............. 
0317+  38FB 00          				.db			$00											; ................ 
0318+  38FC 00          				.db			$00											; ................ 
0319+  38FD 80          				.db			$80											; ##.............. 
0320+  38FE C0          				.db			$c0											; ####............ 
0321+  38FF C0          				.db			$c0											; ####............ 
0322+  3900             
0323+  3900             L3900:
0324+  3900 00          				.db			$00											; ................ $20
0325+  3901 00          				.db			$00											; ................ 
0326+  3902 00          				.db			$00											; ................ 
0327+  3903 00          				.db			$00											; ................ 
0328+  3904 00          				.db			$00											; ................ 
0329+  3905 00          				.db			$00											; ................ 
0330+  3906 00          				.db			$00											; ................ 
0331+  3907 00          				.db			$00											; ................ 
0332+  3908             
0333+  3908             L3908:
0334+  3908 14          				.db			$14											; ......##..##.... $21
0335+  3909 8A          				.db			$8a											; ##......##..##.. 
0336+  390A A1          				.db			$a1											; ##..##........## 
0337+  390B 29          				.db			$29											; ....##..##....## 
0338+  390C D3          				.db			$d3											; ####..##....#### 
0339+  390D 52          				.db			$52											; ..##..##....##.. 
0340+  390E 61          				.db			$61											; ..####........## 
0341+  390F 3A          				.db			$3a											; ....######..##.. 
0342+  3910             
0343+  3910             L3910:
0344+  3910 31          				.db			$31											; ....####......## $22
0345+  3911 55          				.db			$55											; ..##..##..##..## 
0346+  3912 61          				.db			$61											; ..####........## 
0347+  3913 A1          				.db			$a1											; ##..##........## 
0348+  3914 22          				.db			$22											; ....##......##.. 
0349+  3915 44          				.db			$44											; ..##......##.... 
0350+  3916 91          				.db			$91											; ##....##......## 
0351+  3917 CA          				.db			$ca											; ####....##..##.. 
0352+  3918             
0353+  3918             L3918:
0354+  3918 00          				.db			$00											; ................ $23
0355+  3919 00          				.db			$00											; ................ 
0356+  391A 00          				.db			$00											; ................ 
0357+  391B 00          				.db			$00											; ................ 
0358+  391C 00          				.db			$00											; ................ 
0359+  391D 00          				.db			$00											; ................ 
0360+  391E 00          				.db			$00											; ................ 
0361+  391F 00          				.db			$00											; ................ 
0362+  3920             
0363+  3920             L3920:
0364+  3920 00          				.db			$00											; ................ $24
0365+  3921 00          				.db			$00											; ................ 
0366+  3922 00          				.db			$00											; ................ 
0367+  3923 00          				.db			$00											; ................ 
0368+  3924 00          				.db			$00											; ................ 
0369+  3925 00          				.db			$00											; ................ 
0370+  3926 00          				.db			$00											; ................ 
0371+  3927 00          				.db			$00											; ................ 
0372+  3928             
0373+  3928             L3928:
0374+  3928 00          				.db			$00											; ................ $25
0375+  3929 00          				.db			$00											; ................ 
0376+  392A 00          				.db			$00											; ................ 
0377+  392B 00          				.db			$00											; ................ 
0378+  392C 00          				.db			$00											; ................ 
0379+  392D 00          				.db			$00											; ................ 
0380+  392E 00          				.db			$00											; ................ 
0381+  392F 00          				.db			$00											; ................ 
0382+  3930             
0383+  3930             L3930:
0384+  3930 00          				.db			$00											; ................ $26
0385+  3931 00          				.db			$00											; ................ 
0386+  3932 00          				.db			$00											; ................ 
0387+  3933 00          				.db			$00											; ................ 
0388+  3934 00          				.db			$00											; ................ 
0389+  3935 00          				.db			$00											; ................ 
0390+  3936 00          				.db			$00											; ................ 
0391+  3937 00          				.db			$00											; ................ 
0392+  3938             
0393+  3938             L3938:
0394+  3938 00          				.db			$00											; ................ $27
0395+  3939 00          				.db			$00											; ................ 
0396+  393A 00          				.db			$00											; ................ 
0397+  393B 00          				.db			$00											; ................ 
0398+  393C 00          				.db			$00											; ................ 
0399+  393D 00          				.db			$00											; ................ 
0400+  393E 00          				.db			$00											; ................ 
0401+  393F 00          				.db			$00											; ................ 
0402+  3940             
0403+  3940             L3940:
0404+  3940 00          				.db			$00											; ................ $28
0405+  3941 00          				.db			$00											; ................ 
0406+  3942 00          				.db			$00											; ................ 
0407+  3943 00          				.db			$00											; ................ 
0408+  3944 00          				.db			$00											; ................ 
0409+  3945 00          				.db			$00											; ................ 
0410+  3946 00          				.db			$00											; ................ 
0411+  3947 00          				.db			$00											; ................ 
0412+  3948             
0413+  3948             L3948:
0414+  3948 00          				.db			$00											; ................ $29
0415+  3949 00          				.db			$00											; ................ 
0416+  394A 00          				.db			$00											; ................ 
0417+  394B 00          				.db			$00											; ................ 
0418+  394C 00          				.db			$00											; ................ 
0419+  394D 00          				.db			$00											; ................ 
0420+  394E 00          				.db			$00											; ................ 
0421+  394F 00          				.db			$00											; ................ 
0422+  3950             
0423+  3950             L3950:
0424+  3950 00          				.db			$00											; ................ $2a
0425+  3951 00          				.db			$00											; ................ 
0426+  3952 00          				.db			$00											; ................ 
0427+  3953 00          				.db			$00											; ................ 
0428+  3954 00          				.db			$00											; ................ 
0429+  3955 00          				.db			$00											; ................ 
0430+  3956 00          				.db			$00											; ................ 
0431+  3957 00          				.db			$00											; ................ 
0432+  3958             
0433+  3958             L3958:
0434+  3958 00          				.db			$00											; ................ $2b
0435+  3959 00          				.db			$00											; ................ 
0436+  395A 00          				.db			$00											; ................ 
0437+  395B 00          				.db			$00											; ................ 
0438+  395C 00          				.db			$00											; ................ 
0439+  395D 00          				.db			$00											; ................ 
0440+  395E 00          				.db			$00											; ................ 
0441+  395F 00          				.db			$00											; ................ 
0442+  3960             
0443+  3960             L3960:
0444+  3960 00          				.db			$00											; ................ $2c
0445+  3961 00          				.db			$00											; ................ 
0446+  3962 00          				.db			$00											; ................ 
0447+  3963 00          				.db			$00											; ................ 
0448+  3964 00          				.db			$00											; ................ 
0449+  3965 00          				.db			$00											; ................ 
0450+  3966 00          				.db			$00											; ................ 
0451+  3967 00          				.db			$00											; ................ 
0452+  3968             
0453+  3968             L3968:
0454+  3968 00          				.db			$00											; ................ $2d
0455+  3969 00          				.db			$00											; ................ 
0456+  396A 00          				.db			$00											; ................ 
0457+  396B 00          				.db			$00											; ................ 
0458+  396C 00          				.db			$00											; ................ 
0459+  396D 00          				.db			$00											; ................ 
0460+  396E 00          				.db			$00											; ................ 
0461+  396F 00          				.db			$00											; ................ 
0462+  3970             
0463+  3970             L3970:
0464+  3970 00          				.db			$00											; ................ $2e
0465+  3971 00          				.db			$00											; ................ 
0466+  3972 00          				.db			$00											; ................ 
0467+  3973 00          				.db			$00											; ................ 
0468+  3974 00          				.db			$00											; ................ 
0469+  3975 00          				.db			$00											; ................ 
0470+  3976 00          				.db			$00											; ................ 
0471+  3977 00          				.db			$00											; ................ 
0472+  3978             
0473+  3978             L3978:
0474+  3978 00          				.db			$00											; ................ $2f
0475+  3979 00          				.db			$00											; ................ 
0476+  397A 00          				.db			$00											; ................ 
0477+  397B 00          				.db			$00											; ................ 
0478+  397C 00          				.db			$00											; ................ 
0479+  397D 00          				.db			$00											; ................ 
0480+  397E 00          				.db			$00											; ................ 
0481+  397F 00          				.db			$00											; ................ 
0482+  3980             
0483+  3980             L3980:
0484+  3980 00          				.db			$00											; ................ $30
0485+  3981 38          				.db			$38											; ....######...... 
0486+  3982 44          				.db			$44											; ..##......##.... 
0487+  3983 44          				.db			$44											; ..##......##.... 
0488+  3984 44          				.db			$44											; ..##......##.... 
0489+  3985 44          				.db			$44											; ..##......##.... 
0490+  3986 44          				.db			$44											; ..##......##.... 
0491+  3987 38          				.db			$38											; ....######...... 
0492+  3988             
0493+  3988             L3988:
0494+  3988 00          				.db			$00											; ................ $31
0495+  3989 10          				.db			$10											; ......##........ 
0496+  398A 30          				.db			$30											; ....####........ 
0497+  398B 10          				.db			$10											; ......##........ 
0498+  398C 10          				.db			$10											; ......##........ 
0499+  398D 10          				.db			$10											; ......##........ 
0500+  398E 10          				.db			$10											; ......##........ 
0501+  398F 38          				.db			$38											; ....######...... 
0502+  3990             
0503+  3990             L3990:
0504+  3990 00          				.db			$00											; ................ $32
0505+  3991 38          				.db			$38											; ....######...... 
0506+  3992 44          				.db			$44											; ..##......##.... 
0507+  3993 04          				.db			$04											; ..........##.... 
0508+  3994 18          				.db			$18											; ......####...... 
0509+  3995 20          				.db			$20											; ....##.......... 
0510+  3996 40          				.db			$40											; ..##............ 
0511+  3997 7C          				.db			$7c											; ..##########.... 
0512+  3998             
0513+  3998             L3998:
0514+  3998 00          				.db			$00											; ................ $33
0515+  3999 7C          				.db			$7c											; ..##########.... 
0516+  399A 04          				.db			$04											; ..........##.... 
0517+  399B 08          				.db			$08											; ........##...... 
0518+  399C 18          				.db			$18											; ......####...... 
0519+  399D 04          				.db			$04											; ..........##.... 
0520+  399E 44          				.db			$44											; ..##......##.... 
0521+  399F 38          				.db			$38											; ....######...... 
0522+  39A0             
0523+  39A0             L39a0:
0524+  39A0 00          				.db			$00											; ................ $34
0525+  39A1 08          				.db			$08											; ........##...... 
0526+  39A2 18          				.db			$18											; ......####...... 
0527+  39A3 28          				.db			$28											; ....##..##...... 
0528+  39A4 48          				.db			$48											; ..##....##...... 
0529+  39A5 7C          				.db			$7c											; ..##########.... 
0530+  39A6 08          				.db			$08											; ........##...... 
0531+  39A7 08          				.db			$08											; ........##...... 
0532+  39A8             
0533+  39A8             L39a8:
0534+  39A8 00          				.db			$00											; ................ $35
0535+  39A9 7C          				.db			$7c											; ..##########.... 
0536+  39AA 40          				.db			$40											; ..##............ 
0537+  39AB 78          				.db			$78											; ..########...... 
0538+  39AC 04          				.db			$04											; ..........##.... 
0539+  39AD 04          				.db			$04											; ..........##.... 
0540+  39AE 44          				.db			$44											; ..##......##.... 
0541+  39AF 38          				.db			$38											; ....######...... 
0542+  39B0             
0543+  39B0             L39b0:
0544+  39B0 00          				.db			$00											; ................ $36
0545+  39B1 1C          				.db			$1c											; ......######.... 
0546+  39B2 20          				.db			$20											; ....##.......... 
0547+  39B3 40          				.db			$40											; ..##............ 
0548+  39B4 78          				.db			$78											; ..########...... 
0549+  39B5 44          				.db			$44											; ..##......##.... 
0550+  39B6 44          				.db			$44											; ..##......##.... 
0551+  39B7 38          				.db			$38											; ....######...... 
0552+  39B8             
0553+  39B8             L39b8:
0554+  39B8 00          				.db			$00											; ................ $37
0555+  39B9 7C          				.db			$7c											; ..##########.... 
0556+  39BA 04          				.db			$04											; ..........##.... 
0557+  39BB 08          				.db			$08											; ........##...... 
0558+  39BC 10          				.db			$10											; ......##........ 
0559+  39BD 20          				.db			$20											; ....##.......... 
0560+  39BE 20          				.db			$20											; ....##.......... 
0561+  39BF 20          				.db			$20											; ....##.......... 
0562+  39C0             
0563+  39C0             L39c0:
0564+  39C0 00          				.db			$00											; ................ $38
0565+  39C1 38          				.db			$38											; ....######...... 
0566+  39C2 44          				.db			$44											; ..##......##.... 
0567+  39C3 44          				.db			$44											; ..##......##.... 
0568+  39C4 38          				.db			$38											; ....######...... 
0569+  39C5 44          				.db			$44											; ..##......##.... 
0570+  39C6 44          				.db			$44											; ..##......##.... 
0571+  39C7 38          				.db			$38											; ....######...... 
0572+  39C8             
0573+  39C8             L39c8:
0574+  39C8 00          				.db			$00											; ................ $39
0575+  39C9 38          				.db			$38											; ....######...... 
0576+  39CA 44          				.db			$44											; ..##......##.... 
0577+  39CB 44          				.db			$44											; ..##......##.... 
0578+  39CC 3C          				.db			$3c											; ....########.... 
0579+  39CD 04          				.db			$04											; ..........##.... 
0580+  39CE 08          				.db			$08											; ........##...... 
0581+  39CF 70          				.db			$70											; ..######........ 
0582+  39D0             
0583+  39D0             L39d0:
0584+  39D0 00          				.db			$00											; ................ $3a
0585+  39D1 00          				.db			$00											; ................ 
0586+  39D2 00          				.db			$00											; ................ 
0587+  39D3 00          				.db			$00											; ................ 
0588+  39D4 00          				.db			$00											; ................ 
0589+  39D5 00          				.db			$00											; ................ 
0590+  39D6 00          				.db			$00											; ................ 
0591+  39D7 00          				.db			$00											; ................ 
0592+  39D8             
0593+  39D8             L39d8:
0594+  39D8 00          				.db			$00											; ................ $3b
0595+  39D9 00          				.db			$00											; ................ 
0596+  39DA 00          				.db			$00											; ................ 
0597+  39DB 00          				.db			$00											; ................ 
0598+  39DC 00          				.db			$00											; ................ 
0599+  39DD 00          				.db			$00											; ................ 
0600+  39DE 00          				.db			$00											; ................ 
0601+  39DF 00          				.db			$00											; ................ 
0602+  39E0             
0603+  39E0             L39e0:
0604+  39E0 00          				.db			$00											; ................ $3c
0605+  39E1 00          				.db			$00											; ................ 
0606+  39E2 00          				.db			$00											; ................ 
0607+  39E3 00          				.db			$00											; ................ 
0608+  39E4 00          				.db			$00											; ................ 
0609+  39E5 00          				.db			$00											; ................ 
0610+  39E6 00          				.db			$00											; ................ 
0611+  39E7 00          				.db			$00											; ................ 
0612+  39E8             
0613+  39E8             L39e8:
0614+  39E8 FF          				.db			$ff											; ################ $3d
0615+  39E9 FF          				.db			$ff											; ################ 
0616+  39EA FF          				.db			$ff											; ################ 
0617+  39EB FF          				.db			$ff											; ################ 
0618+  39EC FF          				.db			$ff											; ################ 
0619+  39ED FF          				.db			$ff											; ################ 
0620+  39EE FF          				.db			$ff											; ################ 
0621+  39EF FF          				.db			$ff											; ################ 
0622+  39F0             
0623+  39F0             L39f0:
0624+  39F0 00          				.db			$00											; ................ $3e
0625+  39F1 00          				.db			$00											; ................ 
0626+  39F2 00          				.db			$00											; ................ 
0627+  39F3 00          				.db			$00											; ................ 
0628+  39F4 00          				.db			$00											; ................ 
0629+  39F5 00          				.db			$00											; ................ 
0630+  39F6 00          				.db			$00											; ................ 
0631+  39F7 00          				.db			$00											; ................ 
0632+  39F8             
0633+  39F8             L39f8:
0634+  39F8 3C          				.db			$3c											; ....########....  $3f
0635+  39F9 42          				.db			$42											; ..##........##.. 
0636+  39FA 99          				.db			$99											; ##....####....## 
0637+  39FB A1          				.db			$a1											; ##..##........## 
0638+  39FC A1          				.db			$a1											; ##..##........## 
0639+  39FD 99          				.db			$99											; ##....####....## 
0640+  39FE 42          				.db			$42											; ..##........##.. 
0641+  39FF 3C          				.db			$3c											; ....########....
0642+  3A00             
0643+  3A00~            .if 0
0644+  3A00~            				.db			$00											; ................ $3f
0645+  3A00~            				.db			$00											; ................ 
0646+  3A00~            				.db			$00											; ................ 
0647+  3A00~            				.db			$00											; ................ 
0648+  3A00~            				.db			$00											; ................ 
0649+  3A00~            				.db			$00											; ................ 
0650+  3A00~            				.db			$00											; ................ 
0651+  3A00~            				.db			$00											; ................ 
0652+  3A00             .endif
0653+  3A00             
0654+  3A00             L3a00:
0655+  3A00 00          				.db			$00											; ................ $40
0656+  3A01 00          				.db			$00											; ................ 
0657+  3A02 00          				.db			$00											; ................ 
0658+  3A03 00          				.db			$00											; ................ 
0659+  3A04 00          				.db			$00											; ................ 
0660+  3A05 00          				.db			$00											; ................ 
0661+  3A06 00          				.db			$00											; ................ 
0662+  3A07 00          				.db			$00											; ................ 
0663+  3A08             
0664+  3A08             L3a08:
0665+  3A08 00          				.db			$00											; ................ $41
0666+  3A09 10          				.db			$10											; ......##........ 
0667+  3A0A 28          				.db			$28											; ....##..##...... 
0668+  3A0B 44          				.db			$44											; ..##......##.... 
0669+  3A0C 44          				.db			$44											; ..##......##.... 
0670+  3A0D 7C          				.db			$7c											; ..##########.... 
0671+  3A0E 44          				.db			$44											; ..##......##.... 
0672+  3A0F 44          				.db			$44											; ..##......##.... 
0673+  3A10             
0674+  3A10             L3a10:
0675+  3A10 00          				.db			$00											; ................ $42
0676+  3A11 78          				.db			$78											; ..########...... 
0677+  3A12 44          				.db			$44											; ..##......##.... 
0678+  3A13 44          				.db			$44											; ..##......##.... 
0679+  3A14 78          				.db			$78											; ..########...... 
0680+  3A15 44          				.db			$44											; ..##......##.... 
0681+  3A16 44          				.db			$44											; ..##......##.... 
0682+  3A17 78          				.db			$78											; ..########...... 
0683+  3A18             
0684+  3A18             L3a18:
0685+  3A18 00          				.db			$00											; ................ $43
0686+  3A19 38          				.db			$38											; ....######...... 
0687+  3A1A 44          				.db			$44											; ..##......##.... 
0688+  3A1B 40          				.db			$40											; ..##............ 
0689+  3A1C 40          				.db			$40											; ..##............ 
0690+  3A1D 40          				.db			$40											; ..##............ 
0691+  3A1E 44          				.db			$44											; ..##......##.... 
0692+  3A1F 38          				.db			$38											; ....######...... 
0693+  3A20             
0694+  3A20             L3a20:
0695+  3A20 00          				.db			$00											; ................ $44
0696+  3A21 78          				.db			$78											; ..########...... 
0697+  3A22 44          				.db			$44											; ..##......##.... 
0698+  3A23 44          				.db			$44											; ..##......##.... 
0699+  3A24 44          				.db			$44											; ..##......##.... 
0700+  3A25 44          				.db			$44											; ..##......##.... 
0701+  3A26 44          				.db			$44											; ..##......##.... 
0702+  3A27 78          				.db			$78											; ..########...... 
0703+  3A28             
0704+  3A28             L3a28:
0705+  3A28 00          				.db			$00											; ................ $45
0706+  3A29 7C          				.db			$7c											; ..##########.... 
0707+  3A2A 40          				.db			$40											; ..##............ 
0708+  3A2B 40          				.db			$40											; ..##............ 
0709+  3A2C 78          				.db			$78											; ..########...... 
0710+  3A2D 40          				.db			$40											; ..##............ 
0711+  3A2E 40          				.db			$40											; ..##............ 
0712+  3A2F 7C          				.db			$7c											; ..##########.... 
0713+  3A30             
0714+  3A30             L3a30:
0715+  3A30 00          				.db			$00											; ................ $46
0716+  3A31 7C          				.db			$7c											; ..##########.... 
0717+  3A32 40          				.db			$40											; ..##............ 
0718+  3A33 40          				.db			$40											; ..##............ 
0719+  3A34 78          				.db			$78											; ..########...... 
0720+  3A35 40          				.db			$40											; ..##............ 
0721+  3A36 40          				.db			$40											; ..##............ 
0722+  3A37 40          				.db			$40											; ..##............ 
0723+  3A38             
0724+  3A38             L3a38:
0725+  3A38 00          				.db			$00											; ................ $47
0726+  3A39 3C          				.db			$3c											; ....########.... 
0727+  3A3A 40          				.db			$40											; ..##............ 
0728+  3A3B 40          				.db			$40											; ..##............ 
0729+  3A3C 40          				.db			$40											; ..##............ 
0730+  3A3D 4C          				.db			$4c											; ..##....####.... 
0731+  3A3E 44          				.db			$44											; ..##......##.... 
0732+  3A3F 3C          				.db			$3c											; ....########.... 
0733+  3A40             
0734+  3A40             L3a40:
0735+  3A40 00          				.db			$00											; ................ $48
0736+  3A41 44          				.db			$44											; ..##......##.... 
0737+  3A42 44          				.db			$44											; ..##......##.... 
0738+  3A43 44          				.db			$44											; ..##......##.... 
0739+  3A44 7C          				.db			$7c											; ..##########.... 
0740+  3A45 44          				.db			$44											; ..##......##.... 
0741+  3A46 44          				.db			$44											; ..##......##.... 
0742+  3A47 44          				.db			$44											; ..##......##.... 
0743+  3A48             
0744+  3A48             L3a48:
0745+  3A48 00          				.db			$00											; ................ $49
0746+  3A49 38          				.db			$38											; ....######...... 
0747+  3A4A 10          				.db			$10											; ......##........ 
0748+  3A4B 10          				.db			$10											; ......##........ 
0749+  3A4C 10          				.db			$10											; ......##........ 
0750+  3A4D 10          				.db			$10											; ......##........ 
0751+  3A4E 10          				.db			$10											; ......##........ 
0752+  3A4F 38          				.db			$38											; ....######...... 
0753+  3A50             
0754+  3A50             L3a50:
0755+  3A50 00          				.db			$00											; ................ $4a
0756+  3A51 04          				.db			$04											; ..........##.... 
0757+  3A52 04          				.db			$04											; ..........##.... 
0758+  3A53 04          				.db			$04											; ..........##.... 
0759+  3A54 04          				.db			$04											; ..........##.... 
0760+  3A55 04          				.db			$04											; ..........##.... 
0761+  3A56 44          				.db			$44											; ..##......##.... 
0762+  3A57 38          				.db			$38											; ....######...... 
0763+  3A58             
0764+  3A58             L3a58:
0765+  3A58 00          				.db			$00											; ................ $4b
0766+  3A59 44          				.db			$44											; ..##......##.... 
0767+  3A5A 48          				.db			$48											; ..##....##...... 
0768+  3A5B 50          				.db			$50											; ..##..##........ 
0769+  3A5C 70          				.db			$70											; ..######........ 
0770+  3A5D 50          				.db			$50											; ..##..##........ 
0771+  3A5E 48          				.db			$48											; ..##....##...... 
0772+  3A5F 44          				.db			$44											; ..##......##.... 
0773+  3A60             
0774+  3A60             L3a60:
0775+  3A60 00          				.db			$00											; ................ $4c
0776+  3A61 40          				.db			$40											; ..##............ 
0777+  3A62 40          				.db			$40											; ..##............ 
0778+  3A63 40          				.db			$40											; ..##............ 
0779+  3A64 40          				.db			$40											; ..##............ 
0780+  3A65 40          				.db			$40											; ..##............ 
0781+  3A66 40          				.db			$40											; ..##............ 
0782+  3A67 7C          				.db			$7c											; ..##########.... 
0783+  3A68             
0784+  3A68             L3a68:
0785+  3A68 00          				.db			$00											; ................ $4d
0786+  3A69 44          				.db			$44											; ..##......##.... 
0787+  3A6A 6C          				.db			$6c											; ..####..####.... 
0788+  3A6B 54          				.db			$54											; ..##..##..##.... 
0789+  3A6C 54          				.db			$54											; ..##..##..##.... 
0790+  3A6D 44          				.db			$44											; ..##......##.... 
0791+  3A6E 44          				.db			$44											; ..##......##.... 
0792+  3A6F 44          				.db			$44											; ..##......##.... 
0793+  3A70             
0794+  3A70             L3a70:
0795+  3A70 00          				.db			$00											; ................ $4e
0796+  3A71 44          				.db			$44											; ..##......##.... 
0797+  3A72 44          				.db			$44											; ..##......##.... 
0798+  3A73 64          				.db			$64											; ..####....##.... 
0799+  3A74 54          				.db			$54											; ..##..##..##.... 
0800+  3A75 4C          				.db			$4c											; ..##....####.... 
0801+  3A76 44          				.db			$44											; ..##......##.... 
0802+  3A77 44          				.db			$44											; ..##......##.... 
0803+  3A78             
0804+  3A78             L3a78:
0805+  3A78 00          				.db			$00											; ................ $4f
0806+  3A79 38          				.db			$38											; ....######...... 
0807+  3A7A 44          				.db			$44											; ..##......##.... 
0808+  3A7B 44          				.db			$44											; ..##......##.... 
0809+  3A7C 44          				.db			$44											; ..##......##.... 
0810+  3A7D 44          				.db			$44											; ..##......##.... 
0811+  3A7E 44          				.db			$44											; ..##......##.... 
0812+  3A7F 38          				.db			$38											; ....######...... 
0813+  3A80             
0814+  3A80             L3a80:
0815+  3A80 00          				.db			$00											; ................ $50
0816+  3A81 78          				.db			$78											; ..########...... 
0817+  3A82 44          				.db			$44											; ..##......##.... 
0818+  3A83 44          				.db			$44											; ..##......##.... 
0819+  3A84 78          				.db			$78											; ..########...... 
0820+  3A85 40          				.db			$40											; ..##............ 
0821+  3A86 40          				.db			$40											; ..##............ 
0822+  3A87 40          				.db			$40											; ..##............ 
0823+  3A88             
0824+  3A88             L3a88:
0825+  3A88 00          				.db			$00											; ................ $51
0826+  3A89 38          				.db			$38											; ....######...... 
0827+  3A8A 44          				.db			$44											; ..##......##.... 
0828+  3A8B 44          				.db			$44											; ..##......##.... 
0829+  3A8C 44          				.db			$44											; ..##......##.... 
0830+  3A8D 54          				.db			$54											; ..##..##..##.... 
0831+  3A8E 48          				.db			$48											; ..##....##...... 
0832+  3A8F 34          				.db			$34											; ....####..##.... 
0833+  3A90             
0834+  3A90             L3a90:
0835+  3A90 00          				.db			$00											; ................ $52
0836+  3A91 78          				.db			$78											; ..########...... 
0837+  3A92 44          				.db			$44											; ..##......##.... 
0838+  3A93 44          				.db			$44											; ..##......##.... 
0839+  3A94 78          				.db			$78											; ..########...... 
0840+  3A95 50          				.db			$50											; ..##..##........ 
0841+  3A96 48          				.db			$48											; ..##....##...... 
0842+  3A97 44          				.db			$44											; ..##......##.... 
0843+  3A98             
0844+  3A98             L3a98:
0845+  3A98 00          				.db			$00											; ................ $53
0846+  3A99 38          				.db			$38											; ....######...... 
0847+  3A9A 44          				.db			$44											; ..##......##.... 
0848+  3A9B 40          				.db			$40											; ..##............ 
0849+  3A9C 38          				.db			$38											; ....######...... 
0850+  3A9D 04          				.db			$04											; ..........##.... 
0851+  3A9E 44          				.db			$44											; ..##......##.... 
0852+  3A9F 38          				.db			$38											; ....######...... 
0853+  3AA0             
0854+  3AA0             L3aa0:
0855+  3AA0 00          				.db			$00											; ................ $54
0856+  3AA1 7C          				.db			$7c											; ..##########.... 
0857+  3AA2 10          				.db			$10											; ......##........ 
0858+  3AA3 10          				.db			$10											; ......##........ 
0859+  3AA4 10          				.db			$10											; ......##........ 
0860+  3AA5 10          				.db			$10											; ......##........ 
0861+  3AA6 10          				.db			$10											; ......##........ 
0862+  3AA7 10          				.db			$10											; ......##........ 
0863+  3AA8             
0864+  3AA8             L3aa8:
0865+  3AA8 00          				.db			$00											; ................ $55
0866+  3AA9 44          				.db			$44											; ..##......##.... 
0867+  3AAA 44          				.db			$44											; ..##......##.... 
0868+  3AAB 44          				.db			$44											; ..##......##.... 
0869+  3AAC 44          				.db			$44											; ..##......##.... 
0870+  3AAD 44          				.db			$44											; ..##......##.... 
0871+  3AAE 44          				.db			$44											; ..##......##.... 
0872+  3AAF 38          				.db			$38											; ....######...... 
0873+  3AB0             
0874+  3AB0             L3ab0:
0875+  3AB0 00          				.db			$00											; ................ $56
0876+  3AB1 44          				.db			$44											; ..##......##.... 
0877+  3AB2 44          				.db			$44											; ..##......##.... 
0878+  3AB3 44          				.db			$44											; ..##......##.... 
0879+  3AB4 44          				.db			$44											; ..##......##.... 
0880+  3AB5 44          				.db			$44											; ..##......##.... 
0881+  3AB6 28          				.db			$28											; ....##..##...... 
0882+  3AB7 10          				.db			$10											; ......##........ 
0883+  3AB8             
0884+  3AB8             L3ab8:
0885+  3AB8 00          				.db			$00											; ................ $57
0886+  3AB9 44          				.db			$44											; ..##......##.... 
0887+  3ABA 44          				.db			$44											; ..##......##.... 
0888+  3ABB 44          				.db			$44											; ..##......##.... 
0889+  3ABC 54          				.db			$54											; ..##..##..##.... 
0890+  3ABD 54          				.db			$54											; ..##..##..##.... 
0891+  3ABE 6C          				.db			$6c											; ..####..####.... 
0892+  3ABF 44          				.db			$44											; ..##......##.... 
0893+  3AC0             
0894+  3AC0             L3ac0:
0895+  3AC0 00          				.db			$00											; ................ $58
0896+  3AC1 44          				.db			$44											; ..##......##.... 
0897+  3AC2 44          				.db			$44											; ..##......##.... 
0898+  3AC3 28          				.db			$28											; ....##..##...... 
0899+  3AC4 10          				.db			$10											; ......##........ 
0900+  3AC5 28          				.db			$28											; ....##..##...... 
0901+  3AC6 44          				.db			$44											; ..##......##.... 
0902+  3AC7 44          				.db			$44											; ..##......##.... 
0903+  3AC8             
0904+  3AC8             L3ac8:
0905+  3AC8 00          				.db			$00											; ................ $59
0906+  3AC9 44          				.db			$44											; ..##......##.... 
0907+  3ACA 44          				.db			$44											; ..##......##.... 
0908+  3ACB 28          				.db			$28											; ....##..##...... 
0909+  3ACC 10          				.db			$10											; ......##........ 
0910+  3ACD 10          				.db			$10											; ......##........ 
0911+  3ACE 10          				.db			$10											; ......##........ 
0912+  3ACF 10          				.db			$10											; ......##........ 
0913+  3AD0             
0914+  3AD0             L3ad0:
0915+  3AD0 00          				.db			$00											; ................ $5a
0916+  3AD1 7C          				.db			$7c											; ..##########.... 
0917+  3AD2 04          				.db			$04											; ..........##.... 
0918+  3AD3 08          				.db			$08											; ........##...... 
0919+  3AD4 10          				.db			$10											; ......##........ 
0920+  3AD5 20          				.db			$20											; ....##.......... 
0921+  3AD6 40          				.db			$40											; ..##............ 
0922+  3AD7 7C          				.db			$7c											; ..##########.... 
0923+  3AD8             
0924+  3AD8             L3ad8:
0925+  3AD8 80          				.db			$80											; ##.............. $5b
0926+  3AD9 80          				.db			$80											; ##.............. 
0927+  3ADA 80          				.db			$80											; ##.............. 
0928+  3ADB 80          				.db			$80											; ##.............. 
0929+  3ADC 80          				.db			$80											; ##.............. 
0930+  3ADD 80          				.db			$80											; ##.............. 
0931+  3ADE 80          				.db			$80											; ##.............. 
0932+  3ADF 80          				.db			$80											; ##.............. 
0933+  3AE0             
0934+  3AE0             L3ae0:
0935+  3AE0 FF          				.db			$ff											; ################ $5c
0936+  3AE1 DF          				.db			$df											; ####..########## 
0937+  3AE2 4E          				.db			$4e											; ..##....######.. 
0938+  3AE3 FF          				.db			$ff											; ################ 
0939+  3AE4 FF          				.db			$ff											; ################ 
0940+  3AE5 FF          				.db			$ff											; ################ 
0941+  3AE6 DF          				.db			$df											; ####..########## 
0942+  3AE7 DF          				.db			$df											; ####..########## 
0943+  3AE8             
0944+  3AE8             L3ae8:
0945+  3AE8 FF          				.db			$ff											; ################ $5d
0946+  3AE9 FF          				.db			$ff											; ################ 
0947+  3AEA FF          				.db			$ff											; ################ 
0948+  3AEB FF          				.db			$ff											; ################ 
0949+  3AEC DF          				.db			$df											; ####..########## 
0950+  3AED FF          				.db			$ff											; ################ 
0951+  3AEE DF          				.db			$df											; ####..########## 
0952+  3AEF FF          				.db			$ff											; ################ 
0953+  3AF0             
0954+  3AF0             L3af0:
0955+  3AF0 FF          				.db			$ff											; ################ $5e
0956+  3AF1 FF          				.db			$ff											; ################ 
0957+  3AF2 FF          				.db			$ff											; ################ 
0958+  3AF3 FF          				.db			$ff											; ################ 
0959+  3AF4 FF          				.db			$ff											; ################ 
0960+  3AF5 FF          				.db			$ff											; ################ 
0961+  3AF6 DF          				.db			$df											; ####..########## 
0962+  3AF7 FF          				.db			$ff											; ################ 
0963+  3AF8             
0964+  3AF8             L3af8:
0965+  3AF8 FF          				.db			$ff											; ################ $5f
0966+  3AF9 DF          				.db			$df											; ####..########## 
0967+  3AFA DF          				.db			$df											; ####..########## 
0968+  3AFB AF          				.db			$af											; ##..##..######## 
0969+  3AFC FF          				.db			$ff											; ################ 
0970+  3AFD DF          				.db			$df											; ####..########## 
0971+  3AFE FF          				.db			$ff											; ################ 
0972+  3AFF FF          				.db			$ff											; ################ 
0973+  3B00             
0974+  3B00             L3b00:
0975+  3B00 00          				.db			$00											; ................ $60
0976+  3B01 00          				.db			$00											; ................ 
0977+  3B02 00          				.db			$00											; ................ 
0978+  3B03 00          				.db			$00											; ................ 
0979+  3B04 00          				.db			$00											; ................ 
0980+  3B05 00          				.db			$00											; ................ 
0981+  3B06 00          				.db			$00											; ................ 
0982+  3B07 FF          				.db			$ff											; ################ 
0983+  3B08             
0984+  3B08             L3b08:
0985+  3B08 FF          				.db			$ff											; ################ $61
0986+  3B09 00          				.db			$00											; ................ 
0987+  3B0A 00          				.db			$00											; ................ 
0988+  3B0B 00          				.db			$00											; ................ 
0989+  3B0C 00          				.db			$00											; ................ 
0990+  3B0D 00          				.db			$00											; ................ 
0991+  3B0E 00          				.db			$00											; ................ 
0992+  3B0F 00          				.db			$00											; ................ 
0993+  3B10             
0994+  3B10             L3b10:
0995+  3B10 01          				.db			$01											; ..............## $62
0996+  3B11 01          				.db			$01											; ..............## 
0997+  3B12 01          				.db			$01											; ..............## 
0998+  3B13 01          				.db			$01											; ..............## 
0999+  3B14 01          				.db			$01											; ..............## 
1000+  3B15 01          				.db			$01											; ..............## 
1001+  3B16 01          				.db			$01											; ..............## 
1002+  3B17 01          				.db			$01											; ..............## 
1003+  3B18             
1004+  3B18             L3b18:
1005+  3B18 80          				.db			$80											; ##.............. $63
1006+  3B19 80          				.db			$80											; ##.............. 
1007+  3B1A 80          				.db			$80											; ##.............. 
1008+  3B1B 80          				.db			$80											; ##.............. 
1009+  3B1C 80          				.db			$80											; ##.............. 
1010+  3B1D 80          				.db			$80											; ##.............. 
1011+  3B1E 80          				.db			$80											; ##.............. 
1012+  3B1F 80          				.db			$80											; ##.............. 
1013+  3B20             
1014+  3B20             L3b20:
1015+  3B20 3C          				.db			$3c											; ....########.... $64
1016+  3B21 A5          				.db			$a5											; ##..##....##..## 
1017+  3B22 FF          				.db			$ff											; ################ 
1018+  3B23 BD          				.db			$bd											; ##..########..## 
1019+  3B24 3C          				.db			$3c											; ....########.... 
1020+  3B25 BD          				.db			$bd											; ##..########..## 
1021+  3B26 FF          				.db			$ff											; ################ 
1022+  3B27 BD          				.db			$bd											; ##..########..## 
1023+  3B28             
1024+  3B28             L3b28:
1025+  3B28 BD          				.db			$bd											; ##..########..## $65
1026+  3B29 FF          				.db			$ff											; ################ 
1027+  3B2A BD          				.db			$bd											; ##..########..## 
1028+  3B2B 3C          				.db			$3c											; ....########.... 
1029+  3B2C BD          				.db			$bd											; ##..########..## 
1030+  3B2D FF          				.db			$ff											; ################ 
1031+  3B2E A5          				.db			$a5											; ##..##....##..## 
1032+  3B2F 3C          				.db			$3c											; ....########.... 
1033+  3B30             
1034+  3B30             L3b30:
1035+  3B30 EE          				.db			$ee											; ######..######.. $66
1036+  3B31 44          				.db			$44											; ..##......##.... 
1037+  3B32 FF          				.db			$ff											; ################ 
1038+  3B33 FD          				.db			$fd											; ############..## 
1039+  3B34 FD          				.db			$fd											; ############..## 
1040+  3B35 FF          				.db			$ff											; ################ 
1041+  3B36 44          				.db			$44											; ..##......##.... 
1042+  3B37 EE          				.db			$ee											; ######..######.. 
1043+  3B38             
1044+  3B38             L3b38:
1045+  3B38 77          				.db			$77											; ..######..###### $67
1046+  3B39 22          				.db			$22											; ....##......##.. 
1047+  3B3A FF          				.db			$ff											; ################ 
1048+  3B3B BF          				.db			$bf											; ##..############ 
1049+  3B3C BF          				.db			$bf											; ##..############ 
1050+  3B3D FF          				.db			$ff											; ################ 
1051+  3B3E 22          				.db			$22											; ....##......##.. 
1052+  3B3F 77          				.db			$77											; ..######..###### 
1053+  3B40             
1054+  3B40             L3b40:
1055+  3B40 00          				.db			$00											; ................ $68
1056+  3B41 00          				.db			$00											; ................ 
1057+  3B42 00          				.db			$00											; ................ 
1058+  3B43 00          				.db			$00											; ................ 
1059+  3B44 00          				.db			$00											; ................ 
1060+  3B45 00          				.db			$00											; ................ 
1061+  3B46 00          				.db			$00											; ................ 
1062+  3B47 00          				.db			$00											; ................ 
1063+  3B48             
1064+  3B48             L3b48:
1065+  3B48 00          				.db			$00											; ................ 
1066+  3B49 00          				.db			$00											; ................ 
1067+  3B4A 00          				.db			$00											; ................ 
1068+  3B4B 00          				.db			$00											; ................ 
1069+  3B4C 00          				.db			$00											; ................ 
1070+  3B4D 00          				.db			$00											; ................ 
1071+  3B4E 00          				.db			$00											; ................ 
1072+  3B4F 00          				.db			$00											; ................ 
1073+  3B50             
1074+  3B50             L3b50:
1075+  3B50 00          				.db			$00											; ................ 
1076+  3B51 00          				.db			$00											; ................ 
1077+  3B52 00          				.db			$00											; ................ 
1078+  3B53 00          				.db			$00											; ................ 
1079+  3B54 00          				.db			$00											; ................ 
1080+  3B55 00          				.db			$00											; ................ 
1081+  3B56 00          				.db			$00											; ................ 
1082+  3B57 00          				.db			$00											; ................ 
1083+  3B58             
1084+  3B58             L3b58:
1085+  3B58 00          				.db			$00											; ................ 
1086+  3B59 00          				.db			$00											; ................ 
1087+  3B5A 00          				.db			$00											; ................ 
1088+  3B5B 00          				.db			$00											; ................ 
1089+  3B5C 00          				.db			$00											; ................ 
1090+  3B5D 00          				.db			$00											; ................ 
1091+  3B5E 00          				.db			$00											; ................ 
1092+  3B5F 00          				.db			$00											; ................ 
1093+  3B60             
1094+  3B60             L3b60:
1095+  3B60 00          				.db			$00											; ................ $6c
1096+  3B61 00          				.db			$00											; ................ 
1097+  3B62 00          				.db			$00											; ................ 
1098+  3B63 00          				.db			$00											; ................ 
1099+  3B64 00          				.db			$00											; ................ 
1100+  3B65 00          				.db			$00											; ................ 
1101+  3B66 00          				.db			$00											; ................ 
1102+  3B67 00          				.db			$00											; ................ 
1103+  3B68             
1104+  3B68             L3b68:
1105+  3B68 00          				.db			$00											; ................ 
1106+  3B69 00          				.db			$00											; ................ 
1107+  3B6A 00          				.db			$00											; ................ 
1108+  3B6B 00          				.db			$00											; ................ 
1109+  3B6C 00          				.db			$00											; ................ 
1110+  3B6D 00          				.db			$00											; ................ 
1111+  3B6E 00          				.db			$00											; ................ 
1112+  3B6F 00          				.db			$00											; ................ 
1113+  3B70             
1114+  3B70             L3b70:
1115+  3B70 00          				.db			$00											; ................ 
1116+  3B71 00          				.db			$00											; ................ 
1117+  3B72 00          				.db			$00											; ................ 
1118+  3B73 00          				.db			$00											; ................ 
1119+  3B74 00          				.db			$00											; ................ 
1120+  3B75 00          				.db			$00											; ................ 
1121+  3B76 00          				.db			$00											; ................ 
1122+  3B77 00          				.db			$00											; ................ 
1123+  3B78             
1124+  3B78             L3b78:
1125+  3B78 00          				.db			$00											; ................ 
1126+  3B79 00          				.db			$00											; ................ 
1127+  3B7A 00          				.db			$00											; ................ 
1128+  3B7B 00          				.db			$00											; ................ 
1129+  3B7C 00          				.db			$00											; ................ 
1130+  3B7D 00          				.db			$00											; ................ 
1131+  3B7E 00          				.db			$00											; ................ 
1132+  3B7F 00          				.db			$00											; ................ 
1133+  3B80             
1134+  3B80             L3b80:
1135+  3B80 00          				.db			$00											; ................ $70
1136+  3B81 00          				.db			$00											; ................ 
1137+  3B82 00          				.db			$00											; ................ 
1138+  3B83 00          				.db			$00											; ................ 
1139+  3B84 00          				.db			$00											; ................ 
1140+  3B85 00          				.db			$00											; ................ 
1141+  3B86 00          				.db			$00											; ................ 
1142+  3B87 00          				.db			$00											; ................ 
1143+  3B88             
1144+  3B88             L3b88:
1145+  3B88 00          				.db			$00											; ................ 
1146+  3B89 00          				.db			$00											; ................ 
1147+  3B8A 00          				.db			$00											; ................ 
1148+  3B8B 00          				.db			$00											; ................ 
1149+  3B8C 00          				.db			$00											; ................ 
1150+  3B8D 00          				.db			$00											; ................ 
1151+  3B8E 00          				.db			$00											; ................ 
1152+  3B8F 00          				.db			$00											; ................ 
1153+  3B90             
1154+  3B90             L3b90:
1155+  3B90 00          				.db			$00											; ................ 
1156+  3B91 00          				.db			$00											; ................ 
1157+  3B92 00          				.db			$00											; ................ 
1158+  3B93 00          				.db			$00											; ................ 
1159+  3B94 00          				.db			$00											; ................ 
1160+  3B95 00          				.db			$00											; ................ 
1161+  3B96 00          				.db			$00											; ................ 
1162+  3B97 00          				.db			$00											; ................ 
1163+  3B98             
1164+  3B98             L3b98:
1165+  3B98 00          				.db			$00											; ................ 
1166+  3B99 00          				.db			$00											; ................ 
1167+  3B9A 00          				.db			$00											; ................ 
1168+  3B9B 00          				.db			$00											; ................ 
1169+  3B9C 00          				.db			$00											; ................ 
1170+  3B9D 00          				.db			$00											; ................ 
1171+  3B9E 00          				.db			$00											; ................ 
1172+  3B9F 00          				.db			$00											; ................ 
1173+  3BA0             
1174+  3BA0             L3ba0:
1175+  3BA0 00          				.db			$00											; ................ $74
1176+  3BA1 00          				.db			$00											; ................ 
1177+  3BA2 00          				.db			$00											; ................ 
1178+  3BA3 00          				.db			$00											; ................ 
1179+  3BA4 00          				.db			$00											; ................ 
1180+  3BA5 00          				.db			$00											; ................ 
1181+  3BA6 00          				.db			$00											; ................ 
1182+  3BA7 00          				.db			$00											; ................ 
1183+  3BA8             
1184+  3BA8             L3ba8:
1185+  3BA8 00          				.db			$00											; ................ 
1186+  3BA9 00          				.db			$00											; ................ 
1187+  3BAA 00          				.db			$00											; ................ 
1188+  3BAB 00          				.db			$00											; ................ 
1189+  3BAC 00          				.db			$00											; ................ 
1190+  3BAD 00          				.db			$00											; ................ 
1191+  3BAE 00          				.db			$00											; ................ 
1192+  3BAF 00          				.db			$00											; ................ 
1193+  3BB0             
1194+  3BB0             L3bb0:
1195+  3BB0 00          				.db			$00											; ................ 
1196+  3BB1 00          				.db			$00											; ................ 
1197+  3BB2 00          				.db			$00											; ................ 
1198+  3BB3 00          				.db			$00											; ................ 
1199+  3BB4 00          				.db			$00											; ................ 
1200+  3BB5 00          				.db			$00											; ................ 
1201+  3BB6 00          				.db			$00											; ................ 
1202+  3BB7 00          				.db			$00											; ................ 
1203+  3BB8             
1204+  3BB8             L3bb8:
1205+  3BB8 00          				.db			$00											; ................ 
1206+  3BB9 00          				.db			$00											; ................ 
1207+  3BBA 00          				.db			$00											; ................ 
1208+  3BBB 00          				.db			$00											; ................ 
1209+  3BBC 00          				.db			$00											; ................ 
1210+  3BBD 00          				.db			$00											; ................ 
1211+  3BBE 00          				.db			$00											; ................ 
1212+  3BBF 00          				.db			$00											; ................ 
1213+  3BC0             
1214+  3BC0             L3bc0:
1215+  3BC0 00          				.db			$00											; ................ $78
1216+  3BC1 00          				.db			$00											; ................ 
1217+  3BC2 00          				.db			$00											; ................ 
1218+  3BC3 00          				.db			$00											; ................ 
1219+  3BC4 00          				.db			$00											; ................ 
1220+  3BC5 00          				.db			$00											; ................ 
1221+  3BC6 00          				.db			$00											; ................ 
1222+  3BC7 00          				.db			$00											; ................ 
1223+  3BC8             
1224+  3BC8             L3bc8:
1225+  3BC8 00          				.db			$00											; ................ 
1226+  3BC9 00          				.db			$00											; ................ 
1227+  3BCA 00          				.db			$00											; ................ 
1228+  3BCB 00          				.db			$00											; ................ 
1229+  3BCC 00          				.db			$00											; ................ 
1230+  3BCD 00          				.db			$00											; ................ 
1231+  3BCE 00          				.db			$00											; ................ 
1232+  3BCF 00          				.db			$00											; ................ 
1233+  3BD0             
1234+  3BD0             L3bd0:
1235+  3BD0 00          				.db			$00											; ................ 
1236+  3BD1 00          				.db			$00											; ................ 
1237+  3BD2 00          				.db			$00											; ................ 
1238+  3BD3 00          				.db			$00											; ................ 
1239+  3BD4 00          				.db			$00											; ................ 
1240+  3BD5 00          				.db			$00											; ................ 
1241+  3BD6 00          				.db			$00											; ................ 
1242+  3BD7 00          				.db			$00											; ................ 
1243+  3BD8             
1244+  3BD8             L3bd8:
1245+  3BD8 00          				.db			$00											; ................ 
1246+  3BD9 00          				.db			$00											; ................ 
1247+  3BDA 00          				.db			$00											; ................ 
1248+  3BDB 00          				.db			$00											; ................ 
1249+  3BDC 00          				.db			$00											; ................ 
1250+  3BDD 00          				.db			$00											; ................ 
1251+  3BDE 00          				.db			$00											; ................ 
1252+  3BDF 00          				.db			$00											; ................ 
1253+  3BE0             
1254+  3BE0             L3be0:
1255+  3BE0 00          				.db			$00											; ................ $7c
1256+  3BE1 00          				.db			$00											; ................ 
1257+  3BE2 00          				.db			$00											; ................ 
1258+  3BE3 00          				.db			$00											; ................ 
1259+  3BE4 00          				.db			$00											; ................ 
1260+  3BE5 00          				.db			$00											; ................ 
1261+  3BE6 00          				.db			$00											; ................ 
1262+  3BE7 00          				.db			$00											; ................ 
1263+  3BE8             
1264+  3BE8             L3be8:
1265+  3BE8 00          				.db			$00											; ................ 
1266+  3BE9 00          				.db			$00											; ................ 
1267+  3BEA 00          				.db			$00											; ................ 
1268+  3BEB 00          				.db			$00											; ................ 
1269+  3BEC 00          				.db			$00											; ................ 
1270+  3BED 00          				.db			$00											; ................ 
1271+  3BEE 00          				.db			$00											; ................ 
1272+  3BEF 00          				.db			$00											; ................ 
1273+  3BF0             
1274+  3BF0             L3bf0:
1275+  3BF0 00          				.db			$00											; ................ 
1276+  3BF1 00          				.db			$00											; ................ 
1277+  3BF2 00          				.db			$00											; ................ 
1278+  3BF3 00          				.db			$00											; ................ 
1279+  3BF4 00          				.db			$00											; ................ 
1280+  3BF5 00          				.db			$00											; ................ 
1281+  3BF6 00          				.db			$00											; ................ 
1282+  3BF7 00          				.db			$00											; ................ 
1283+  3BF8             
1284+  3BF8             L3bf8:
1285+  3BF8 00          				.db			$00											; ................ 
1286+  3BF9 00          				.db			$00											; ................ 
1287+  3BFA 00          				.db			$00											; ................ 
1288+  3BFB 00          				.db			$00											; ................ 
1289+  3BFC 00          				.db			$00											; ................ 
1290+  3BFD 00          				.db			$00											; ................ 
1291+  3BFE 00          				.db			$00											; ................ 
1292+  3BFF 00          				.db			$00											; ................ 
1293+  3C00             
1294+  3C00             L3c00:
1295+  3C00 00          				.db			$00											; ................ $80
1296+  3C01 7F          				.db			$7f											; ..############## 
1297+  3C02 7F          				.db			$7f											; ..############## 
1298+  3C03 7F          				.db			$7f											; ..############## 
1299+  3C04 7F          				.db			$7f											; ..############## 
1300+  3C05 7F          				.db			$7f											; ..############## 
1301+  3C06 7F          				.db			$7f											; ..############## 
1302+  3C07 7E          				.db			$7e											; ..############.. 
1303+  3C08             
1304+  3C08             L3c08:
1305+  3C08 00          				.db			$00											; ................ $81
1306+  3C09 FE          				.db			$fe											; ##############.. 
1307+  3C0A FE          				.db			$fe											; ##############.. 
1308+  3C0B FE          				.db			$fe											; ##############.. 
1309+  3C0C FE          				.db			$fe											; ##############.. 
1310+  3C0D FE          				.db			$fe											; ##############.. 
1311+  3C0E FE          				.db			$fe											; ##############.. 
1312+  3C0F 7E          				.db			$7e											; ..############.. 
1313+  3C10             
1314+  3C10             L3c10:
1315+  3C10 7E          				.db			$7e											; ..############.. $82
1316+  3C11 7F          				.db			$7f											; ..############## 
1317+  3C12 7F          				.db			$7f											; ..############## 
1318+  3C13 7F          				.db			$7f											; ..############## 
1319+  3C14 7F          				.db			$7f											; ..############## 
1320+  3C15 7F          				.db			$7f											; ..############## 
1321+  3C16 7F          				.db			$7f											; ..############## 
1322+  3C17 00          				.db			$00											; ................ 
1323+  3C18             
1324+  3C18             L3c18:
1325+  3C18 7E          				.db			$7e											; ..############.. $83
1326+  3C19 FE          				.db			$fe											; ##############.. 
1327+  3C1A FE          				.db			$fe											; ##############.. 
1328+  3C1B FE          				.db			$fe											; ##############.. 
1329+  3C1C FE          				.db			$fe											; ##############.. 
1330+  3C1D FE          				.db			$fe											; ##############.. 
1331+  3C1E FE          				.db			$fe											; ##############.. 
1332+  3C1F 00          				.db			$00											; ................ 
1333+  3C20             
1334+  3C20             L3c20:
1335+  3C20 00          				.db			$00											; ................ $84
1336+  3C21 7F          				.db			$7f											; ..############## 
1337+  3C22 7F          				.db			$7f											; ..############## 
1338+  3C23 7F          				.db			$7f											; ..############## 
1339+  3C24 7F          				.db			$7f											; ..############## 
1340+  3C25 78          				.db			$78											; ..########...... 
1341+  3C26 78          				.db			$78											; ..########...... 
1342+  3C27 78          				.db			$78											; ..########...... 
1343+  3C28             
1344+  3C28             L3c28:
1345+  3C28 00          				.db			$00											; ................ $85
1346+  3C29 FE          				.db			$fe											; ##############.. 
1347+  3C2A FE          				.db			$fe											; ##############.. 
1348+  3C2B FE          				.db			$fe											; ##############.. 
1349+  3C2C FE          				.db			$fe											; ##############.. 
1350+  3C2D 1E          				.db			$1e											; ......########.. 
1351+  3C2E 1E          				.db			$1e											; ......########.. 
1352+  3C2F 1E          				.db			$1e											; ......########.. 
1353+  3C30             
1354+  3C30             L3c30:
1355+  3C30 78          				.db			$78											; ..########...... $86
1356+  3C31 78          				.db			$78											; ..########...... 
1357+  3C32 78          				.db			$78											; ..########...... 
1358+  3C33 7F          				.db			$7f											; ..############## 
1359+  3C34 7F          				.db			$7f											; ..############## 
1360+  3C35 7F          				.db			$7f											; ..############## 
1361+  3C36 7F          				.db			$7f											; ..############## 
1362+  3C37 00          				.db			$00											; ................ 
1363+  3C38             
1364+  3C38             L3c38:
1365+  3C38 1E          				.db			$1e											; ......########.. $87
1366+  3C39 1E          				.db			$1e											; ......########.. 
1367+  3C3A 1E          				.db			$1e											; ......########.. 
1368+  3C3B FE          				.db			$fe											; ##############.. 
1369+  3C3C FE          				.db			$fe											; ##############.. 
1370+  3C3D FE          				.db			$fe											; ##############.. 
1371+  3C3E FE          				.db			$fe											; ##############.. 
1372+  3C3F 00          				.db			$00											; ................ 
1373+  3C40             
1374+  3C40             L3c40:
1375+  3C40 00          				.db			$00											; ................ $88
1376+  3C41 7F          				.db			$7f											; ..############## 
1377+  3C42 7F          				.db			$7f											; ..############## 
1378+  3C43 60          				.db			$60											; ..####.......... 
1379+  3C44 60          				.db			$60											; ..####.......... 
1380+  3C45 60          				.db			$60											; ..####.......... 
1381+  3C46 60          				.db			$60											; ..####.......... 
1382+  3C47 60          				.db			$60											; ..####.......... 
1383+  3C48             
1384+  3C48             L3c48:
1385+  3C48 00          				.db			$00											; ................ $89
1386+  3C49 FE          				.db			$fe											; ##############.. 
1387+  3C4A FE          				.db			$fe											; ##############.. 
1388+  3C4B 06          				.db			$06											; ..........####.. 
1389+  3C4C 06          				.db			$06											; ..........####.. 
1390+  3C4D 06          				.db			$06											; ..........####.. 
1391+  3C4E 06          				.db			$06											; ..........####.. 
1392+  3C4F 06          				.db			$06											; ..........####.. 
1393+  3C50             
1394+  3C50             L3c50:
1395+  3C50 60          				.db			$60											; ..####.......... $8a
1396+  3C51 60          				.db			$60											; ..####.......... 
1397+  3C52 60          				.db			$60											; ..####.......... 
1398+  3C53 60          				.db			$60											; ..####.......... 
1399+  3C54 60          				.db			$60											; ..####.......... 
1400+  3C55 7F          				.db			$7f											; ..############## 
1401+  3C56 7F          				.db			$7f											; ..############## 
1402+  3C57 00          				.db			$00											; ................ 
1403+  3C58             
1404+  3C58             L3c58:
1405+  3C58 06          				.db			$06											; ..........####.. $8b
1406+  3C59 06          				.db			$06											; ..........####.. 
1407+  3C5A 06          				.db			$06											; ..........####.. 
1408+  3C5B 06          				.db			$06											; ..........####.. 
1409+  3C5C 06          				.db			$06											; ..........####.. 
1410+  3C5D FE          				.db			$fe											; ##############.. 
1411+  3C5E FE          				.db			$fe											; ##############.. 
1412+  3C5F 00          				.db			$00											; ................ 
1413+  3C60             
1414+  3C60             L3c60:
1415+  3C60 00          				.db			$00											; ................ $8c
1416+  3C61 7F          				.db			$7f											; ..############## 
1417+  3C62 7F          				.db			$7f											; ..############## 
1418+  3C63 7F          				.db			$7f											; ..############## 
1419+  3C64 7F          				.db			$7f											; ..############## 
1420+  3C65 7F          				.db			$7f											; ..############## 
1421+  3C66 7F          				.db			$7f											; ..############## 
1422+  3C67 7F          				.db			$7f											; ..############## 
1423+  3C68             
1424+  3C68             L3c68:
1425+  3C68 00          				.db			$00											; ................ $8d
1426+  3C69 FE          				.db			$fe											; ##############.. 
1427+  3C6A FE          				.db			$fe											; ##############.. 
1428+  3C6B FE          				.db			$fe											; ##############.. 
1429+  3C6C FE          				.db			$fe											; ##############.. 
1430+  3C6D FE          				.db			$fe											; ##############.. 
1431+  3C6E FE          				.db			$fe											; ##############.. 
1432+  3C6F FE          				.db			$fe											; ##############.. 
1433+  3C70             
1434+  3C70             L3c70:
1435+  3C70 7F          				.db			$7f											; ..############## $8e
1436+  3C71 7F          				.db			$7f											; ..############## 
1437+  3C72 7F          				.db			$7f											; ..############## 
1438+  3C73 7F          				.db			$7f											; ..############## 
1439+  3C74 7F          				.db			$7f											; ..############## 
1440+  3C75 7F          				.db			$7f											; ..############## 
1441+  3C76 7F          				.db			$7f											; ..############## 
1442+  3C77 00          				.db			$00											; ................ 
1443+  3C78             
1444+  3C78             L3c78:
1445+  3C78 FE          				.db			$fe											; ##############.. $8f
1446+  3C79 FE          				.db			$fe											; ##############.. 
1447+  3C7A FE          				.db			$fe											; ##############.. 
1448+  3C7B FE          				.db			$fe											; ##############.. 
1449+  3C7C FE          				.db			$fe											; ##############.. 
1450+  3C7D FE          				.db			$fe											; ##############.. 
1451+  3C7E FE          				.db			$fe											; ##############.. 
1452+  3C7F 00          				.db			$00											; ................ 
1453+  3C80             
1454+  3C80             L3c80:
1455+  3C80 00          				.db			$00											; ................ $90
1456+  3C81 00          				.db			$00											; ................ 
1457+  3C82 00          				.db			$00											; ................ 
1458+  3C83 00          				.db			$00											; ................ 
1459+  3C84 00          				.db			$00											; ................ 
1460+  3C85 00          				.db			$00											; ................ 
1461+  3C86 00          				.db			$00											; ................ 
1462+  3C87 00          				.db			$00											; ................ 
1463+  3C88             
1464+  3C88             L3c88:
1465+  3C88 18          				.db			$18											; ......####...... $91
1466+  3C89 24          				.db			$24											; ....##....##.... 
1467+  3C8A 24          				.db			$24											; ....##....##.... 
1468+  3C8B 18          				.db			$18											; ......####...... 
1469+  3C8C 2C          				.db			$2c											; ....##..####.... 
1470+  3C8D 76          				.db			$76											; ..######..####.. 
1471+  3C8E BD          				.db			$bd											; ##..########..## 
1472+  3C8F 81          				.db			$81											; ##............## 
1473+  3C90             
1474+  3C90             L3c90:
1475+  3C90 00          				.db			$00											; ................ $92
1476+  3C91 00          				.db			$00											; ................ 
1477+  3C92 00          				.db			$00											; ................ 
1478+  3C93 00          				.db			$00											; ................ 
1479+  3C94 00          				.db			$00											; ................ 
1480+  3C95 00          				.db			$00											; ................ 
1481+  3C96 00          				.db			$00											; ................ 
1482+  3C97 00          				.db			$00											; ................ 
1483+  3C98             
1484+  3C98             L3c98:
1485+  3C98 00          				.db			$00											; ................ $93
1486+  3C99 00          				.db			$00											; ................ 
1487+  3C9A 00          				.db			$00											; ................ 
1488+  3C9B 00          				.db			$00											; ................ 
1489+  3C9C 00          				.db			$00											; ................ 
1490+  3C9D 00          				.db			$00											; ................ 
1491+  3C9E 00          				.db			$00											; ................ 
1492+  3C9F 00          				.db			$00											; ................ 
1493+  3CA0             
1494+  3CA0             L3ca0:
1495+  3CA0 00          				.db			$00											; ................ $94
1496+  3CA1 00          				.db			$00											; ................ 
1497+  3CA2 00          				.db			$00											; ................ 
1498+  3CA3 00          				.db			$00											; ................ 
1499+  3CA4 00          				.db			$00											; ................ 
1500+  3CA5 00          				.db			$00											; ................ 
1501+  3CA6 00          				.db			$00											; ................ 
1502+  3CA7 00          				.db			$00											; ................ 
1503+  3CA8             
1504+  3CA8             L3ca8:
1505+  3CA8 00          				.db			$00											; ................ $95
1506+  3CA9 00          				.db			$00											; ................ 
1507+  3CAA 00          				.db			$00											; ................ 
1508+  3CAB 00          				.db			$00											; ................ 
1509+  3CAC 00          				.db			$00											; ................ 
1510+  3CAD 00          				.db			$00											; ................ 
1511+  3CAE 00          				.db			$00											; ................ 
1512+  3CAF 00          				.db			$00											; ................ 
1513+  3CB0             
1514+  3CB0             L3cb0:
1515+  3CB0 00          				.db			$00											; ................ $96
1516+  3CB1 00          				.db			$00											; ................ 
1517+  3CB2 00          				.db			$00											; ................ 
1518+  3CB3 00          				.db			$00											; ................ 
1519+  3CB4 00          				.db			$00											; ................ 
1520+  3CB5 00          				.db			$00											; ................ 
1521+  3CB6 00          				.db			$00											; ................ 
1522+  3CB7 00          				.db			$00											; ................ 
1523+  3CB8             
1524+  3CB8             L3cb8:
1525+  3CB8 00          				.db			$00											; ................ $97
1526+  3CB9 00          				.db			$00											; ................ 
1527+  3CBA 00          				.db			$00											; ................ 
1528+  3CBB 00          				.db			$00											; ................ 
1529+  3CBC 00          				.db			$00											; ................ 
1530+  3CBD 00          				.db			$00											; ................ 
1531+  3CBE 00          				.db			$00											; ................ 
1532+  3CBF 00          				.db			$00											; ................ 
1533+  3CC0             
1534+  3CC0             L3cc0:
1535+  3CC0 00          				.db			$00											; ................ $98
1536+  3CC1 00          				.db			$00											; ................ 
1537+  3CC2 00          				.db			$00											; ................ 
1538+  3CC3 00          				.db			$00											; ................ 
1539+  3CC4 00          				.db			$00											; ................ 
1540+  3CC5 00          				.db			$00											; ................ 
1541+  3CC6 00          				.db			$00											; ................ 
1542+  3CC7 00          				.db			$00											; ................ 
1543+  3CC8             
1544+  3CC8             L3cc8:
1545+  3CC8 00          				.db			$00											; ................ $99
1546+  3CC9 00          				.db			$00											; ................ 
1547+  3CCA 00          				.db			$00											; ................ 
1548+  3CCB 00          				.db			$00											; ................ 
1549+  3CCC 00          				.db			$00											; ................ 
1550+  3CCD 00          				.db			$00											; ................ 
1551+  3CCE 00          				.db			$00											; ................ 
1552+  3CCF 00          				.db			$00											; ................ 
1553+  3CD0             
1554+  3CD0             L3cd0:
1555+  3CD0 00          				.db			$00											; ................ $9a
1556+  3CD1 00          				.db			$00											; ................ 
1557+  3CD2 00          				.db			$00											; ................ 
1558+  3CD3 00          				.db			$00											; ................ 
1559+  3CD4 00          				.db			$00											; ................ 
1560+  3CD5 00          				.db			$00											; ................ 
1561+  3CD6 00          				.db			$00											; ................ 
1562+  3CD7 00          				.db			$00											; ................ 
1563+  3CD8             
1564+  3CD8             L3cd8:
1565+  3CD8 00          				.db			$00											; ................ $9b
1566+  3CD9 00          				.db			$00											; ................ 
1567+  3CDA 00          				.db			$00											; ................ 
1568+  3CDB 00          				.db			$00											; ................ 
1569+  3CDC 00          				.db			$00											; ................ 
1570+  3CDD 00          				.db			$00											; ................ 
1571+  3CDE 00          				.db			$00											; ................ 
1572+  3CDF 00          				.db			$00											; ................ 
1573+  3CE0             
1574+  3CE0             L3ce0:
1575+  3CE0 00          				.db			$00											; ................ $9c
1576+  3CE1 00          				.db			$00											; ................ 
1577+  3CE2 00          				.db			$00											; ................ 
1578+  3CE3 00          				.db			$00											; ................ 
1579+  3CE4 00          				.db			$00											; ................ 
1580+  3CE5 00          				.db			$00											; ................ 
1581+  3CE6 00          				.db			$00											; ................ 
1582+  3CE7 00          				.db			$00											; ................ 
1583+  3CE8             
1584+  3CE8             L3ce8:
1585+  3CE8 00          				.db			$00											; ................ $9d
1586+  3CE9 00          				.db			$00											; ................ 
1587+  3CEA 00          				.db			$00											; ................ 
1588+  3CEB 00          				.db			$00											; ................ 
1589+  3CEC 00          				.db			$00											; ................ 
1590+  3CED 00          				.db			$00											; ................ 
1591+  3CEE 00          				.db			$00											; ................ 
1592+  3CEF 00          				.db			$00											; ................ 
1593+  3CF0             
1594+  3CF0             L3cf0:
1595+  3CF0 00          				.db			$00											; ................ $9e
1596+  3CF1 00          				.db			$00											; ................ 
1597+  3CF2 00          				.db			$00											; ................ 
1598+  3CF3 00          				.db			$00											; ................ 
1599+  3CF4 00          				.db			$00											; ................ 
1600+  3CF5 00          				.db			$00											; ................ 
1601+  3CF6 00          				.db			$00											; ................ 
1602+  3CF7 00          				.db			$00											; ................ 
1603+  3CF8             
1604+  3CF8             L3cf8:
1605+  3CF8 00          				.db			$00											; ................ $9f
1606+  3CF9 00          				.db			$00											; ................ 
1607+  3CFA 00          				.db			$00											; ................ 
1608+  3CFB 00          				.db			$00											; ................ 
1609+  3CFC 00          				.db			$00											; ................ 
1610+  3CFD 00          				.db			$00											; ................ 
1611+  3CFE 00          				.db			$00											; ................ 
1612+  3CFF 00          				.db			$00											; ................ 
1613+  3D00             
1614+  3D00             L3d00:
1615+  3D00 00          				.db			$00											; ................ $a0
1616+  3D01 00          				.db			$00											; ................ 
1617+  3D02 00          				.db			$00											; ................ 
1618+  3D03 00          				.db			$00											; ................ 
1619+  3D04 00          				.db			$00											; ................ 
1620+  3D05 00          				.db			$00											; ................ 
1621+  3D06 00          				.db			$00											; ................ 
1622+  3D07 00          				.db			$00											; ................ 
1623+  3D08             
1624+  3D08             L3d08:
1625+  3D08 00          				.db			$00											; ................ $a1
1626+  3D09 00          				.db			$00											; ................ 
1627+  3D0A 00          				.db			$00											; ................ 
1628+  3D0B 00          				.db			$00											; ................ 
1629+  3D0C 00          				.db			$00											; ................ 
1630+  3D0D 00          				.db			$00											; ................ 
1631+  3D0E 00          				.db			$00											; ................ 
1632+  3D0F 00          				.db			$00											; ................ 
1633+  3D10             
1634+  3D10             L3d10:
1635+  3D10 00          				.db			$00											; ................ $a2
1636+  3D11 00          				.db			$00											; ................ 
1637+  3D12 00          				.db			$00											; ................ 
1638+  3D13 00          				.db			$00											; ................ 
1639+  3D14 00          				.db			$00											; ................ 
1640+  3D15 00          				.db			$00											; ................ 
1641+  3D16 00          				.db			$00											; ................ 
1642+  3D17 00          				.db			$00											; ................ 
1643+  3D18             
1644+  3D18             L3d18:
1645+  3D18 00          				.db			$00											; ................ $a3
1646+  3D19 00          				.db			$00											; ................ 
1647+  3D1A 00          				.db			$00											; ................ 
1648+  3D1B 00          				.db			$00											; ................ 
1649+  3D1C 00          				.db			$00											; ................ 
1650+  3D1D 00          				.db			$00											; ................ 
1651+  3D1E 00          				.db			$00											; ................ 
1652+  3D1F 00          				.db			$00											; ................ 
1653+  3D20             
1654+  3D20             L3d20:
1655+  3D20 00          				.db			$00											; ................ $a4
1656+  3D21 00          				.db			$00											; ................ 
1657+  3D22 00          				.db			$00											; ................ 
1658+  3D23 00          				.db			$00											; ................ 
1659+  3D24 00          				.db			$00											; ................ 
1660+  3D25 00          				.db			$00											; ................ 
1661+  3D26 00          				.db			$00											; ................ 
1662+  3D27 00          				.db			$00											; ................ 
1663+  3D28             
1664+  3D28             L3d28:
1665+  3D28 00          				.db			$00											; ................ $a5
1666+  3D29 00          				.db			$00											; ................ 
1667+  3D2A 00          				.db			$00											; ................ 
1668+  3D2B 00          				.db			$00											; ................ 
1669+  3D2C 00          				.db			$00											; ................ 
1670+  3D2D 00          				.db			$00											; ................ 
1671+  3D2E 00          				.db			$00											; ................ 
1672+  3D2F 00          				.db			$00											; ................ 
1673+  3D30             
1674+  3D30             L3d30:
1675+  3D30 00          				.db			$00											; ................ $a6
1676+  3D31 00          				.db			$00											; ................ 
1677+  3D32 00          				.db			$00											; ................ 
1678+  3D33 00          				.db			$00											; ................ 
1679+  3D34 00          				.db			$00											; ................ 
1680+  3D35 00          				.db			$00											; ................ 
1681+  3D36 00          				.db			$00											; ................ 
1682+  3D37 00          				.db			$00											; ................ 
1683+  3D38             
1684+  3D38             L3d38:
1685+  3D38 00          				.db			$00											; ................ $a7
1686+  3D39 00          				.db			$00											; ................ 
1687+  3D3A 00          				.db			$00											; ................ 
1688+  3D3B 00          				.db			$00											; ................ 
1689+  3D3C 00          				.db			$00											; ................ 
1690+  3D3D 00          				.db			$00											; ................ 
1691+  3D3E 00          				.db			$00											; ................ 
1692+  3D3F 00          				.db			$00											; ................ 
1693+  3D40             
1694+  3D40             L3d40:
1695+  3D40 00          				.db			$00											; ................ $a8
1696+  3D41 00          				.db			$00											; ................ 
1697+  3D42 00          				.db			$00											; ................ 
1698+  3D43 00          				.db			$00											; ................ 
1699+  3D44 00          				.db			$00											; ................ 
1700+  3D45 00          				.db			$00											; ................ 
1701+  3D46 00          				.db			$00											; ................ 
1702+  3D47 00          				.db			$00											; ................ 
1703+  3D48             
1704+  3D48             L3d48:
1705+  3D48 00          				.db			$00											; ................ $a9
1706+  3D49 00          				.db			$00											; ................ 
1707+  3D4A 00          				.db			$00											; ................ 
1708+  3D4B 00          				.db			$00											; ................ 
1709+  3D4C 00          				.db			$00											; ................ 
1710+  3D4D 00          				.db			$00											; ................ 
1711+  3D4E 00          				.db			$00											; ................ 
1712+  3D4F 00          				.db			$00											; ................ 
1713+  3D50             
1714+  3D50             L3d50:
1715+  3D50 00          				.db			$00											; ................ $aa
1716+  3D51 00          				.db			$00											; ................ 
1717+  3D52 00          				.db			$00											; ................ 
1718+  3D53 00          				.db			$00											; ................ 
1719+  3D54 00          				.db			$00											; ................ 
1720+  3D55 00          				.db			$00											; ................ 
1721+  3D56 00          				.db			$00											; ................ 
1722+  3D57 00          				.db			$00											; ................ 
1723+  3D58             
1724+  3D58             L3d58:
1725+  3D58 00          				.db			$00											; ................ $ab
1726+  3D59 00          				.db			$00											; ................ 
1727+  3D5A 00          				.db			$00											; ................ 
1728+  3D5B 00          				.db			$00											; ................ 
1729+  3D5C 00          				.db			$00											; ................ 
1730+  3D5D 00          				.db			$00											; ................ 
1731+  3D5E 00          				.db			$00											; ................ 
1732+  3D5F 00          				.db			$00											; ................ 
1733+  3D60             
1734+  3D60             L3d60:
1735+  3D60 00          				.db			$00											; ................ $ac
1736+  3D61 00          				.db			$00											; ................ 
1737+  3D62 00          				.db			$00											; ................ 
1738+  3D63 00          				.db			$00											; ................ 
1739+  3D64 00          				.db			$00											; ................ 
1740+  3D65 00          				.db			$00											; ................ 
1741+  3D66 00          				.db			$00											; ................ 
1742+  3D67 00          				.db			$00											; ................ 
1743+  3D68             
1744+  3D68             L3d68:
1745+  3D68 00          				.db			$00											; ................ $ad
1746+  3D69 00          				.db			$00											; ................ 
1747+  3D6A 00          				.db			$00											; ................ 
1748+  3D6B 00          				.db			$00											; ................ 
1749+  3D6C 00          				.db			$00											; ................ 
1750+  3D6D 00          				.db			$00											; ................ 
1751+  3D6E 00          				.db			$00											; ................ 
1752+  3D6F 00          				.db			$00											; ................ 
1753+  3D70             
1754+  3D70             L3d70:
1755+  3D70 00          				.db			$00											; ................ $ae
1756+  3D71 00          				.db			$00											; ................ 
1757+  3D72 00          				.db			$00											; ................ 
1758+  3D73 00          				.db			$00											; ................ 
1759+  3D74 00          				.db			$00											; ................ 
1760+  3D75 00          				.db			$00											; ................ 
1761+  3D76 00          				.db			$00											; ................ 
1762+  3D77 00          				.db			$00											; ................ 
1763+  3D78             
1764+  3D78             L3d78:
1765+  3D78 00          				.db			$00											; ................ $af
1766+  3D79 00          				.db			$00											; ................ 
1767+  3D7A 00          				.db			$00											; ................ 
1768+  3D7B 00          				.db			$00											; ................ 
1769+  3D7C 00          				.db			$00											; ................ 
1770+  3D7D 00          				.db			$00											; ................ 
1771+  3D7E 00          				.db			$00											; ................ 
1772+  3D7F 00          				.db			$00											; ................ 
1773+  3D80             
1774+  3D80             L3d80:
1775+  3D80 00          				.db			$00											; ................ $b0
1776+  3D81 00          				.db			$00											; ................ 
1777+  3D82 00          				.db			$00											; ................ 
1778+  3D83 00          				.db			$00											; ................ 
1779+  3D84 00          				.db			$00											; ................ 
1780+  3D85 00          				.db			$00											; ................ 
1781+  3D86 00          				.db			$00											; ................ 
1782+  3D87 00          				.db			$00											; ................ 
1783+  3D88             
1784+  3D88             L3d88:
1785+  3D88 00          				.db			$00											; ................ $b1
1786+  3D89 00          				.db			$00											; ................ 
1787+  3D8A 00          				.db			$00											; ................ 
1788+  3D8B 00          				.db			$00											; ................ 
1789+  3D8C 00          				.db			$00											; ................ 
1790+  3D8D 00          				.db			$00											; ................ 
1791+  3D8E 00          				.db			$00											; ................ 
1792+  3D8F 00          				.db			$00											; ................ 
1793+  3D90             
1794+  3D90             L3d90:
1795+  3D90 00          				.db			$00											; ................ $b2
1796+  3D91 00          				.db			$00											; ................ 
1797+  3D92 00          				.db			$00											; ................ 
1798+  3D93 00          				.db			$00											; ................ 
1799+  3D94 00          				.db			$00											; ................ 
1800+  3D95 00          				.db			$00											; ................ 
1801+  3D96 00          				.db			$00											; ................ 
1802+  3D97 00          				.db			$00											; ................ 
1803+  3D98             
1804+  3D98             L3d98:
1805+  3D98 00          				.db			$00											; ................ $b3
1806+  3D99 00          				.db			$00											; ................ 
1807+  3D9A 00          				.db			$00											; ................ 
1808+  3D9B 00          				.db			$00											; ................ 
1809+  3D9C 00          				.db			$00											; ................ 
1810+  3D9D 00          				.db			$00											; ................ 
1811+  3D9E 00          				.db			$00											; ................ 
1812+  3D9F 00          				.db			$00											; ................ 
1813+  3DA0             
1814+  3DA0             L3da0:
1815+  3DA0 00          				.db			$00											; ................ $b4
1816+  3DA1 00          				.db			$00											; ................ 
1817+  3DA2 00          				.db			$00											; ................ 
1818+  3DA3 00          				.db			$00											; ................ 
1819+  3DA4 00          				.db			$00											; ................ 
1820+  3DA5 00          				.db			$00											; ................ 
1821+  3DA6 00          				.db			$00											; ................ 
1822+  3DA7 00          				.db			$00											; ................ 
1823+  3DA8             
1824+  3DA8             L3da8:
1825+  3DA8 00          				.db			$00											; ................ $b5
1826+  3DA9 00          				.db			$00											; ................ 
1827+  3DAA 00          				.db			$00											; ................ 
1828+  3DAB 00          				.db			$00											; ................ 
1829+  3DAC 00          				.db			$00											; ................ 
1830+  3DAD 00          				.db			$00											; ................ 
1831+  3DAE 00          				.db			$00											; ................ 
1832+  3DAF 00          				.db			$00											; ................ 
1833+  3DB0             
1834+  3DB0             L3db0:
1835+  3DB0 00          				.db			$00											; ................ $b6
1836+  3DB1 00          				.db			$00											; ................ 
1837+  3DB2 00          				.db			$00											; ................ 
1838+  3DB3 00          				.db			$00											; ................ 
1839+  3DB4 00          				.db			$00											; ................ 
1840+  3DB5 00          				.db			$00											; ................ 
1841+  3DB6 00          				.db			$00											; ................ 
1842+  3DB7 00          				.db			$00											; ................ 
1843+  3DB8             
1844+  3DB8             L3db8:
1845+  3DB8 00          				.db			$00											; ................ $b7
1846+  3DB9 00          				.db			$00											; ................ 
1847+  3DBA 00          				.db			$00											; ................ 
1848+  3DBB 00          				.db			$00											; ................ 
1849+  3DBC 00          				.db			$00											; ................ 
1850+  3DBD 00          				.db			$00											; ................ 
1851+  3DBE 00          				.db			$00											; ................ 
1852+  3DBF 00          				.db			$00											; ................ 
1853+  3DC0             
1854+  3DC0             L3dc0:
1855+  3DC0 00          				.db			$00											; ................ $b8
1856+  3DC1 00          				.db			$00											; ................ 
1857+  3DC2 00          				.db			$00											; ................ 
1858+  3DC3 00          				.db			$00											; ................ 
1859+  3DC4 00          				.db			$00											; ................ 
1860+  3DC5 00          				.db			$00											; ................ 
1861+  3DC6 00          				.db			$00											; ................ 
1862+  3DC7 00          				.db			$00											; ................ 
1863+  3DC8             
1864+  3DC8             L3dc8:
1865+  3DC8 00          				.db			$00											; ................ $b9
1866+  3DC9 00          				.db			$00											; ................ 
1867+  3DCA 00          				.db			$00											; ................ 
1868+  3DCB 00          				.db			$00											; ................ 
1869+  3DCC 00          				.db			$00											; ................ 
1870+  3DCD 00          				.db			$00											; ................ 
1871+  3DCE 00          				.db			$00											; ................ 
1872+  3DCF 00          				.db			$00											; ................ 
1873+  3DD0             
1874+  3DD0             L3dd0:
1875+  3DD0 00          				.db			$00											; ................ $ba
1876+  3DD1 7F          				.db			$7f											; ..############## 
1877+  3DD2 7F          				.db			$7f											; ..############## 
1878+  3DD3 7F          				.db			$7f											; ..############## 
1879+  3DD4 7F          				.db			$7f											; ..############## 
1880+  3DD5 7F          				.db			$7f											; ..############## 
1881+  3DD6 7F          				.db			$7f											; ..############## 
1882+  3DD7 7F          				.db			$7f											; ..############## 
1883+  3DD8             
1884+  3DD8             L3dd8:
1885+  3DD8 00          				.db			$00											; ................ $bb
1886+  3DD9 FE          				.db			$fe											; ##############.. 
1887+  3DDA FE          				.db			$fe											; ##############.. 
1888+  3DDB FE          				.db			$fe											; ##############.. 
1889+  3DDC FE          				.db			$fe											; ##############.. 
1890+  3DDD FE          				.db			$fe											; ##############.. 
1891+  3DDE FE          				.db			$fe											; ##############.. 
1892+  3DDF FE          				.db			$fe											; ##############.. 
1893+  3DE0             
1894+  3DE0             L3de0:
1895+  3DE0 7F          				.db			$7f											; ..############## $bc
1896+  3DE1 7F          				.db			$7f											; ..############## 
1897+  3DE2 7F          				.db			$7f											; ..############## 
1898+  3DE3 7F          				.db			$7f											; ..############## 
1899+  3DE4 7F          				.db			$7f											; ..############## 
1900+  3DE5 7F          				.db			$7f											; ..############## 
1901+  3DE6 7F          				.db			$7f											; ..############## 
1902+  3DE7 00          				.db			$00											; ................ 
1903+  3DE8             
1904+  3DE8             L3de8:
1905+  3DE8 FE          				.db			$fe											; ##############.. $bd
1906+  3DE9 FE          				.db			$fe											; ##############.. 
1907+  3DEA FE          				.db			$fe											; ##############.. 
1908+  3DEB FE          				.db			$fe											; ##############.. 
1909+  3DEC FE          				.db			$fe											; ##############.. 
1910+  3DED FE          				.db			$fe											; ##############.. 
1911+  3DEE FE          				.db			$fe											; ##############.. 
1912+  3DEF 00          				.db			$00											; ................ 
1913+  3DF0             
1914+  3DF0             L3df0:
1915+  3DF0 00          				.db			$00											; ................ $be
1916+  3DF1 00          				.db			$00											; ................ 
1917+  3DF2 00          				.db			$00											; ................ 
1918+  3DF3 00          				.db			$00											; ................ 
1919+  3DF4 00          				.db			$00											; ................ 
1920+  3DF5 00          				.db			$00											; ................ 
1921+  3DF6 00          				.db			$00											; ................ 
1922+  3DF7 00          				.db			$00											; ................ 
1923+  3DF8             
1924+  3DF8             L3df8:
1925+  3DF8 00          				.db			$00											; ................ $bf
1926+  3DF9 00          				.db			$00											; ................ 
1927+  3DFA 00          				.db			$00											; ................ 
1928+  3DFB 00          				.db			$00											; ................ 
1929+  3DFC 00          				.db			$00											; ................ 
1930+  3DFD 00          				.db			$00											; ................ 
1931+  3DFE 00          				.db			$00											; ................ 
1932+  3DFF 00          				.db			$00											; ................ 
1933+  3E00             
1934+  3E00             L3e00:
1935+  3E00 00          				.db			$00											; ................ $c0
1936+  3E01 00          				.db			$00											; ................ 
1937+  3E02 00          				.db			$00											; ................ 
1938+  3E03 00          				.db			$00											; ................ 
1939+  3E04 00          				.db			$00											; ................ 
1940+  3E05 00          				.db			$00											; ................ 
1941+  3E06 00          				.db			$00											; ................ 
1942+  3E07 00          				.db			$00											; ................ 
1943+  3E08             
1944+  3E08             L3e08:
1945+  3E08 18          				.db			$18											; ......####...... $c1
1946+  3E09 24          				.db			$24											; ....##....##.... 
1947+  3E0A 24          				.db			$24											; ....##....##.... 
1948+  3E0B 18          				.db			$18											; ......####...... 
1949+  3E0C 2C          				.db			$2c											; ....##..####.... 
1950+  3E0D 76          				.db			$76											; ..######..####.. 
1951+  3E0E BD          				.db			$bd											; ##..########..## 
1952+  3E0F 81          				.db			$81											; ##............## 
1953+  3E10             
1954+  3E10             L3e10:
1955+  3E10 00          				.db			$00											; ................ $c2
1956+  3E11 00          				.db			$00											; ................ 
1957+  3E12 00          				.db			$00											; ................ 
1958+  3E13 00          				.db			$00											; ................ 
1959+  3E14 00          				.db			$00											; ................ 
1960+  3E15 00          				.db			$00											; ................ 
1961+  3E16 18          				.db			$18											; ......####...... 
1962+  3E17 24          				.db			$24											; ....##....##.... 
1963+  3E18             
1964+  3E18             L3e18:
1965+  3E18 24          				.db			$24											; ....##....##.... $c3
1966+  3E19 18          				.db			$18											; ......####...... 
1967+  3E1A 2C          				.db			$2c											; ....##..####.... 
1968+  3E1B 76          				.db			$76											; ..######..####.. 
1969+  3E1C BD          				.db			$bd											; ##..########..## 
1970+  3E1D 81          				.db			$81											; ##............## 
1971+  3E1E 00          				.db			$00											; ................ 
1972+  3E1F 00          				.db			$00											; ................ 
1973+  3E20             
1974+  3E20             L3e20:
1975+  3E20 00          				.db			$00											; ................ $c4
1976+  3E21 00          				.db			$00											; ................ 
1977+  3E22 00          				.db			$00											; ................ 
1978+  3E23 00          				.db			$00											; ................ 
1979+  3E24 18          				.db			$18											; ......####...... 
1980+  3E25 24          				.db			$24											; ....##....##.... 
1981+  3E26 24          				.db			$24											; ....##....##.... 
1982+  3E27 18          				.db			$18											; ......####...... 
1983+  3E28             
1984+  3E28             L3e28:
1985+  3E28 2C          				.db			$2c											; ....##..####.... $c5
1986+  3E29 76          				.db			$76											; ..######..####.. 
1987+  3E2A BD          				.db			$bd											; ##..########..## 
1988+  3E2B 81          				.db			$81											; ##............## 
1989+  3E2C 00          				.db			$00											; ................ 
1990+  3E2D 00          				.db			$00											; ................ 
1991+  3E2E 00          				.db			$00											; ................ 
1992+  3E2F 00          				.db			$00											; ................ 
1993+  3E30             
1994+  3E30             L3e30:
1995+  3E30 00          				.db			$00											; ................ $c6
1996+  3E31 00          				.db			$00											; ................ 
1997+  3E32 18          				.db			$18											; ......####...... 
1998+  3E33 24          				.db			$24											; ....##....##.... 
1999+  3E34 24          				.db			$24											; ....##....##.... 
2000+  3E35 18          				.db			$18											; ......####...... 
2001+  3E36 2C          				.db			$2c											; ....##..####.... 
2002+  3E37 76          				.db			$76											; ..######..####.. 
2003+  3E38             
2004+  3E38             L3e38:
2005+  3E38 BD          				.db			$bd											; ##..########..## $c7
2006+  3E39 81          				.db			$81											; ##............## 
2007+  3E3A 00          				.db			$00											; ................ 
2008+  3E3B 00          				.db			$00											; ................ 
2009+  3E3C 00          				.db			$00											; ................ 
2010+  3E3D 00          				.db			$00											; ................ 
2011+  3E3E 00          				.db			$00											; ................ 
2012+  3E3F 00          				.db			$00											; ................ 
2013+  3E40             
2014+  3E40             L3e40:
2015+  3E40 81          				.db			$81											; ##............## $c8
2016+  3E41 BD          				.db			$bd											; ##..########..## 
2017+  3E42 6E          				.db			$6e											; ..####..######.. 
2018+  3E43 34          				.db			$34											; ....####..##.... 
2019+  3E44 18          				.db			$18											; ......####...... 
2020+  3E45 24          				.db			$24											; ....##....##.... 
2021+  3E46 24          				.db			$24											; ....##....##.... 
2022+  3E47 18          				.db			$18											; ......####...... 
2023+  3E48             
2024+  3E48             L3e48:
2025+  3E48 00          				.db			$00											; ................ $c9
2026+  3E49 00          				.db			$00											; ................ 
2027+  3E4A 00          				.db			$00											; ................ 
2028+  3E4B 00          				.db			$00											; ................ 
2029+  3E4C 00          				.db			$00											; ................ 
2030+  3E4D 00          				.db			$00											; ................ 
2031+  3E4E 00          				.db			$00											; ................ 
2032+  3E4F 00          				.db			$00											; ................ 
2033+  3E50             
2034+  3E50             L3e50:
2035+  3E50 00          				.db			$00											; ................ $ca
2036+  3E51 00          				.db			$00											; ................ 
2037+  3E52 81          				.db			$81											; ##............## 
2038+  3E53 BD          				.db			$bd											; ##..########..## 
2039+  3E54 6E          				.db			$6e											; ..####..######.. 
2040+  3E55 34          				.db			$34											; ....####..##.... 
2041+  3E56 18          				.db			$18											; ......####...... 
2042+  3E57 24          				.db			$24											; ....##....##.... 
2043+  3E58             
2044+  3E58             L3e58:
2045+  3E58 24          				.db			$24											; ....##....##.... $cb
2046+  3E59 18          				.db			$18											; ......####...... 
2047+  3E5A 00          				.db			$00											; ................ 
2048+  3E5B 00          				.db			$00											; ................ 
2049+  3E5C 00          				.db			$00											; ................ 
2050+  3E5D 00          				.db			$00											; ................ 
2051+  3E5E 00          				.db			$00											; ................ 
2052+  3E5F 00          				.db			$00											; ................ 
2053+  3E60             
2054+  3E60             L3e60:
2055+  3E60 00          				.db			$00											; ................ $cc
2056+  3E61 00          				.db			$00											; ................ 
2057+  3E62 00          				.db			$00											; ................ 
2058+  3E63 00          				.db			$00											; ................ 
2059+  3E64 81          				.db			$81											; ##............## 
2060+  3E65 BD          				.db			$bd											; ##..########..## 
2061+  3E66 6E          				.db			$6e											; ..####..######.. 
2062+  3E67 34          				.db			$34											; ....####..##.... 
2063+  3E68             
2064+  3E68             L3e68:
2065+  3E68 18          				.db			$18											; ......####...... $cd
2066+  3E69 24          				.db			$24											; ....##....##.... 
2067+  3E6A 24          				.db			$24											; ....##....##.... 
2068+  3E6B 18          				.db			$18											; ......####...... 
2069+  3E6C 00          				.db			$00											; ................ 
2070+  3E6D 00          				.db			$00											; ................ 
2071+  3E6E 00          				.db			$00											; ................ 
2072+  3E6F 00          				.db			$00											; ................ 
2073+  3E70             
2074+  3E70             L3e70:
2075+  3E70 00          				.db			$00											; ................ $ce
2076+  3E71 00          				.db			$00											; ................ 
2077+  3E72 00          				.db			$00											; ................ 
2078+  3E73 00          				.db			$00											; ................ 
2079+  3E74 00          				.db			$00											; ................ 
2080+  3E75 00          				.db			$00											; ................ 
2081+  3E76 81          				.db			$81											; ##............## 
2082+  3E77 BD          				.db			$bd											; ##..########..## 
2083+  3E78             
2084+  3E78             L3e78:
2085+  3E78 6E          				.db			$6e											; ..####..######.. $cf
2086+  3E79 34          				.db			$34											; ....####..##.... 
2087+  3E7A 18          				.db			$18											; ......####...... 
2088+  3E7B 24          				.db			$24											; ....##....##.... 
2089+  3E7C 24          				.db			$24											; ....##....##.... 
2090+  3E7D 18          				.db			$18											; ......####...... 
2091+  3E7E 00          				.db			$00											; ................ 
2092+  3E7F 00          				.db			$00											; ................ 
2093+  3E80             
2094+  3E80             L3e80:
2095+  3E80 C0          				.db			$c0											; ####............ $d0
2096+  3E81 20          				.db			$20											; ....##.......... 
2097+  3E82 76          				.db			$76											; ..######..####.. 
2098+  3E83 69          				.db			$69											; ..####..##....## 
2099+  3E84 59          				.db			$59											; ..##..####....## 
2100+  3E85 76          				.db			$76											; ..######..####.. 
2101+  3E86 20          				.db			$20											; ....##.......... 
2102+  3E87 C0          				.db			$c0											; ####............ 
2103+  3E88             
2104+  3E88             L3e88:
2105+  3E88 00          				.db			$00											; ................ $d1
2106+  3E89 00          				.db			$00											; ................ 
2107+  3E8A 00          				.db			$00											; ................ 
2108+  3E8B 00          				.db			$00											; ................ 
2109+  3E8C 00          				.db			$00											; ................ 
2110+  3E8D 00          				.db			$00											; ................ 
2111+  3E8E 00          				.db			$00											; ................ 
2112+  3E8F 00          				.db			$00											; ................ 
2113+  3E90             
2114+  3E90             L3e90:
2115+  3E90 30          				.db			$30											; ....####........ $d2
2116+  3E91 08          				.db			$08											; ........##...... 
2117+  3E92 1D          				.db			$1d											; ......######..## 
2118+  3E93 1A          				.db			$1a											; ......####..##.. 
2119+  3E94 16          				.db			$16											; ......##..####.. 
2120+  3E95 1D          				.db			$1d											; ......######..## 
2121+  3E96 08          				.db			$08											; ........##...... 
2122+  3E97 30          				.db			$30											; ....####........ 
2123+  3E98             
2124+  3E98             L3e98:
2125+  3E98 00          				.db			$00											; ................ $d3
2126+  3E99 00          				.db			$00											; ................ 
2127+  3E9A 80          				.db			$80											; ##.............. 
2128+  3E9B 40          				.db			$40											; ..##............ 
2129+  3E9C 40          				.db			$40											; ..##............ 
2130+  3E9D 80          				.db			$80											; ##.............. 
2131+  3E9E 00          				.db			$00											; ................ 
2132+  3E9F 00          				.db			$00											; ................ 
2133+  3EA0             
2134+  3EA0             L3ea0:
2135+  3EA0 0C          				.db			$0c											; ........####.... $d4
2136+  3EA1 02          				.db			$02											; ............##.. 
2137+  3EA2 07          				.db			$07											; ..........###### 
2138+  3EA3 06          				.db			$06											; ..........####.. 
2139+  3EA4 05          				.db			$05											; ..........##..## 
2140+  3EA5 07          				.db			$07											; ..........###### 
2141+  3EA6 02          				.db			$02											; ............##.. 
2142+  3EA7 0C          				.db			$0c											; ........####.... 
2143+  3EA8             
2144+  3EA8             L3ea8:
2145+  3EA8 00          				.db			$00											; ................ $d5
2146+  3EA9 00          				.db			$00											; ................ 
2147+  3EAA 60          				.db			$60											; ..####.......... 
2148+  3EAB 90          				.db			$90											; ##....##........ 
2149+  3EAC 90          				.db			$90											; ##....##........ 
2150+  3EAD 60          				.db			$60											; ..####.......... 
2151+  3EAE 00          				.db			$00											; ................ 
2152+  3EAF 00          				.db			$00											; ................ 
2153+  3EB0             
2154+  3EB0             L3eb0:
2155+  3EB0 03          				.db			$03											; ............#### $d6
2156+  3EB1 00          				.db			$00											; ................ 
2157+  3EB2 01          				.db			$01											; ..............## 
2158+  3EB3 01          				.db			$01											; ..............## 
2159+  3EB4 01          				.db			$01											; ..............## 
2160+  3EB5 01          				.db			$01											; ..............## 
2161+  3EB6 00          				.db			$00											; ................ 
2162+  3EB7 03          				.db			$03											; ............#### 
2163+  3EB8             
2164+  3EB8             L3eb8:
2165+  3EB8 00          				.db			$00											; ................ $d7
2166+  3EB9 80          				.db			$80											; ##.............. 
2167+  3EBA D8          				.db			$d8											; ####..####...... 
2168+  3EBB A4          				.db			$a4											; ##..##....##.... 
2169+  3EBC 64          				.db			$64											; ..####....##.... 
2170+  3EBD D8          				.db			$d8											; ####..####...... 
2171+  3EBE 80          				.db			$80											; ##.............. 
2172+  3EBF 00          				.db			$00											; ................ 
2173+  3EC0             
2174+  3EC0             L3ec0:
2175+  3EC0 00          				.db			$00											; ................ $d8
2176+  3EC1 00          				.db			$00											; ................ 
2177+  3EC2 00          				.db			$00											; ................ 
2178+  3EC3 00          				.db			$00											; ................ 
2179+  3EC4 00          				.db			$00											; ................ 
2180+  3EC5 00          				.db			$00											; ................ 
2181+  3EC6 00          				.db			$00											; ................ 
2182+  3EC7 00          				.db			$00											; ................ 
2183+  3EC8             
2184+  3EC8             L3ec8:
2185+  3EC8 03          				.db			$03											; ............#### $d9
2186+  3EC9 04          				.db			$04											; ..........##.... 
2187+  3ECA 6E          				.db			$6e											; ..####..######.. 
2188+  3ECB 9A          				.db			$9a											; ##....####..##.. 
2189+  3ECC 96          				.db			$96											; ##....##..####.. 
2190+  3ECD 6E          				.db			$6e											; ..####..######.. 
2191+  3ECE 04          				.db			$04											; ..........##.... 
2192+  3ECF 03          				.db			$03											; ............#### 
2193+  3ED0             
2194+  3ED0             L3ed0:
2195+  3ED0 00          				.db			$00											; ................ $da
2196+  3ED1 00          				.db			$00											; ................ 
2197+  3ED2 01          				.db			$01											; ..............## 
2198+  3ED3 02          				.db			$02											; ............##.. 
2199+  3ED4 02          				.db			$02											; ............##.. 
2200+  3ED5 01          				.db			$01											; ..............## 
2201+  3ED6 00          				.db			$00											; ................ 
2202+  3ED7 00          				.db			$00											; ................ 
2203+  3ED8             
2204+  3ED8             L3ed8:
2205+  3ED8 0C          				.db			$0c											; ........####.... $db
2206+  3ED9 10          				.db			$10											; ......##........ 
2207+  3EDA B8          				.db			$b8											; ##..######...... 
2208+  3EDB 68          				.db			$68											; ..####..##...... 
2209+  3EDC 58          				.db			$58											; ..##..####...... 
2210+  3EDD B8          				.db			$b8											; ##..######...... 
2211+  3EDE 10          				.db			$10											; ......##........ 
2212+  3EDF 0C          				.db			$0c											; ........####.... 
2213+  3EE0             
2214+  3EE0             L3ee0:
2215+  3EE0 00          				.db			$00											; ................ $dc
2216+  3EE1 00          				.db			$00											; ................ 
2217+  3EE2 06          				.db			$06											; ..........####.. 
2218+  3EE3 09          				.db			$09											; ........##....## 
2219+  3EE4 09          				.db			$09											; ........##....## 
2220+  3EE5 06          				.db			$06											; ..........####.. 
2221+  3EE6 00          				.db			$00											; ................ 
2222+  3EE7 00          				.db			$00											; ................ 
2223+  3EE8             
2224+  3EE8             L3ee8:
2225+  3EE8 30          				.db			$30											; ....####........ $dd
2226+  3EE9 40          				.db			$40											; ..##............ 
2227+  3EEA E0          				.db			$e0											; ######.......... 
2228+  3EEB A0          				.db			$a0											; ##..##.......... 
2229+  3EEC 60          				.db			$60											; ..####.......... 
2230+  3EED E0          				.db			$e0											; ######.......... 
2231+  3EEE 40          				.db			$40											; ..##............ 
2232+  3EEF 30          				.db			$30											; ....####........ 
2233+  3EF0             
2234+  3EF0             L3ef0:
2235+  3EF0 00          				.db			$00											; ................ $de
2236+  3EF1 01          				.db			$01											; ..............## 
2237+  3EF2 1B          				.db			$1b											; ......####..#### 
2238+  3EF3 26          				.db			$26											; ....##....####.. 
2239+  3EF4 25          				.db			$25											; ....##....##..## 
2240+  3EF5 1B          				.db			$1b											; ......####..#### 
2241+  3EF6 01          				.db			$01											; ..............## 
2242+  3EF7 00          				.db			$00											; ................ 
2243+  3EF8             
2244+  3EF8             L3ef8:
2245+  3EF8 C0          				.db			$c0											; ####............ $df
2246+  3EF9 00          				.db			$00											; ................ 
2247+  3EFA 80          				.db			$80											; ##.............. 
2248+  3EFB 80          				.db			$80											; ##.............. 
2249+  3EFC 80          				.db			$80											; ##.............. 
2250+  3EFD 80          				.db			$80											; ##.............. 
2251+  3EFE 00          				.db			$00											; ................ 
2252+  3EFF C0          				.db			$c0											; ####............ 
2253+  3F00             
2254+  3F00             				.end
4683   3F00             
4684   3F00             				.org		$3f00
4685   3F00             
4686   3F00             				
4687   3F00             				;; Vectors
4688   3FF8             				.org		$3ff8
4689   3FF8 00 30       				.dw			LRESET									; ???   vector
4690   3FFA 00 30       				.dw			LRESET									; BRK   vector
4691   3FFC 00 30       				.dw			LRESET									; Reset vector
4692   3FFE BB 31       				.dw			LIRQ										; IRQ   vector
4693   4000             
4694   4000             				.end
tasm: Number of errors = 2
