0001   0000             				;; Variables from asm
0002   0000             				;; $0008-0009		= PRNG
0003   0000             				
0004   0000             				;; Constants
0005   0000             HSEC		= $1e										; 1/2 second = 30 IRQs
0006   0000             
0007   0000             				;; Memory loc
0008   0000             L0000		= $00										; Misc temp var
0009   0000             L0001		= $01										; Misc temp var
0010   0000             START		= $02										; UNUSED
0011   0000             L0003		= $03										; (2 bytes) Misc temp var
0012   0000             DELL		= $06										; (2 bytes) Delay counter (Was $16)
0013   0000             DELH		= $07										; (2 bytes) Delay counter	(Was $17)
0014   0000             PRNG		= $08										; (2 bytes) PRNG
0015   0000             DEADSPR	= $0a										; Sprite for crash sequence
0016   0000             				
0017   0000             ARRTMP	= $0b										; (7 bytes) arrow temp location   ($0b to $12)
0018   0000             ATPRNT	= $0b										; +0 Arrow PRNG val
0019   0000             ATDIR		= $0c										; +1 Arrow dir
0020   0000             ATFLAG	= $0d										; +2 Arrow flags
0021   0000             ATNUM		= $0e										; +3 Arrow num
0022   0000             ATXXX		= $0f										; +4 ??
0023   0000             ATXPOS	=	$10										; +5 Arrow X
0024   0000             ATYPOS	=	$11										; +6 Arrow Y
0025   0000             				
0026   0000             STRLOC	= $14										; (2 bytes) String source data (was $14, $18)
0027   0000             SCRLOC	= $10										; (2 bytes) Screen loc to draw string
0028   0000             
0029   0000             TIMERA	= $12										; VBlank IRQ countdown timer
0030   0000             				
0031   0000             SPRVAL	= $1a										; Local MOBLAT st
0032   0000             SPR1H		= $1c										; Written to MOB1H during IRQ
0033   0000             SPR1V		= $1d										; Written to MOB1V during IRQ
0034   0000             ADDS1H	= $1e										; MOB1 H "speed"
0035   0000             ADDS1V	= $1f										; MOB1 V "speed"
0036   0000             SPR2H		= $22										; Written to MOB2H during IRQ
0037   0000             SPR2V		= $23										; Written to MOB2V during IRQ
0038   0000             ADDS2H	= $24										; MOB2 H "speed"
0039   0000             ADDS2V	= $25										; MOB2 V "speed"
0040   0000             L002e		= $2e										; Set to #$00, never read
0041   0000             L002f		= $2f										; Set to #$0a only
0042   0000             L0030		= $30										; ??
0043   0000             ARRPTR	= $32										; (2 bytes) Pointer to arrow
0044   0000             CURIN0	= $34										; Validated control inputs
0045   0000             OLDIN0	= $35										; Last $34 (not really used)
0046   0000             OOLDIN0	= $36										; Last $35 (not really used)
0047   0000             L003c		= $3c										; Unused
0048   0000             L0041		= $41										; (3/15 bytes) temp storage
0049   0000             ARRTBL	= $50										; Arrow control table ($07 bytes * $0a arrows == $50-96)
0050   0000             				;; +0		= $00-$0f from PRNG
0051   0000             				;; +1		= Direction ($00/08/10/18 = U, D, R, L)
0052   0000             				;; +2		= $a0 if last arrow, $00 if not?
0053   0000             				;; +3		= Initially arrow #?
0054   0000             				;; +4		= $1f initially
0055   0000             				;; +5-6	= Screen position
0056   0000             				
0057   0000             SPECLOC	= $9b										; (2 bytes) location of special target
0058   0000             HCOIN		= $a0										; Half coins
0059   0000             CREDIT	= $a1										; Credits
0060   0000             VAUD1		= $a3										; AUDIO1 value store
0061   0000             STATUS	= $a7										; D<1:> = P# for HS
0062   0000             SCOREH	= $ae										; (2 bytes) High score
0063   0000             				;; $00b0				= shots at special
0064   0000             ARROWS	= $b1
0065   0000             				;; $00b2				= Smart move code?
0066   0000             				;; $00b3				= Flash counter
0067   0000             				;; $00b4-00b5		= Flash screen location
0068   0000             				;; $00b6				= Car base timer
0069   0000             				;; $00b7				= Car "calender"?7
0070   0000             				;; $00b8				= Special object counter
0071   0000             				;; $00b9-00ba		= Flashing image
0072   0000             				;; $00bc				= Type of points to award
0073   0000             SCOREP	= $bd										; (2 bytes) Player score
0074   0000             PNUM		= $bf										; 1=P1, 2=P2
0075   0000             NUMP		= $c0										; # Players
0076   0000             LIVES		= $c1										; LIves left
0077   0000             				;; $00c2				= Bullet "calendar"?
0078   0000             				;; $00c3				= Points per arrow
0079   0000             				;; $00d0-00d1		= P1/2 Score lo
0080   0000             				;; $00d2-00d3		= P1/2 Score hi
0081   0000             				;; $00d4-00d5		= P1/2 Active arrows
0082   0000             				;; $00d6-00d7		= P1/2 Lives left
0083   0000             				;; $00d8-00d9		= P1/2 shots at special target
0084   0000             				;; $00da-00db		= P1/2 Points per arrow
0085   0000             				;; $00dc-00dd		= Level?
0086   0000             				;; $00de-00df		= P1/2 ??
0087   0000             
0088   0000             				;; $00e0-00ff		= Apparently unused
0089   0000             
0090   0000             
0091   0000             				;; $0300				= Counter to validate coins
0092   0000             				;; $0301				= Valid coin
0093   0000             
0094   0000             MOB1H		= $5000
0095   0000             MOB1V		= $5040
0096   0000             MOB2H		= $5080
0097   0000             MOB2V		= $50c0
0098   0000             MOBLAT	= $5100
0099   0000             
0100   0000             DSW			= $5100													; DIP switches
0101   0000             IN0			= $5101													; Inputs
0102   0000             IN0B		= $5105													; Mirror of above 
0103   0000             AUDIO1	= $5200
0104   0000             AUDIO2	= $5201
0105   0000             
0106   0000             
0107   0000             				.org		$0000
0108   0000 FF          				.db			$ff
0109   0001             
0110   1800             				.org		$1800
0111   1800             L1800:
0112   1800 20 0F 2C    				jsr			L2f0c								; Copy player data to PX
0113   1803 4C 0F 18    				jmp			L180f
0114   1806             
0115   1806             L1806:
0116   1806 20 0D 2C    				jsr			L2f0a								; Copy player data to P2
0117   1809 4C 0F 18    				jmp			L180f
0118   180C             
0119   180C             L180c:
0120   180C 20 08 2C    				jsr			L2f05								; Copy player data to P1
0121   180F             L180f:
0122   180F A5 28       				lda			$28									; ??
0123   1811 95 DE       				sta			$de, x
0124   1813 60          				rts
0125   1814             
0126   1814             L1814:
0127   1814 20 EF 2B    				jsr			L2eec								; Copy PX store to player data
0128   1817 4C 23 18    				jmp			L1823
0129   181A             
0130   181A             L181a:
0131   181A 20 ED 2B    				jsr			L2eea								; Copy P2 store to player data
0132   181D 4C 23 18    				jmp			L1823
0133   1820             
0134   1820             L1820:
0135   1820 20 E8 2B    				jsr			L2ee5								; Copy P1 store to player data
0136   1823             L1823:
0137   1823 B5 DE       				lda			$de, x
0138   1825 85 28       				sta			$28									; ??
0139   1827 60          				rts
0140   1828             
0141   1828             L1828:
0142   1828 20 32 18    				jsr			L1832
0143   182B 20 47 18    				jsr			L1847
0144   182E 20 F9 21    				jsr			L2371
0145   1831 60          				rts
0146   1832             L1832:
0147   1832 C6 A4       				dec			$a4
0148   1834 30 07       				bmi			L183d
0149   1836 EA          				nop
0150   1837 A9 02       				lda			#$02
0151   1839 20 57 22    				jsr			L23cf										; Set AUDIO1 bits 
0152   183C 60          				rts
0153   183D             L183d:
0154   183D A9 FD       				lda			#$fd
0155   183F 20 52 22    				jsr			L23ca
0156   1842 A9 00       				lda			#$00
0157   1844 85 A4       				sta			$a4
0158   1846 60          				rts
0159   1847             L1847:
0160   1847 C6 A5       				dec			$a5
0161   1849 30 02       				bmi			L184d
0162   184B EA          				nop
0163   184C 60          				rts
0164   184D             L184d:
0165   184D 38          				sec
0166   184E A9 14       				lda			#$14
0167   1850 E5 B7       				sbc			$b7
0168   1852 85 A5       				sta			$a5
0169   1854 A5 A6       				lda			$a6
0170   1856 29 01       				and			#$01
0171   1858 C9 01       				cmp			#$01
0172   185A D0 19       				bne			L1875
0173   185C EA          				nop
0174   185D A9 00       				lda			#$00
0175   185F             L185f:
0176   185F 85 A6       				sta			$a6
0177   1861 A5 B1       				lda			ARROWS
0178   1863 C9 03       				cmp			#$03
0179   1865 F0 13       				beq			L187a
0180   1867 EA          				nop
0181   1868 C9 01       				cmp			#$01
0182   186A F0 0E       				beq			L187a
0183   186C EA          				nop
0184   186D A5 A6       				lda			$a6
0185   186F 09 02       				ora			#$02
0186   1871 8D 01 52    				sta			AUDIO2
0187   1874 60          				rts
0188   1875             L1875:
0189   1875 A9 01       				lda			#$01
0190   1877 4C 5F 18    				jmp			L185f
0191   187A             L187a:
0192   187A A5 A6       				lda			$a6
0193   187C 8D 01 52    				sta			AUDIO2
0194   187F 60          				rts
0195   1880             
0196   1880             L1880:
0197   1880 A9 3D       				lda			#$3d
0198   1882 85 03       				sta			$03
0199   1884             
0200   1884             				;; ($10-11) = $4048
0201   1884             L1884:
0202   1884             				;; Start location = $4045
0203   1884             				;; Width = 4*4+3*2 = 22 
0204   1884 A9 45       				lda			#$45
0205   1886 85 10       				sta			SCRLOC
0206   1888 A9 40       				lda			#$40
0207   188A 85 11       				sta			SCRLOC+1
0208   188C             
0209   188C A5 BF       				lda			PNUM										; Player # (2/1)
0210   188E 4A          				lsr			a												; (1/0)
0211   188F AA          				tax															; (1/0)
0212   1890 B5 DC       				lda			$dc, x									; Level / bonus #
0213   1892 AA          				tax
0214   1893 BD 75 1E    				lda			L1fde, x								; Index into table by level
0215   1896 AA          				tax
0216   1897 20 A2 18    				jsr			L18a2										; Draw big # 
0217   189A 20 A0 18    				jsr			L18a0										; Draw big 0 
0218   189D 20 A0 18    				jsr			L18a0										; Draw big 0 
0219   18A0             
0220   18A0             				;; Draw big 0
0221   18A0             L18a0:
0222   18A0 A2 00       				ldx			#$00
0223   18A2             L18a2:
0224   18A2 BC F7 1D    				ldy			LBIG0, x								; Table
0225   18A5 C0 FF       				cpy			#$ff										; $ff ends table 
0226   18A7 F0 09       				beq			L18b2										; Exit loop
0227   18A9 EA          				nop
0228   18AA             
0229   18AA A5 03       				lda			$03
0230   18AC 91 10       				sta			(SCRLOC), y
0231   18AE E8          				inx
0232   18AF 4C A2 18    				jmp			L18a2										; Loop
0233   18B2             
0234   18B2             L18b2:
0235   18B2 18          				clc
0236   18B3 A5 10       				lda			SCRLOC
0237   18B5 69 06       				adc			#$06										; Space to next # 
0238   18B7 85 10       				sta			SCRLOC
0239   18B9 60          				rts
0240   18BA             
0241   18BA             
0242   18BA             				;; Draw coinage
0243   18BA             L18ba:
0244   18BA 2C 00 51    				bit			$5100										; DIPs
0245   18BD 30 08       				bmi			L18c6										; (Quarters) 
0246   18BF EA          				nop
0247   18C0             
0248   18C0             				;; Free play
0249   18C0~            .if 0
0250   18C0~            				jsr			L1dcf										; Pence (Make this free play?)
0251   18C0~            				jmp			L18c9
0252   18C0             .endif
0253   18C0 A9 17       				lda			#$17										; FREE PLAY
0254   18C2 20 70 21    				jsr			DRAWSTRA
0255   18C5 F0 03       				beq			L18c9										; (Always)
0256   18C7             
0257   18C7             L18c6:
0258   18C7 20 DC 28    				jsr			L2b7c										; Quarters
0259   18CA             L18c9:
0260   18CA 20 ED 18    				jsr			L18e2
0261   18CD             
0262   18CD             				;; Inined function
0263   18CD             ;				jsr			L18f9										; Draw TOP_HIGH_SCORE
0264   18CD A5 A7       				lda			STATUS
0265   18CF 09 10       				ora			#$10										; Set bit 5
0266   18D1 85 A7       				sta			STATUS
0267   18D3 A9 00       				lda			#$00										; "TOP HIGH SCORE..."
0268   18D5 20 70 21    				jsr			DRAWSTRA								; Draw string and return
0269   18D8             
0270   18D8 20 C4 28    				jsr			L2b4f										; Draw DEPOSIT_COIN
0271   18DB 20 13 29    				jsr			L2bea										; Draw CREDITS_##
0272   18DE 20 BF 28    				jsr			L2b37
0273   18E1 20 72 22    				jsr			L2408
0274   18E4 20 3C 28    				jsr			L2a3b										; Draw player scores
0275   18E7             ;				jsr			L23ea										; Draw 10 POINTS 
0276   18E7 A9 0B       				lda			#$0b										; 10 POINTS 
0277   18E9 4C 70 21    				jmp			DRAWSTRA								; Draw string (and return)
0278   18EC 60          				rts
0279   18ED             
0280   18ED             	
0281   18ED             				;; Draw STR06
0282   18ED             L18e2:
0283   18ED A9 06       				lda			#$06										; HI SCR
0284   18EF 20 70 21    				jsr			DRAWSTRA
0285   18F2             				
0286   18F2~            .if 0
0287   18F2~            				ldy			#$05
0288   18F2~            L18e4:
0289   18F2~            				lda			L1f3e, y								; HI_SCR
0290   18F2~            				sta			$402b, y								; Screen loc
0291   18F2~            				dey
0292   18F2~            				bpl			L18e4
0293   18F2             .endif
0294   18F2             
0295   18F2 A5 AE       				lda			SCOREH									; High score lo
0296   18F4 85 03       				sta			$03
0297   18F6 A5 AF       				lda			SCOREH+1								; High score hi
0298   18F8 A2 11       				ldx			#$11										; Location 
0299   18FA 20 61 28    				jsr			L2a60										; Draw 2 byte score from a, $03
0300   18FD 60          				rts
0301   18FE             
0302   18FE~            .if 0
0303   18FE~            L18f9:
0304   18FE~            				lda			STATUS
0305   18FE~            				ora			#$10										; Set bit 5
0306   18FE~            				sta			STATUS
0307   18FE~            
0308   18FE~            				;; Draw STR00
0309   18FE~            				lda			#$00										; "TOP HIGH SCORE..."
0310   18FE~            				jmp			DRAWSTRA								; Draw string and return
0311   18FE~            
0312   18FE~            				;; Set ($10-11) to $40c2
0313   18FE~            				lda			#$c2
0314   18FE~            				sta			SCRLOC
0315   18FE~            				lda			#$40
0316   18FE~            				sta			SCRLOC+1
0317   18FE~            
0318   18FE~            				;; Set ($14-15) to $1e54
0319   18FE~            				ldy			#$00
0320   18FE~            				lda			L1f46, y
0321   18FE~            				sta			STRLOC
0322   18FE~            				iny
0323   18FE~            				lda			L1f46, y
0324   18FE~            				sta			STRLOC+1
0325   18FE~            
0326   18FE~            				jsr			DRAWSTR									; Draw string
0327   18FE~            
0328   18FE~            				rts
0329   18FE             .endif
0330   18FE             
0331   18FE             				;; GAME OVER
0332   18FE             L1918:
0333   18FE 20 C8 21    				jsr			L2340										; Clear screen
0334   1901             
0335   1901             				;; Draw STR07
0336   1901 A9 07       				lda			#$07										; END OF GAME
0337   1903 20 70 21    				jsr			DRAWSTRA
0338   1906             
0339   1906~            .if 0
0340   1906~            				;; Set ($10-11) to $420c
0341   1906~            				lda			#$0c
0342   1906~            				sta			SCRLOC
0343   1906~            				lda			#$42
0344   1906~            				sta			SCRLOC+1
0345   1906~            
0346   1906~            				;; Set ($14-15) to $27c7 = END_OF_GAME
0347   1906~            				ldy			#$00
0348   1906~            				lda			L1f44, y
0349   1906~            				sta			STRLOC
0350   1906~            				iny
0351   1906~            				lda			L1f44, y
0352   1906~            				sta			STRLOC+1
0353   1906~            
0354   1906~            				jsr			DRAWSTR									; Draw string
0355   1906             .endif
0356   1906             
0357   1906             DEL168:	
0358   1906 20 0E 22    				jsr			L2386										; Delay 84 frames  
0359   1909 20 0E 22    				jsr			L2386										; Delay 84 frames
0360   190C 60          				rts
0361   190D             
0362   190D~            .if 0
0363   190D~            				lda			#$a8
0364   190D~            
0365   190D~            DELAY:
0366   190D~            				sta			TIMERA
0367   190D~            
0368   190D~            				;; Spin until TIMERA==0
0369   190D~            DLOOP:
0370   190D~            				lda			TIMERA
0371   190D~            				bne			DLOOP
0372   190D~            				rts
0373   190D             .endif
0374   190D             
0375   190D             				;; Decrement credits
0376   190D             L193a:
0377   190D A5 A1       				lda			CREDIT									; Credits
0378   190F D0 03       				bne			L1941
0379   1911 EA          				nop
0380   1912 38          				sec															; Carry = no credits
0381   1913 60          				rts
0382   1914             
0383   1914             L1941:
0384   1914 F8          				sed															; Decimal mode
0385   1915 38          				sec															; Clear borrow
0386   1916 E9 01       				sbc			#$01										; Decrement
0387   1918 85 A1       				sta			CREDIT									; Credits
0388   191A D8          				cld															; Clear decimal
0389   191B 20 13 29    				jsr			L2bea										; Draw CREDITS_##
0390   191E 18          				clc															; No carry = credits
0391   191F 60          				rts
0392   1920             
0393   1920             
0394   1920             L194d:
0395   1920 20 44 19    				jsr			L1971
0396   1923             
0397   1923 A2 01       				ldx			#$01										; P1 offset
0398   1925 A5 BF       				lda			PNUM										; Current player
0399   1927 C9 01       				cmp			#$01
0400   1929 F0 03       				beq			L195b										; Is P1
0401   192B EA          				nop
0402   192C             
0403   192C A2 1A       				ldx			#$1a										; P2 offset
0404   192E             L195b:
0405   192E A9 00       				lda			#$00
0406   1930             
0407   1930 20 53 28    				jsr			L2a52										; Add a to current player score
0408   1933 A5 2F       				lda			$2f
0409   1935 85 B1       				sta			ARROWS
0410   1937 20 33 29    				jsr			L2c2b										; Initial arrow config
0411   193A C6 28       				dec			$28
0412   193C 10 05       				bpl			L1970
0413   193E EA          				nop
0414   193F             
0415   193F A9 00       				lda			#$00										; Don'y dec below 0 
0416   1941 85 28       				sta			$28
0417   1943             L1970:
0418   1943 60          				rts
0419   1944             
0420   1944             
0421   1944             L1971:
0422   1944 20 4E 19    				jsr			L197b
0423   1947 20 3C 28    				jsr			L2a3b										; Draw player scores
0424   194A 20 7E 28    				jsr			L2a7d
0425   194D 60          				rts
0426   194E             
0427   194E             L197b:
0428   194E 20 33 29    				jsr			L2c2b										; Initial arrow config
0429   1951 A9 00       				lda			#$00
0430   1953 85 1D       				sta			SPR1V
0431   1955 85 30       				sta			$30
0432   1957 85 3E       				sta			$3e
0433   1959 85 1F       				sta			$1f
0434   195B 85 31       				sta			$31
0435   195D 85 B3       				sta			$b3
0436   195F 85 B8       				sta			$b8
0437   1961 85 BC       				sta			$bc
0438   1963 A9 08       				lda			#$08 
0439   1965 85 1C       				sta			SPR1H
0440   1967 A9 F3       				lda			#$f3
0441   1969 85 1A       				sta			SPRVAL
0442   196B 20 AF 22    				jsr			L246d										; Update MOBLAT 
0443   196E A9 01       				lda			#$01
0444   1970 85 1E       				sta			$1e
0445   1972 20 AD 2B    				jsr			L2eaa
0446   1975 A9 06       				lda			#$06
0447   1977 85 B6       				sta			$b6
0448   1979 85 B7       				sta			$b7
0449   197B A9 03       				lda			#$03
0450   197D 85 20       				sta			$20
0451   197F 85 21       				sta			$21
0452   1981 A9 80       				lda			#$80
0453   1983 85 B9       				sta			$b9
0454   1985 20 C8 21    				jsr			L2340										; Clear screen
0455   1988 20 13 29    				jsr			L2bea										; Draw CREDITS_##
0456   198B 20 FE 24    				jsr			L26c8
0457   198E A9 0A       				lda			#$0a										; # Arrows 
0458   1990 85 2F       				sta			$2f											; Set
0459   1992 A9 04       				lda			#$04
0460   1994 85 B0       				sta			$b0
0461   1996 60          				rts
0462   1997             L19c4:
0463   1997 A5 BC       				lda			$bc
0464   1999 D0 02       				bne			L19ca
0465   199B EA          				nop
0466   199C 60          				rts
0467   199D             L19ca:
0468   199D A6 BF       				ldx			PNUM
0469   199F F0 3F       				beq			L1a0d
0470   19A1 EA          				nop
0471   19A2 E0 01       				cpx			#$01
0472   19A4 F0 06       				beq			L19d9
0473   19A6 EA          				nop
0474   19A7 A2 1A       				ldx			#$1a										; P2 location 
0475   19A9 4C AE 19    				jmp			L19db
0476   19AC             
0477   19AC             L19d9:
0478   19AC A2 01       				ldx			#$01										; P1 location
0479   19AE             
0480   19AE             L19db:
0481   19AE A5 BC       				lda			$bc
0482   19B0 30 06       				bmi			L19e5
0483   19B2 EA          				nop
0484   19B3             
0485   19B3 A5 C3       				lda			$c3
0486   19B5 4C C2 19    				jmp			L19ef
0487   19B8             
0488   19B8             L19e5:
0489   19B8 A9 60       				lda			#$60
0490   19BA 20 57 22    				jsr			L23cf										; Set AUDIO1 bits 
0491   19BD E6 A8       				inc			$a8
0492   19BF 20 E5 19    				jsr			L1a12										; Special target shot 
0493   19C2             
0494   19C2             L19ef:
0495   19C2 20 53 28    				jsr			L2a52										; Add a to current player score
0496   19C5 E0 18       				cpx			#$18
0497   19C7 B0 08       				bcs			L19fe
0498   19C9 EA          				nop
0499   19CA             
0500   19CA A2 1A       				ldx			#$1a										; Offset +$18
0501   19CC A0 01       				ldy			#$01										; Player 2
0502   19CE 4C D5 19    				jmp			L1a02
0503   19D1             
0504   19D1             L19fe:
0505   19D1 A0 00       				ldy			#$00										; Player 1
0506   19D3 A2 01       				ldx			#$01										; Location +00
0507   19D5             L1a02:
0508   19D5 B9 D0 00    				lda			$00d0, y								; Score lo
0509   19D8 85 03       				sta			$03
0510   19DA B9 D2 00    				lda			$00d2, y								; Score hi
0511   19DD 20 61 28    				jsr			L2a60										; Draw 2 byte score from a, $03
0512   19E0             
0513   19E0             L1a0d:
0514   19E0 A9 00       				lda			#$00
0515   19E2 85 BC       				sta			$bc
0516   19E4 60          				rts
0517   19E5             
0518   19E5             
0519   19E5             				;; Special target shot
0520   19E5             L1a12:
0521   19E5 86 01       				stx			$01
0522   19E7 A5 B1       				lda			ARROWS									; # active arrows
0523   19E9 D0 07       				bne			L1a1f
0524   19EB EA          				nop
0525   19EC             
0526   19EC A5 A7       				lda			STATUS
0527   19EE 09 10       				ora			#$10										; Set bit 5
0528   19F0 85 A7       				sta			STATUS
0529   19F2             
0530   19F2             L1a1f:
0531   19F2 A9 00       				lda			#$00
0532   19F4 8D 01 52    				sta			AUDIO2
0533   19F7 20 2C 22    				jsr			L23a4										; Kick PRNG
0534   19FA 29 03       				and			#$03
0535   19FC AA          				tax
0536   19FD BD 83 1E    				lda			L1fec, x								; Table (01 02 03 05)
0537   1A00 AA          				tax
0538   1A01 A0 00       				ldy			#$00
0539   1A03             ;				sta			$00											; Stash score
0540   1A03             
0541   1A03             				;; Copy 3 PF bytes to storage, draw score
0542   1A03 B1 9B       				lda			($9b), y
0543   1A05 99 41 00    				sta			$0041, y
0544   1A08             ;				lda			$00											; Get score
0545   1A08 8A          				txa
0546   1A09 09 30       				ora			#$30										; BCD to char 
0547   1A0B 91 9B       				sta			($9b), y								; Score 100s
0548   1A0D C8          				iny
0549   1A0E B1 9B       				lda			($9b), y
0550   1A10 99 41 00    				sta			$0041, y
0551   1A13 C8          				iny
0552   1A14 B1 9B       				lda			($9b), y
0553   1A16 99 41 00    				sta			$0041, y
0554   1A19 88          				dey
0555   1A1A A9 30       				lda			#$30										; '0'
0556   1A1C 91 9B       				sta			($9b), y								; Add 0
0557   1A1E C8          				iny
0558   1A1F 91 9B       				sta			($9b), y								; Add 0
0559   1A21 8A          				txa															; Score back to a 
0560   1A22 0A          				asl			a												; x<<1
0561   1A23 0A          				asl			a												; x<<2
0562   1A24 0A          				asl			a												; x<<3
0563   1A25 0A          				asl			a												; x<<4 (x10 BCD)
0564   1A26             ;				sta			$00											; Stash score
0565   1A26 AA          				tax
0566   1A27             ;				ldx			$01											; Needed for score darw, moved
0567   1A27 20 11 22    				jsr			L2389										; Delay 42 frames  
0568   1A2A 20 14 22    				jsr			L238c										; Delay 21 frames
0569   1A2D             
0570   1A2D             				;; Copy PF chars back
0571   1A2D A0 00       				ldy			#$00
0572   1A2F 20 3C 1A    				jsr			L1a6e
0573   1A32 20 3C 1A    				jsr			L1a6e
0574   1A35 20 3C 1A    				jsr			L1a6e
0575   1A38             ;				lda			$00											; Get score
0576   1A38 8A          				txa
0577   1A39 A6 01       				ldx			$01											; Needed for score draw?!
0578   1A3B 60          				rts
0579   1A3C             
0580   1A3C             L1a6e:
0581   1A3C B9 41 00    				lda			$0041, y
0582   1A3F 91 9B       				sta			($9b), y
0583   1A41 C8          				iny
0584   1A42 60          				rts
0585   1A43             
0586   1A43             L1a75:
0587   1A43 C6 B6       				dec			$b6
0588   1A45 D0 3F       				bne			L1ab8
0589   1A47 EA          				nop
0590   1A48             
0591   1A48 A9 05       				lda			#$05
0592   1A4A 85 B6       				sta			$b6
0593   1A4C A5 20       				lda			$20
0594   1A4E 10 22       				bpl			L1aa4
0595   1A50 EA          				nop
0596   1A51             
0597   1A51 E6 B7       				inc			$b7
0598   1A53 A5 B7       				lda			$b7
0599   1A55 C9 0F       				cmp			#$0f
0600   1A57 90 08       				bcc			L1a93
0601   1A59 EA          				nop
0602   1A5A             
0603   1A5A A9 0E       				lda			#$0e
0604   1A5C 85 B7       				sta			$b7
0605   1A5E 4C 86 1A    				jmp			L1ab8
0606   1A61             
0607   1A61             L1a93:
0608   1A61 AA          				tax
0609   1A62 BD 87 1E    				lda			L1ff0, x
0610   1A65 85 00       				sta			$00
0611   1A67 A5 20       				lda			$20
0612   1A69 29 C0       				and			#$c0										; Clear D5-0
0613   1A6B 05 00       				ora			$00
0614   1A6D 85 20       				sta			$20
0615   1A6F 4C 86 1A    				jmp			L1ab8
0616   1A72             
0617   1A72             L1aa4:
0618   1A72 A5 20       				lda			$20
0619   1A74 29 40       				and			#$40
0620   1A76 F0 0E       				beq			L1ab8
0621   1A78 EA          				nop
0622   1A79             
0623   1A79 C6 B7       				dec			$b7
0624   1A7B A5 B7       				lda			$b7
0625   1A7D 10 E2       				bpl			L1a93
0626   1A7F             
0627   1A7F A9 00       				lda			#$00
0628   1A81 85 B7       				sta			$b7
0629   1A83 4C 61 1A    				jmp			L1a93
0630   1A86             
0631   1A86             L1ab8:
0632   1A86 C6 21       				dec			$21
0633   1A88 D0 18       				bne			L1ad4										; --> $2d9d  
0634   1A8A EA          				nop
0635   1A8B             
0636   1A8B 20 FD 20    				jsr			L226a
0637   1A8E A0 00       				ldy			#$00
0638   1A90 B1 2A       				lda			($2a), y
0639   1A92 C9 20       				cmp			#$20
0640   1A94 F0 09       				beq			L1ad1										; --> $2d94 
0641   1A96 EA          				nop
0642   1A97             
0643   1A97 C9 21       				cmp			#$21
0644   1A99 F0 04       				beq			L1ad1										; --> $2d94 
0645   1A9B EA          				nop
0646   1A9C             
0647   1A9C             				;; Moved in-line
0648   1A9C 4C 69 3F    				jmp			L3f69										; Moved 
0649   1A9F             
0650   1A9F             L1ad1:
0651   1A9F 4C 97 2A    				jmp			L2d94
0652   1AA2             
0653   1AA2             L1ad4:
0654   1AA2 4C A0 2A    				jmp			L2d9d
0655   1AA5             
0656   1AA5             
0657   1AA5             
0658   1AA5             L1ad7:
0659   1AA5 A9 91       				lda			#$91
0660   1AA7 20 D0 1A    				jsr			L1b02
0661   1AAA             
0662   1AAA             				;; Short delay
0663   1AAA AE 16 03    				ldx			$0316
0664   1AAD             L1adf:
0665   1AAD CA          				dex
0666   1AAE EA          				nop
0667   1AAF EA          				nop
0668   1AB0 D0 FB       				bne			L1adf										; Loop?
0669   1AB2 EA          				nop
0670   1AB3             
0671   1AB3 A9 9E       				lda			#$9e
0672   1AB5 20 D5 1A    				jsr			L1b07
0673   1AB8             
0674   1AB8             				;; Short delay
0675   1AB8 AE 16 03    				ldx			$0316
0676   1ABB             L1aed:
0677   1ABB CA          				dex
0678   1ABC EA          				nop
0679   1ABD EA          				nop
0680   1ABE D0 FB       				bne			L1aed										; Loop?
0681   1AC0             
0682   1AC0 C6 A9       				dec			$a9
0683   1AC2 D0 06       				bne			L1afc										; Loop
0684   1AC4 EA          				nop
0685   1AC5             
0686   1AC5 C6 AA       				dec			$aa
0687   1AC7 D0 DC       				bne			L1ad7										; Loop
0688   1AC9 60          				rts
0689   1ACA             
0690   1ACA             L1afc:
0691   1ACA F0 00       				beq			L1afe										; Does nothing 
0692   1ACC             
0693   1ACC             L1afe:
0694   1ACC F0 00       				beq			L1b00										; Does nothing 
0695   1ACE             
0696   1ACE             L1b00:
0697   1ACE D0 D5       				bne			L1ad7
0698   1AD0             
0699   1AD0             L1b02:
0700   1AD0 05 AB       				ora			$ab											; 
0701   1AD2 D0 03       				bne			L1b09
0702   1AD4 EA          				nop
0703   1AD5             
0704   1AD5             L1b07:
0705   1AD5 25 AB       				and			$ab
0706   1AD7             
0707   1AD7             L1b09:
0708   1AD7 85 AB       				sta			$ab
0709   1AD9 09 90       				ora			#$90										; Set D7,4 
0710   1ADB 29 F1       				and			#$f1										; Clear D3-1 
0711   1ADD 8D 00 52    				sta			AUDIO1
0712   1AE0 60          				rts
0713   1AE1             
0714   1AE1             
0715   1AE1             				;; y = $00 or $12
0716   1AE1             L1b13:
0717   1AE1 B9 A7 1B    				lda			L1bd9, y
0718   1AE4 8D 10 03    				sta			$0310
0719   1AE7 C8          				iny
0720   1AE8 A9 00       				lda			#$00
0721   1AEA 8D 01 52    				sta			AUDIO2
0722   1AED             L1b1f:
0723   1AED B9 A7 1B    				lda			L1bd9, y
0724   1AF0 29 E0       				and			#$e0										; Mask high 3 bits
0725   1AF2 4A          				lsr			a												; a>>1
0726   1AF3 4A          				lsr			a												; a>>2
0727   1AF4 4A          				lsr			a												; a>>3
0728   1AF5 4A          				lsr			a												; a>>4
0729   1AF6 4A          				lsr			a												; a>>5
0730   1AF7 85 AC       				sta			$ac
0731   1AF9             L1b2b:
0732   1AF9 B9 A7 1B    				lda			L1bd9, y
0733   1AFC F0 3B       				beq			L1b6b
0734   1AFE EA          				nop
0735   1AFF             
0736   1AFF C9 01       				cmp			#$01
0737   1B01 F0 31       				beq			L1b66
0738   1B03 EA          				nop
0739   1B04             
0740   1B04 C9 FF       				cmp			#$ff
0741   1B06 F0 57       				beq			L1b91
0742   1B08 EA          				nop
0743   1B09             
0744   1B09 29 1F       				and			#$1f										; Mask low 5 bits
0745   1B0B AA          				tax
0746   1B0C BD 65 1B    				lda			L1b97, x
0747   1B0F 8D 16 03    				sta			$0316
0748   1B12 AD 10 03    				lda			$0310
0749   1B15 F0 08       				beq			L1b51
0750   1B17 EA          				nop
0751   1B18             
0752   1B18 BD 86 1B    				lda			L1bb8, x
0753   1B1B 4A          				lsr			a
0754   1B1C 4C 22 1B    				jmp			L1b54
0755   1B1F             L1b51:
0756   1B1F BD 86 1B    				lda			L1bb8, x
0757   1B22             L1b54:
0758   1B22 4A          				lsr			a												; a>>1 
0759   1B23 85 A9       				sta			$a9
0760   1B25 A9 01       				lda			#$01
0761   1B27 85 AA       				sta			$aa
0762   1B29 20 A5 1A    				jsr			L1ad7										; Called once 
0763   1B2C C6 AC       				dec			$ac
0764   1B2E D0 C9       				bne			L1b2b
0765   1B30             
0766   1B30 C8          				iny
0767   1B31 4C ED 1A    				jmp			L1b1f										; Loop back
0768   1B34             
0769   1B34             L1b66:
0770   1B34 A9 30       				lda			#$30
0771   1B36 4C 3B 1B    				jmp			L1b6d
0772   1B39             L1b6b:
0773   1B39 A9 03       				lda			#$03
0774   1B3B             L1b6d:
0775   1B3B 8D 17 03    				sta			$0317
0776   1B3E A9 00       				lda			#$00
0777   1B40 8D 12 03    				sta			$0312
0778   1B43 8D 13 03    				sta			$0313
0779   1B46             L1b78:
0780   1B46 EE 12 03    				inc			$0312
0781   1B49             L1b7b:
0782   1B49 EE 13 03    				inc			$0313
0783   1B4C A9 80       				lda			#$80
0784   1B4E CD 13 03    				cmp			$0313
0785   1B51 D0 F6       				bne			L1b7b
0786   1B53 AD 12 03    				lda			$0312
0787   1B56 CD 17 03    				cmp			$0317
0788   1B59 D0 EB       				bne			L1b78
0789   1B5B C8          				iny
0790   1B5C 4C ED 1A    				jmp			L1b1f
0791   1B5F             L1b91:
0792   1B5F A9 10       				lda			#$10
0793   1B61 20 D0 1A    				jsr			L1b02
0794   1B64 60          				rts
0795   1B65             
0796   1B65             				;; Table $20 long
0797   1B65             L1b97:
0798   1B65 F6 E8 DC CE 				.db			$F6, $E8, $DC, $CE, $C2, $B9, $AD, $A4	;
0798   1B69 C2 B9 AD A4 
0799   1B6D 9B 91 89 81 				.db			$9B, $91, $89, $81, $7A, $73, $6C, $66	;
0799   1B71 7A 73 6C 66 
0800   1B75 60 5B 55 50 				.db			$60, $5B, $55, $50, $4C, $48, $43, $3F	;
0800   1B79 4C 48 43 3F 
0801   1B7D 3C 38 34 31 				.db			$3C, $38, $34, $31, $2E, $2C, $29, $26	;
0801   1B81 2E 2C 29 26 
0802   1B85 24          				.db			$24																			; ?
0803   1B86             
0804   1B86             				;; Table $20 long -- sound related?
0805   1B86             L1bb8:
0806   1B86 1F 21 23 25 				.db			$1F, $21, $23, $25, $27, $29, $2C, $2E	;
0806   1B8A 27 29 2C 2E 
0807   1B8E 31 34 37 3A 				.db			$31, $34, $37, $3A, $3E, $42, $46, $4A	;
0807   1B92 3E 42 46 4A 
0808   1B96 4E 53 58 5D 				.db			$4E, $53, $58, $5D, $63, $69, $6F, $75	;
0808   1B9A 63 69 6F 75 
0809   1B9E 7C 83 8B 94 				.db			$7C, $83, $8B, $94, $9D, $A6, $B0, $BA	;
0809   1BA2 9D A6 B0 BA 
0810   1BA6 C6          				.db			$C6																			; ?
0811   1BA7             
0812   1BA7             L1bd9:
0813   1BA7 FF 32 35 3D 				.db			$FF, $32, $35, $3D, $32, $35, $3D, $32	;
0813   1BAB 32 35 3D 32 
0814   1BAF 35 3D 32 35 				.db			$35, $3D, $32, $35, $3D, $32, $35, $3D	;
0814   1BB3 3D 32 35 3D 
0815   1BB7 FF FF 32 35 				.db			$FF, $FF, $32, $35, $3D, $FF, $FF, $32	;
0815   1BBB 3D FF FF 32 
0816   1BBF 35 3D 32 35 				.db			$35, $3D, $32, $35, $3D, $FF						;
0816   1BC3 3D FF 
0817   1BC5             
0818   1BC5~            .if 0
0819   1BC5~            				;; Garbage 
0820   1BC5~            				;; Was alt IRQ code?
0821   1BC5~            L1bf7:
0822   1BC5~            				.db			                                   $08		; DATA
0823   1BC5~            				.db			$48, $8a, $48, $98, $48, $ad, $03, $51		; DATA
0824   1BC5~            				.db			$a8, $29, $60, $d0, $0f, $ea, $98, $10		; DATA
0825   1BC5~            				.db			$08, $ea, $68, $a8, $68, $aa, $68, $28		; DATA
0826   1BC5~            				.db			$40, $4c, $4d, $3f, $a5, $a2, $c9, $06		; DATA
0827   1BC5~            				.db			$90, $f0, $98, $48, $a5, $14, $48, $a5		; DATA
0828   1BC5~            				.db			$15, $48, $a5, $10, $48, $a5, $11, $48		; DATA
0829   1BC5~            				.db			$98, $29, $60, $8d, $01, $03, $a9, $00		; DATA
0830   1BC5~            				.db			$85, $a2, $2c, $00, $51, $30, $43, $ea		; DATA
0831   1BC5~            				.db			$98, $29, $20, $d0, $1e, $ea, $ad, $00		; DATA
0832   1BC5~            				.db			$51, $49, $ff, $29, $02, $d0, $11, $ea		; DATA
0833   1BC5~            				.db			$e6, $a0, $a5, $a0, $c9, $02, $90, $3d		; DATA
0834   1BC5~            				.db			$ea, $a9, $00, $85, $a0, $4c, $80, $1c		; DATA
0835   1BC5~            				.db			$4c, $80, $1c, $ad, $00, $51, $49, $ff		; DATA
0836   1BC5~            				.db			$29, $02, $d0, $0a, $ea, $20, $db, $1c		; DATA
0837   1BC5~            				.db			$20, $db, $1c, $4c, $80, $1c, $20, $db		; DATA
0838   1BC5~            				.db			$1c, $20, $db, $1c, $20, $db, $1c, $4c		; DATA
0839   1BC5~            				.db			$65, $1c, $98, $29, $40, $f0, $0e, $ea		; DATA
0840   1BC5~            				.db			$20, $9e, $1c, $24, $a7, $30, $06, $ea		; DATA
0841   1BC5~            				.db			$a0, $12, $20, $13, $1b, $68, $85, $11		; DATA
0842   1BC5~            				.db			$68, $85, $10, $68, $85, $15, $68, $85		; DATA
0843   1BC5~            				.db			$14, $68, $a8, $4c, $0a, $1c, $ad, $03		; DATA
0844   1BC5~            				.db			$51, $29, $60, $d0, $02, $ea, $60, $a9		; DATA
0845   1BC5~            				.db			$ff, $8d, $00, $03, $ad, $03, $51, $29		; DATA
0846   1BC5~            				.db			$60, $4d, $01, $03, $d0, $e8, $ce, $00		; DATA
0847   1BC5~            				.db			$03, $d0, $f1, $ad, $03, $51, $29, $60		; DATA
0848   1BC5~            				.db			$4d, $01, $03, $d0, $f6, $ce, $00, $03		; DATA
0849   1BC5~            				.db			$ad, $03, $51, $29, $60, $4d, $01, $03		; DATA
0850   1BC5~            				.db			$d0, $e9, $ce, $00, $03, $d0, $f1, $20		; DATA
0851   1BC5~            				.db			$db, $1c, $60, $ad, $00, $51, $29, $18		; DATA
0852   1BC5~            				.db			$c9, $10, $d0, $0b, $ea, $e6, $a0, $a5		; DATA
0853   1BC5~            				.db			$a0, $c9, $02, $b0, $02, $ea, $60, $4c		; DATA
0854   1BC5~            				.db			$d7, $2b																	; DATA
0855   1BC5             .endif
0856   1BC5             				
0857   1CF2             				.org		$1cf2
0858   1CF2             L1cf2:
0859   1CF2 20 C8 21    				jsr			L2340										; Clear screen
0860   1CF5 20 5C 1D    				jsr			L1d80
0861   1CF8 A5 BF       				lda			PNUM
0862   1CFA 4A          				lsr			a
0863   1CFB AA          				tax
0864   1CFC F8          				sed
0865   1CFD 18          				clc
0866   1CFE B5 DC       				lda			$dc, x
0867   1D00 C9 09       				cmp			#$09
0868   1D02 B0 05       				bcs			L1d09
0869   1D04 EA          				nop
0870   1D05 69 01       				adc			#$01
0871   1D07 95 DC       				sta			$dc, x
0872   1D09             L1d09:
0873   1D09 18          				clc
0874   1D0A 65 BE       				adc			SCOREP+1
0875   1D0C 85 BE       				sta			SCOREP+1
0876   1D0E A5 C3       				lda			$c3
0877   1D10 C9 09       				cmp			#$09
0878   1D12 B0 05       				bcs			L1d19
0879   1D14 EA          				nop
0880   1D15 69 01       				adc			#$01
0881   1D17 85 C3       				sta			$c3
0882   1D19             L1d19:
0883   1D19 D8          				cld
0884   1D1A 20 80 18    				jsr			L1880
0885   1D1D             
0886   1D1D             				;; Draw STR01
0887   1D1D A9 01       				lda			#$01										; EXTRA POINTS
0888   1D1F 20 70 21    				jsr			DRAWSTRA								; Draw string
0889   1D22             
0890   1D22~            .if 0
0891   1D22~            				;; ($10-11) = $414b
0892   1D22~            				lda			#$4b
0893   1D22~            				sta			SCRLOC
0894   1D22~            				lda			#$41
0895   1D22~            				sta			SCRLOC+1
0896   1D22~            
0897   1D22~            				;; ($14-15) = $1e72
0898   1D22~            				ldy			#$00
0899   1D22~            				lda			L1f48, y
0900   1D22~            				sta			STRLOC
0901   1D22~            				iny
0902   1D22~            				lda			L1f48, y
0903   1D22~            				sta			STRLOC+1
0904   1D22~            
0905   1D22~            				jsr			DRAWSTR									; Draw string
0906   1D22             .endif
0907   1D22             
0908   1D22             				;; Draw STR13
0909   1D22 A9 13       				lda			#$13										; BONUS
0910   1D24 20 70 21    				jsr			DRAWSTRA								; Draw string
0911   1D27             
0912   1D27~            .if 0
0913   1D27~            				;; ($14-15) = $2f9b
0914   1D27~            				ldy			#$00
0915   1D27~            				lda			L2ff2, y
0916   1D27~            				sta			STRLOC
0917   1D27~            				iny
0918   1D27~            				lda			L2ff2, y
0919   1D27~            				sta			STRLOC+1
0920   1D27~            
0921   1D27~            				;; ($10-11) = $420e
0922   1D27~            				lda			#$0e
0923   1D27~            				sta			SCRLOC
0924   1D27~            				lda			#$42
0925   1D27~            				sta			SCRLOC+1
0926   1D27~            
0927   1D27~            				jsr			DRAWSTR									; Draw string
0928   1D27             .endif
0929   1D27             
0930   1D27             ;				jsr			L23ea										; DRAW 10 POINTS 
0931   1D27 A9 0B       				lda			#$0b										; 10 POINTS 
0932   1D29 20 70 21    				jsr			DRAWSTRA								; Draw string (and return)
0933   1D2C A5 C3       				lda			$c3											; Arrow score 
0934   1D2E 09 30       				ora			#$30										; BCD to char 
0935   1D30 8D 8D 42    				sta			$428d										; Location 
0936   1D33 A9 10       				lda			#$10
0937   1D35 8D 00 52    				sta			AUDIO1
0938   1D38 A0 00       				ldy			#$00
0939   1D3A 20 E1 1A    				jsr			L1b13
0940   1D3D 20 6A 1D    				jsr			L1d8e
0941   1D40 A2 2F       				ldx			#$2f
0942   1D42             L1d66:
0943   1D42 20 49 1D    				jsr			L1d6d
0944   1D45 CA          				dex
0945   1D46 10 FA       				bpl			L1d66
0946   1D48 60          				rts
0947   1D49             				
0948   1D49             L1d6d:
0949   1D49 C6 06       				dec			DELL
0950   1D4B D0 FC       				bne			L1d6d
0951   1D4D A0 07       				ldy			#$07
0952   1D4F             L1d73:
0953   1D4F 20 2C 22    				jsr			L23a4										; Kick PRNG
0954   1D52 99 E8 49    				sta			$49e8, y
0955   1D55 99 F0 4D    				sta			$4df0, y
0956   1D58 88          				dey
0957   1D59 10 F4       				bpl			L1d73
0958   1D5B 60          				rts
0959   1D5C             L1d80:
0960   1D5C A9 FF       				lda			#$ff
0961   1D5E A0 07       				ldy			#$07
0962   1D60             L1d84:
0963   1D60 99 E8 49    				sta			$49e8, y
0964   1D63 99 F0 4D    				sta			$4df0, y
0965   1D66 88          				dey
0966   1D67 10 F7       				bpl			L1d84
0967   1D69 60          				rts
0968   1D6A             L1d8e:
0969   1D6A A9 09       				lda			#$09
0970   1D6C 85 3F       				sta			$3f
0971   1D6E A9 12       				lda			#$12
0972   1D70 85 B7       				sta			$b7
0973   1D72             L1d96:
0974   1D72 20 7C 1D    				jsr			L1da0
0975   1D75 C6 B7       				dec			$b7
0976   1D77 C6 3F       				dec			$3f
0977   1D79 D0 F7       				bne			L1d96
0978   1D7B 60          				rts
0979   1D7C             L1da0:
0980   1D7C A5 03       				lda			$03
0981   1D7E C9 BE       				cmp			#$be
0982   1D80 F0 22       				beq			L1dc8
0983   1D82 EA          				nop
0984   1D83 A9 BE       				lda			#$be
0985   1D85 85 03       				sta			$03
0986   1D87 20 84 18    				jsr			L1884
0987   1D8A             
0988   1D8A             				;; Delay ~3 frames
0989   1D8A             L1dae:
0990   1D8A A9 12       				lda			#$12
0991   1D8C 85 07       				sta			DELH
0992   1D8E             L1db2:
0993   1D8E C6 06       				dec			DELL
0994   1D90 D0 FC       				bne			L1db2										; Inner loop 
0995   1D92 A5 07       				lda			DELH
0996   1D94 29 03       				and			#$03										; Mask LSBs 
0997   1D96 85 B1       				sta			ARROWS
0998   1D98 A5 07       				lda			DELH
0999   1D9A 29 06       				and			#$06
1000   1D9C D0 01       				bne			L1dc3
1001   1D9E EA          				nop
1002   1D9F             L1dc3:
1003   1D9F C6 07       				dec			DELH
1004   1DA1 D0 EB       				bne			L1db2										; Outer loop 
1005   1DA3 60          				rts
1006   1DA4             
1007   1DA4             
1008   1DA4             L1dc8:
1009   1DA4 20 80 18    				jsr			L1880
1010   1DA7 20 8A 1D    				jsr			L1dae										; Delay 3 frames 
1011   1DAA 60          				rts
1012   1DAB             
1013   1DAB~            .if 0
1014   1DAB~            				;; Set up pence coinage
1015   1DAB~            L1dcf:
1016   1DAB~            				lda			$5100										; DIPs
1017   1DAB~            				ldy			#$00
1018   1DAB~            				eor			#$ff										; Invert
1019   1DAB~            				and			#$02										; Mask coinage
1020   1DAB~            				bne			L1de9
1021   1DAB~            				nop
1022   1DAB~            
1023   1DAB~            				;; ($14-15) = $1f09
1024   1DAB~            				lda			L1f50, y
1025   1DAB~            				sta			STRLOC
1026   1DAB~            				iny
1027   1DAB~            				lda			L1f50, y
1028   1DAB~            				sta			STRLOC+1								; 1G = 20P
1029   1DAB~            				jmp			L1df4
1030   1DAB~            
1031   1DAB~            				;; ($14-15) = $1ed4
1032   1DAB~            L1de9:
1033   1DAB~            				lda			L1f4e, y
1034   1DAB~            				sta			STRLOC
1035   1DAB~            				iny
1036   1DAB~            				lda			L1f4e, y
1037   1DAB~            				sta			STRLOC+1								; 1G = 10P
1038   1DAB~            
1039   1DAB~            				;; ($10-11) = $4164
1040   1DAB~            L1df4:
1041   1DAB~            				lda			#$64
1042   1DAB~            				sta			SCRLOC
1043   1DAB~            				lda			#$41
1044   1DAB~            				sta			SCRLOC+1
1045   1DAB~            
1046   1DAB~            				jsr			DRAWSTR									; Draw string
1047   1DAB~            
1048   1DAB~            				iny
1049   1DAB~            				lda			#$69
1050   1DAB~            				sta			SCRLOC									; ($4169) 
1051   1DAB~            				jsr			DRAWSTRN								; Draw next string
1052   1DAB~            				rts
1053   1DAB             .endif
1054   1DAB             
1055   1DAB             
1056   1DAB             				;; Compare player score to high score
1057   1DAB             L1e08:
1058   1DAB A5 BE       				lda			SCOREP+1
1059   1DAD C5 AF       				cmp			SCOREH+1
1060   1DAF F0 05       				beq			L1e13
1061   1DB1 EA          				nop
1062   1DB2             
1063   1DB2 B0 0A       				bcs			L1e1b
1064   1DB4 EA          				nop
1065   1DB5             
1066   1DB5 60          				rts
1067   1DB6             
1068   1DB6             L1e13:
1069   1DB6 A5 BD       				lda			SCOREP
1070   1DB8 C5 AE       				cmp			SCOREH
1071   1DBA B0 02       				bcs			L1e1b
1072   1DBC EA          				nop
1073   1DBD             
1074   1DBD 60          				rts
1075   1DBE             
1076   1DBE             				;; Copy player score to high score
1077   1DBE             L1e1b:
1078   1DBE A5 BD       				lda			SCOREP
1079   1DC0 85 AE       				sta			SCOREH
1080   1DC2 A5 BE       				lda			SCOREP+1
1081   1DC4 85 AF       				sta			SCOREH+1
1082   1DC6             
1083   1DC6             				;; LSBs of status = Player # for high score
1084   1DC6 A5 A7       				lda			STATUS
1085   1DC8 29 FC       				and			#$fc										; Clear bits 1-0 
1086   1DCA 85 A7       				sta			STATUS
1087   1DCC A5 BF       				lda			PNUM
1088   1DCE 29 03       				and			#$03										; Mask bits 1-0 
1089   1DD0 05 A7       				ora			STATUS
1090   1DD2 85 A7       				sta			STATUS
1091   1DD4 60          				rts
1092   1DD5             
1093   1DD5             
1094   1DD5             				;; Set up fake gameplay 
1095   1DD5             L1e32:
1096   1DD5 A9 01       				lda			#$01
1097   1DD7 85 29       				sta			$29
1098   1DD9 85 28       				sta			$28
1099   1DDB A9 0B       				lda			#$0b
1100   1DDD 85 2F       				sta			$2f
1101   1DDF A9 0A       				lda			#$0a
1102   1DE1 85 B1       				sta			ARROWS
1103   1DE3 20 4E 19    				jsr			L197b
1104   1DE6 20 3C 28    				jsr			L2a3b										; Draw player scores
1105   1DE9 20 ED 18    				jsr			L18e2
1106   1DEC A9 02       				lda			#$02
1107   1DEE 85 20       				sta			$20
1108   1DF0 85 21       				sta			$21
1109   1DF2 A9 00       				lda			#$00 
1110   1DF4 85 A7       				sta			STATUS									; Clear status 
1111   1DF6 60          				rts
1112   1DF7             
1113   1DF7             
1114   1DF7~            .if 0
1115   1DF7~            				;; Moved into common text block
1116   1DF7~            STR00:
1117   1DF7~            L1e54:
1118   1DF7~            				.db			"TOP HIGH SCORE FOR EXTRA PLAY", $00
1119   1DF7~            
1120   1DF7~            STR01:
1121   1DF7~            L1e72:
1122   1DF7~            				.db			"BONUS POINTS", $00
1123   1DF7~            
1124   1DF7~            STR02:
1125   1DF7~            L1e7f:
1126   1DF7~            				.db			"EXTENDED PLAY FOR PLAYER   ", $00
1127   1DF7~            
1128   1DF7~            STR03:
1129   1DF7~            L1e9b:
1130   1DF7~            				.db			"TOPPING HIGH SCORE ", $00
1131   1DF7~            
1132   1DF7~            STR04:
1133   1DF7~            L1eaf:
1134   1DF7~            				.db			"EXTRA CREDIT ", $00
1135   1DF7~            
1136   1DF7~            STR05:
1137   1DF7~            L1ebd:
1138   1DF7~            x				.db			"FOR TOPPING HIGH SCORE", $00
1139   1DF7~            
1140   1DF7~            STR06:
1141   1DF7~            L1ed4:
1142   1DF7~            				.db			"1 GAME  ONE 10 PENCE COIN ", $00
1143   1DF7~            
1144   1DF7~            STR07:
1145   1DF7~            L1eef:
1146   1DF7~            				.db			"6 GAMES ONE 50 PENCE COIN", $00
1147   1DF7~            
1148   1DF7~            STR08:
1149   1DF7~            L1f09:
1150   1DF7~            				.db			"1 GAME  TWO 10 PENCE COINS", $00
1151   1DF7~            
1152   1DF7~            STR09:
1153   1DF7~            L1f24:
1154   1DF7~            				.db			"3 GAMES ONE 50 PENCE COIN", $00
1155   1DF7~            
1156   1DF7~            STR0A:
1157   1DF7~            L1f3e:
1158   1DF7~            				.db			"HI SCR"
1159   1DF7~            
1160   1DF7~            				;; Text pointers Could be hard coded
1161   1DF7~            L1f44:
1162   1DF7~            				.dw			$27C7										; $27c7 = END_OF_GAME
1163   1DF7~            L1f46:
1164   1DF7~            				.dw			$1E54										; $1e54 = TOP_HIGH_SCORE...
1165   1DF7~            L1f48:
1166   1DF7~            				.dw			$1E72										; $1e72 = EXTRA_POINTS
1167   1DF7~            L1f4a:
1168   1DF7~            				.dw			$1E7F										; $1e7f = EXTENDED_PLAY...
1169   1DF7~            L1f4c:
1170   1DF7~            				.dw			$1EAF										; $1eaf = EXTRA_CREDIT_
1171   1DF7~            
1172   1DF7~            				;; Coinage table pointers
1173   1DF7~            L1f4e:
1174   1DF7~            				.dw			$1ED4										; $1ed4 = 1G_10P
1175   1DF7~            L1f50:
1176   1DF7~            				.dw			$1F09										; $1f09 = 1G_2x20P
1177   1DF7             .endif
1178   1DF7             
1179   1DF7             				;; Table ($FF terminated)
1180   1DF7             				;; Set pixels for large font
1181   1DF7             L1f52:
1182   1DF7             LBIG0:
1183   1DF7 01 02       				.db			     $01, $02
1184   1DF9 20 23       				.db			$20,           $23
1185   1DFB 40 43       				.db			$40,           $43
1186   1DFD 60 63       				.db			$60,           $63
1187   1DFF 80 83       				.db			$80,           $83
1188   1E01 A1 A2       				.db			     $A1, $A2
1189   1E03 FF          				.db			$FF									
1190   1E04             
1191   1E04             LBIG1:	
1192   1E04 02          				.db			          $02
1193   1E05 21 22       				.db			     $21, $22
1194   1E07 42          				.db			          $42
1195   1E08 62          				.db			          $62
1196   1E09 82          				.db			          $82
1197   1E0A A1 A2 A3    				.db			     $A1, $A2, $A3
1198   1E0D FF          				.db			$FF
1199   1E0E             
1200   1E0E             LBIG2:
1201   1E0E 01 02       				.db			     $01, $02
1202   1E10 20 23       				.db			$20,            $23
1203   1E12 43          				.db			                $43
1204   1E13 61 62       				.db			     $61,	$62
1205   1E15 80          				.db			$80
1206   1E16 A0 A1 A2 A3 				.db			$A0, $A1, $A2, $A3
1207   1E1A FF          				.db			$FF
1208   1E1B             
1209   1E1B             LBIG3:
1210   1E1B 00 01 02    				.db			$00, $01, $02, 
1211   1E1E 23          				.db			               $23
1212   1E1F 41 42       				.db			     $41, $42
1213   1E21 63          				.db			               $63
1214   1E22 80 8E       				.db			$80,           $8e
1215   1E24 A1 A2       				.db			     $A1, $A2
1216   1E26 FF          				.db			$FF
1217   1E27             
1218   1E27             LBIG4:				
1219   1E27 02          				.db			          $02
1220   1E28 20 22       				.db			$20,      $22
1221   1E2A 40 42       				.db			$40,      $42
1222   1E2C 60 61 62 63 				.db			$60, $61, $62, $63
1223   1E30 82          				.db			          $82
1224   1E31 A2          				.db		            $A2     
1225   1E32 FF          				.db			$FF
1226   1E33             
1227   1E33             LBIG5:
1228   1E33 00 01 02 03 				.db			$00, $01, $02, $03
1229   1E37 20          				.db			$20
1230   1E38 40 41 42    				.db			$40, $41, $42
1231   1E3B 63          				.db			               $63
1232   1E3C 80 83       				.db			$80,           $83
1233   1E3E A1 A2       				.db			     $A1, $A2
1234   1E40 FF          				.db			$FF
1235   1E41             
1236   1E41             LBIG6:				
1237   1E41 01 02 03    				.db			     $01, $02, $03
1238   1E44 20          				.db			$20
1239   1E45 40 41 42    				.db			$40, $41, $42
1240   1E48 60 63       				.db			$60,           $63
1241   1E4A 80 83       				.db			$80,           $83
1242   1E4C A1 A2       				.db			     $A1, $A2     
1243   1E4E FF          				.db			$FF
1244   1E4F             
1245   1E4F             LBIG7:
1246   1E4F 00 01 02 03 				.db			$00, $01, $02, $03
1247   1E53 23          				.db			               $23
1248   1E54 42 43       				.db			          $42, $43
1249   1E56 61 62       				.db			     $61,	$62
1250   1E58 81          				.db			     $81
1251   1E59 A1          				.db			     $A1
1252   1E5A FF          				.db			$FF
1253   1E5B             
1254   1E5B             LBIG8:
1255   1E5B 02 03       				.db			     $02, $03
1256   1E5D 21 23       				.db			$21,           $23
1257   1E5F 41 42       				.db			     $41, $42     
1258   1E61 60 63       				.db			$60,           $63
1259   1E63 80 83       				.db			$80,           $83
1260   1E65 A1 A2       				.db			     $A1, $A2     
1261   1E67 FF          				.db			$FF
1262   1E68             
1263   1E68             LBIG9:
1264   1E68 01 02       				.db		       $01, $02     
1265   1E6A 20 23       				.db			$20,           $23
1266   1E6C 41 42 43    				.db			     $41, $42, $43
1267   1E6F 63          				.db			               $63
1268   1E70 80 83       				.db			$80,           $83
1269   1E72 A1 A2       				.db		       $A1, $A2      
1270   1E74 FF          				.db			$FF
1271   1E75             
1272   1E75             
1273   1E75             				;; Indicies into above table
1274   1E75             L1fde:
1275   1E75 00          				.db			LBIG0-LBIG0
1276   1E76 0D          				.db			LBIG1-LBIG0
1277   1E77 17          				.db			LBIG2-LBIG0
1278   1E78 24          				.db			LBIG3-LBIG0
1279   1E79 30          				.db			LBIG4-LBIG0
1280   1E7A 3C          				.db			LBIG5-LBIG0
1281   1E7B 4A          				.db			LBIG6-LBIG0
1282   1E7C 58          				.db			LBIG7-LBIG0
1283   1E7D 64          				.db			LBIG8-LBIG0
1284   1E7E 71          				.db			LBIG9-LBIG0
1285   1E7F             
1286   1E7F             L1fe8:
1287   1E7F 20 40 04 08 				.db			$20, $40, $04, $08		; (4 entries) {U,D,R,L} ?
1288   1E83             
1289   1E83             
1290   1E83             				;; Score for special target (x100)
1291   1E83             L1fec:
1292   1E83 01 02 03 05 				.db			$01, $02, $03, $05		; (4 entries)
1293   1E87             
1294   1E87             				;; Table
1295   1E87             L1ff0:
1296   1E87 0A 09 08 06 				.db			$0a, $09, $08, $06
1297   1E8B 05 04 04 03 				.db			$05, $04, $04, $03
1298   1E8F 03 03 02 02 				.db			$03, $03, $02, $02
1299   1E93 02 02 02 02 				.db			$02, $02, $02, $02
1300   1E97             
1301   1E97             				;; Check fire button
1302   1E97             L2000:
1303   1E97 AD 05 51    				lda			IN0B										; Control inputs
1304   1E9A C9 FF       				cmp			#$ff
1305   1E9C D0 06       				bne			L200d										; Something pressed
1306   1E9E EA          				nop
1307   1E9F             
1308   1E9F A9 00       				lda			#$00										; No controls
1309   1EA1 85 34       				sta			CURIN0									; IN0 store
1310   1EA3 60          				rts
1311   1EA4             
1312   1EA4             				;; Validate inputs
1313   1EA4             L200d:
1314   1EA4 85 34       				sta			CURIN0									; IN0 store
1315   1EA6 A2 04       				ldx			#$04										; Loop counter
1316   1EA8             L2011:
1317   1EA8 AD 05 51    				lda			IN0B										; Control inputs
1318   1EAB 05 34       				ora			CURIN0									; IN0 store
1319   1EAD 85 34       				sta			CURIN0									; IN0 store
1320   1EAF CA          				dex
1321   1EB0 D0 F6       				bne			L2011										; Loop
1322   1EB2             
1323   1EB2 49 FF       				eor			#$ff
1324   1EB4 85 34       				sta			CURIN0									; IN0 store
1325   1EB6             
1326   1EB6 29 10       				and			#$10										; Button
1327   1EB8 F0 0B       				beq			L202e										; Button pressed 
1328   1EBA EA          				nop
1329   1EBB             
1330   1EBB A5 35       				lda			OLDIN0									; Old IN0 store
1331   1EBD 85 36       				sta			OOLDIN0									; Old Old IN0 store
1332   1EBF A5 34       				lda			CURIN0									; IN0 Store
1333   1EC1 29 EF       				and			#$ef										; Clear Button
1334   1EC3 85 35       				sta			OLDIN0									; Old IN0 store
1335   1EC5             L202e:
1336   1EC5 60          				rts
1337   1EC6             
1338   1EC6             
1339   1EC6             L202f:
1340   1EC6 A5 30       				lda			$30
1341   1EC8 29 60       				and			#$60										; Check D6,5
1342   1ECA D0 06       				bne			L203b
1343   1ECC EA          				nop
1344   1ECD A9 16       				lda			#$16
1345   1ECF 85 38       				sta			$38
1346   1ED1 60          				rts
1347   1ED2             L203b:
1348   1ED2 C6 38       				dec			$38
1349   1ED4 30 02       				bmi			L2041
1350   1ED6 EA          				nop
1351   1ED7             
1352   1ED7 60          				rts
1353   1ED8             
1354   1ED8             L2041:
1355   1ED8 A5 30       				lda			$30
1356   1EDA 29 20       				and			#$20										; Check D5 
1357   1EDC D0 0D       				bne			L2054
1358   1EDE EA          				nop
1359   1EDF             
1360   1EDF A5 3A       				lda			$3a
1361   1EE1 20 2A 1F    				jsr			L2093
1362   1EE4 A5 30       				lda			$30
1363   1EE6 29 BF       				and			#$bf										; Clear D6 
1364   1EE8 85 30       				sta			$30
1365   1EEA 60          				rts
1366   1EEB             
1367   1EEB             L2054:
1368   1EEB 20 2C 22    				jsr			L23a4										; Kick PRNG
1369   1EEE 29 01       				and			#$01										; Mask LSB 
1370   1EF0 AA          				tax
1371   1EF1             
1372   1EF1 A5 1C       				lda			SPR1H
1373   1EF3 F0 12       				beq			L2070
1374   1EF5 EA          				nop
1375   1EF6             
1376   1EF6 A5 1D       				lda			SPR1V
1377   1EF8 F0 07       				beq			L206a
1378   1EFA EA          				nop
1379   1EFB             
1380   1EFB BD E3 25    				lda			L27ad, x								; SPR1H!=0, SPR1V!=0 
1381   1EFE 4C 15 1F    				jmp			L207e
1382   1F01             
1383   1F01             L206a:
1384   1F01 BD E1 25    				lda			L27ab, x								; SPR1H!=0, SPR1V==0 
1385   1F04 4C 15 1F    				jmp			L207e
1386   1F07             
1387   1F07             L2070:
1388   1F07 A5 1D       				lda			SPR1V
1389   1F09 F0 07       				beq			L207b
1390   1F0B EA          				nop
1391   1F0C             
1392   1F0C BD E5 25    				lda			L27af, x								; SPR1H==0, SPR1V!=0 
1393   1F0F 4C 15 1F    				jmp			L207e
1394   1F12             
1395   1F12             L207b:
1396   1F12 BD E7 25    				lda			L27b1, x								; SPR1H==0, SPR1V==0 
1397   1F15             L207e:
1398   1F15 20 2A 1F    				jsr			L2093										; a = New dir? 
1399   1F18 A5 30       				lda			$30
1400   1F1A 29 9F       				and			#$9f										; Clear D6,5 
1401   1F1C 85 30       				sta			$30
1402   1F1E 60          				rts
1403   1F1F             
1404   1F1F             L2088:
1405   1F1F A5 34       				lda			CURIN0
1406   1F21 29 EF       				and			#$ef										; Clear d4 
1407   1F23 D0 05       				bne			L2093 
1408   1F25 EA          				nop
1409   1F26             
1410   1F26 20 B8 20    				jsr			L2225										; (if 0) 
1411   1F29 60          				rts
1412   1F2A             
1413   1F2A             L2093:
1414   1F2A C9 20       				cmp			#$20
1415   1F2C F0 53       				beq			L20ea
1416   1F2E EA          				nop
1417   1F2F             
1418   1F2F C9 40       				cmp			#$40
1419   1F31 F0 77       				beq			L2113
1420   1F33 EA          				nop
1421   1F34             
1422   1F34 C9 04       				cmp			#$04
1423   1F36 D0 04       				bne			L20a5
1424   1F38 EA          				nop
1425   1F39             
1426   1F39 4C D5 1F    				jmp			L213e
1427   1F3C             
1428   1F3C             L20a5:
1429   1F3C C9 08       				cmp			#$08
1430   1F3E D0 04       				bne			L20ad
1431   1F40 EA          				nop
1432   1F41             
1433   1F41 4C 00 20    				jmp			L2169
1434   1F44             L20ad:
1435   1F44 60          				rts
1436   1F45             
1437   1F45             L20ae:
1438   1F45 A5 31       				lda			$31
1439   1F47 F0 02       				beq			L20b4
1440   1F49 EA          				nop
1441   1F4A             
1442   1F4A 60          				rts
1443   1F4B             
1444   1F4B             L20b4:
1445   1F4B A5 34       				lda			CURIN0
1446   1F4D 29 10       				and			#$10
1447   1F4F D0 02       				bne			L20bc
1448   1F51 EA          				nop
1449   1F52             
1450   1F52 60          				rts
1451   1F53             
1452   1F53             L20bc:
1453   1F53 A9 0C       				lda			#$0c
1454   1F55 85 A4       				sta			$a4
1455   1F57 A9 01       				lda			#$01
1456   1F59 85 31       				sta			$31
1457   1F5B A9 02       				lda			#$02
1458   1F5D 85 26       				sta			$26
1459   1F5F 85 27       				sta			$27
1460   1F61 A5 1A       				lda			SPRVAL
1461   1F63 0A          				asl			a
1462   1F64 0A          				asl			a
1463   1F65 0A          				asl			a
1464   1F66 0A          				asl			a
1465   1F67 09 40       				ora			#$40
1466   1F69 85 00       				sta			$00
1467   1F6B A5 1A       				lda			SPRVAL
1468   1F6D 29 0F       				and			#$0f										; Clear MOB1 
1469   1F6F 05 00       				ora			$00
1470   1F71 85 1A       				sta			SPRVAL
1471   1F73             
1472   1F73             				;; Copy SPR1 pos to SPR2
1473   1F73 A5 1C       				lda			SPR1H
1474   1F75 85 22       				sta			SPR2H
1475   1F77 A5 1D       				lda			SPR1V
1476   1F79 85 23       				sta			SPR2V
1477   1F7B 20 70 20    				jsr			L21d9
1478   1F7E 4C AF 22    				jmp			L246d										; Update MOBLAT (and rts)
1479   1F81             
1480   1F81             
1481   1F81             L20ea:
1482   1F81 A5 1F       				lda			$1f
1483   1F83 F0 13       				beq			L2101
1484   1F85 EA          				nop
1485   1F86 30 04       				bmi			L20f5
1486   1F88 EA          				nop
1487   1F89 4C 8B 20    				jmp			L21f4
1488   1F8C             L20f5:
1489   1F8C A5 20       				lda			$20
1490   1F8E 29 3F       				and			#$3f
1491   1F90 C9 0A       				cmp			#$0a
1492   1F92 B0 0B       				bcs			L2108
1493   1F94 EA          				nop
1494   1F95 4C A1 20    				jmp			L220a
1495   1F98             L2101:
1496   1F98 20 38 20    				jsr			L21a1
1497   1F9B B0 02       				bcs			L2108
1498   1F9D EA          				nop
1499   1F9E 60          				rts
1500   1F9F             L2108:
1501   1F9F A9 01       				lda			#$01
1502   1FA1 85 1F       				sta			$1f
1503   1FA3 A9 00       				lda			#$00
1504   1FA5 85 1E       				sta			$1e
1505   1FA7 4C 28 20    				jmp			L2191
1506   1FAA             
1507   1FAA             L2113:
1508   1FAA A5 1F       				lda			$1f
1509   1FAC F0 13       				beq			L212a
1510   1FAE EA          				nop
1511   1FAF             
1512   1FAF 10 04       				bpl			L211e
1513   1FB1 EA          				nop
1514   1FB2             
1515   1FB2 4C 8B 20    				jmp			L21f4
1516   1FB5             
1517   1FB5             				;; $1f > 0
1518   1FB5             L211e:
1519   1FB5 A5 20       				lda			$20
1520   1FB7 29 3F       				and			#$3f										; Mask 6 LSBs 
1521   1FB9 C9 0A       				cmp			#$0a
1522   1FBB B0 0B       				bcs			L2131
1523   1FBD EA          				nop
1524   1FBE             
1525   1FBE 4C A1 20    				jmp			L220a
1526   1FC1             
1527   1FC1             L212a:
1528   1FC1 20 38 20    				jsr			L21a1
1529   1FC4 B0 02       				bcs			L2131
1530   1FC6 EA          				nop
1531   1FC7             
1532   1FC7 60          				rts
1533   1FC8             
1534   1FC8             L2131:
1535   1FC8 A9 FE       				lda			#$fe
1536   1FCA 85 1F       				sta			$1f
1537   1FCC A9 00       				lda			#$00
1538   1FCE 85 1E       				sta			$1e
1539   1FD0 A9 01       				lda			#$01
1540   1FD2 4C 28 20    				jmp			L2191
1541   1FD5             
1542   1FD5             L213e:
1543   1FD5 A5 1E       				lda			$1e
1544   1FD7 F0 13       				beq			L2155
1545   1FD9 EA          				nop
1546   1FDA             
1547   1FDA 10 04       				bpl			L2149
1548   1FDC EA          				nop
1549   1FDD             
1550   1FDD 4C 8B 20    				jmp			L21f4
1551   1FE0             L2149:
1552   1FE0 A5 20       				lda			$20
1553   1FE2 29 3F       				and			#$3f
1554   1FE4 C9 0A       				cmp			#$0a
1555   1FE6 B0 0B       				bcs			L215c
1556   1FE8 EA          				nop
1557   1FE9 4C A1 20    				jmp			L220a
1558   1FEC             L2155:
1559   1FEC 20 40 20    				jsr			L21a9
1560   1FEF B0 02       				bcs			L215c
1561   1FF1 EA          				nop
1562   1FF2 60          				rts
1563   1FF3             L215c:
1564   1FF3 A9 FE       				lda			#$fe
1565   1FF5 85 1E       				sta			$1e
1566   1FF7 A9 00       				lda			#$00
1567   1FF9 85 1F       				sta			$1f
1568   1FFB A9 02       				lda			#$02
1569   1FFD 4C 28 20    				jmp			L2191
1570   2000             L2169:
1571   2000 A5 1E       				lda			$1e
1572   2002 F0 13       				beq			L2180
1573   2004 EA          				nop
1574   2005 30 04       				bmi			L2174
1575   2007 EA          				nop
1576   2008 4C 8B 20    				jmp			L21f4
1577   200B             L2174:
1578   200B A5 20       				lda			$20
1579   200D 29 3F       				and			#$3f
1580   200F C9 0A       				cmp			#$0a
1581   2011 B0 0B       				bcs			L2187
1582   2013 EA          				nop
1583   2014 4C A1 20    				jmp			L220a
1584   2017             L2180:
1585   2017 20 40 20    				jsr			L21a9
1586   201A B0 02       				bcs			L2187
1587   201C EA          				nop
1588   201D 60          				rts
1589   201E             L2187:
1590   201E A9 01       				lda			#$01
1591   2020 85 1E       				sta			$1e
1592   2022 A9 00       				lda			#$00
1593   2024 85 1F       				sta			$1f
1594   2026 A9 03       				lda			#$03
1595   2028             L2191:
1596   2028 48          				pha
1597   2029 A5 1A       				lda			SPRVAL
1598   202B 29 F0       				and			#$f0
1599   202D 85 1A       				sta			SPRVAL
1600   202F 68          				pla
1601   2030 05 1A       				ora			SPRVAL
1602   2032 85 1A       				sta			SPRVAL
1603   2034 20 AF 22    				jsr			L246d										; Update MOBLAT 
1604   2037 60          				rts
1605   2038             L21a1:
1606   2038 A5 1C       				lda			SPR1H
1607   203A F0 22       				beq			L21c7
1608   203C EA          				nop
1609   203D 4C 45 20    				jmp			L21ae
1610   2040             L21a9:
1611   2040 A5 1D       				lda			SPR1V
1612   2042 F0 1A       				beq			L21c7
1613   2044 EA          				nop
1614   2045             L21ae:
1615   2045 85 01       				sta			$01
1616   2047 A2 0A       				ldx			#$0a
1617   2049 A9 00       				lda			#$00
1618   204B 85 00       				sta			$00
1619   204D             L21b6:
1620   204D C5 01       				cmp			$01
1621   204F F0 0D       				beq			L21c7
1622   2051 EA          				nop
1623   2052 A9 18       				lda			#$18
1624   2054 18          				clc
1625   2055 65 00       				adc			$00
1626   2057 85 00       				sta			$00
1627   2059 CA          				dex
1628   205A D0 F1       				bne			L21b6
1629   205C 18          				clc
1630   205D 60          				rts
1631   205E             L21c7:
1632   205E A5 39       				lda			$39
1633   2060 85 3A       				sta			$3a
1634   2062 A5 34       				lda			CURIN0
1635   2064 29 EF       				and			#$ef
1636   2066 85 39       				sta			$39
1637   2068 A5 30       				lda			$30
1638   206A 29 BF       				and			#$bf										 ; Clear D6 
1639   206C 85 30       				sta			$30
1640   206E 38          				sec
1641   206F 60          				rts
1642   2070             
1643   2070             				;; 
1644   2070             L21d9:
1645   2070 A5 1E       				lda			$1e
1646   2072 20 7F 20    				jsr			L21e8
1647   2075 85 24       				sta			$24
1648   2077 A5 1F       				lda			$1f
1649   2079 20 7F 20    				jsr			L21e8
1650   207C 85 25       				sta			$25
1651   207E 60          				rts
1652   207F             
1653   207F             				;; a --> #$02, #$00, #$fd
1654   207F             L21e8:
1655   207F F0 06       				beq			L21f0										; 0 -> 0 
1656   2081 EA          				nop
1657   2082             
1658   2082 30 04       				bmi			L21f1
1659   2084 EA          				nop
1660   2085             
1661   2085 A9 02       				lda			#$02										; pos -> $02 
1662   2087             L21f0:
1663   2087 60          				rts
1664   2088             L21f1:
1665   2088 A9 FD       				lda			#$fd										; neg -> $fd 
1666   208A 60          				rts
1667   208B             
1668   208B             L21f4:
1669   208B A5 20       				lda			$20
1670   208D 10 02       				bpl			L21fa
1671   208F EA          				nop
1672   2090 60          				rts
1673   2091             L21fa:
1674   2091 A5 36       				lda			$36
1675   2093 C5 35       				cmp			$35
1676   2095 D0 09       				bne			L2209
1677   2097 EA          				nop
1678   2098 A5 20       				lda			$20
1679   209A 29 BF       				and			#$bf
1680   209C 09 80       				ora			#$80
1681   209E 85 20       				sta			$20
1682   20A0             L2209:
1683   20A0 60          				rts
1684   20A1             L220a:
1685   20A1 A5 20       				lda			$20
1686   20A3 29 40       				and			#$40
1687   20A5 F0 02       				beq			L2212
1688   20A7 EA          				nop
1689   20A8 60          				rts
1690   20A9             L2212:
1691   20A9 A5 36       				lda			$36
1692   20AB C5 35       				cmp			$35
1693   20AD D0 F1       				bne			L2209
1694   20AF A5 20       				lda			$20
1695   20B1 29 7F       				and			#$7f										; Clear D7 
1696   20B3 09 40       				ora			#$40										; Set D6 
1697   20B5 85 20       				sta			$20
1698   20B7             ;				lda			$3c											; Not used
1699   20B7             ;				sta			$2e											; Never read 
1700   20B7 60          				rts
1701   20B8             L2225:
1702   20B8 A5 20       				lda			$20
1703   20BA 29 3F       				and			#$3f
1704   20BC 85 20       				sta			$20
1705   20BE 60          				rts
1706   20BF             L222c:
1707   20BF 20 FD 20    				jsr			L226a
1708   20C2             L222f:
1709   20C2 A5 10       				lda			SCRLOC
1710   20C4 29 1F       				and			#$1f
1711   20C6 85 00       				sta			$00
1712   20C8 A5 2A       				lda			$2a
1713   20CA 29 1F       				and			#$1f
1714   20CC 38          				sec
1715   20CD E5 00       				sbc			$00
1716   20CF 85 2D       				sta			$2d
1717   20D1 A5 11       				lda			SCRLOC+1
1718   20D3 85 19       				sta			$19
1719   20D5 A5 10       				lda			SCRLOC
1720   20D7 85 18       				sta			$18
1721   20D9 20 EF 20    				jsr			L225c
1722   20DC 85 00       				sta			$00
1723   20DE A5 2B       				lda			$2b
1724   20E0 85 19       				sta			$19
1725   20E2 A5 2A       				lda			$2a
1726   20E4 85 18       				sta			$18
1727   20E6 20 EF 20    				jsr			L225c
1728   20E9 38          				sec
1729   20EA E5 00       				sbc			$00
1730   20EC 85 2C       				sta			$2c
1731   20EE 60          				rts
1732   20EF             L225c:
1733   20EF A2 05       				ldx			#$05
1734   20F1             L225e:
1735   20F1 66 19       				ror			$19
1736   20F3 66 18       				ror			$18
1737   20F5 CA          				dex
1738   20F6 D0 F9       				bne			L225e
1739   20F8 A5 18       				lda			$18
1740   20FA 29 1F       				and			#$1f
1741   20FC 60          				rts
1742   20FD             L226a:
1743   20FD A5 1D       				lda			SPR1V
1744   20FF 85 18       				sta			$18
1745   2101 A5 1C       				lda			SPR1H
1746   2103 85 19       				sta			$19
1747   2105 4C 10 21    				jmp			L227d
1748   2108             L2275:
1749   2108 A5 23       				lda			SPR2V
1750   210A 85 18       				sta			$18
1751   210C A5 22       				lda			SPR2H
1752   210E 85 19       				sta			$19
1753   2110             L227d:
1754   2110 A9 00       				lda			#$00
1755   2112 85 2B       				sta			$2b
1756   2114 A5 18       				lda			$18
1757   2116 49 FF       				eor			#$ff
1758   2118 4A          				lsr			a
1759   2119 4A          				lsr			a
1760   211A 4A          				lsr			a
1761   211B 18          				clc
1762   211C 69 01       				adc			#$01
1763   211E E9 04       				sbc			#$04
1764   2120 85 2A       				sta			$2a
1765   2122 18          				clc
1766   2123 65 2A       				adc			$2a
1767   2125 85 2A       				sta			$2a
1768   2127 A2 04       				ldx			#$04
1769   2129             L2296:
1770   2129 06 2A       				asl			$2a
1771   212B 26 2B       				rol			$2b
1772   212D CA          				dex
1773   212E D0 F9       				bne			L2296
1774   2130 A5 2A       				lda			$2a
1775   2132 69 60       				adc			#$60
1776   2134 85 2A       				sta			$2a
1777   2136 A5 2B       				lda			$2b
1778   2138 69 40       				adc			#$40
1779   213A 85 2B       				sta			$2b
1780   213C A5 19       				lda			$19
1781   213E 49 FF       				eor			#$ff
1782   2140 4A          				lsr			a
1783   2141 4A          				lsr			a
1784   2142 4A          				lsr			a
1785   2143 18          				clc
1786   2144 69 01       				adc			#$01
1787   2146 38          				sec
1788   2147 E9 03       				sbc			#$03
1789   2149 18          				clc
1790   214A 65 2A       				adc			$2a
1791   214C 85 2A       				sta			$2a
1792   214E 60          				rts
1793   214F             
1794   214F             				;; Write character RAM
1795   214F             L22bc:
1796   214F A9 00       				lda			#$00
1797   2151 85 14       				sta			STRLOC
1798   2153 85 10       				sta			SCRLOC
1799   2155             ;				sta			$14
1800   2155             ;				sta			$18
1801   2155 A9 48       				lda			#$48
1802   2157 85 15       				sta			STRLOC+1
1803   2159             ;				sta			$15
1804   2159 A9 38       				lda			#$38
1805   215B 85 11       				sta			SCRLOC+1
1806   215D             ;				sta			$19
1807   215D             
1808   215D~            .if 0
1809   215D~            				;; Set ($18-19) to $3800 (char data source)
1810   215D~            				ldy			#$00
1811   215D~            				lda			L27fc, y
1812   215D~            				sta			$18
1813   215D~            				iny
1814   215D~            				lda			L27fc, y
1815   215D~            				sta			$19
1816   215D             .endif
1817   215D             				
1818   215D A2 08       				ldx			#$08										; 8 pages
1819   215F             
1820   215F             				;; Inline jsr
1821   215F             ;				jsr			L22e9										; Copy x pages (only called here)
1822   215F             
1823   215F A0 00       				ldy			#$00
1824   2161             CHLOOP:
1825   2161 B1 10       				lda			(SCRLOC), y
1826   2163             ;				lda			($18), y
1827   2163 91 14       				sta			(STRLOC), y
1828   2165             ;				sta			($14), y
1829   2165 C8          				iny
1830   2166 D0 F9       				bne			CHLOOP									; Loop
1831   2168             
1832   2168 E6 15       				inc			STRLOC+1
1833   216A E6 11       				inc			SCRLOC+1
1834   216C             ;				inc			$15
1835   216C             ;				inc			$19
1836   216C CA          				dex
1837   216D D0 F2       				bne			CHLOOP									; Loop
1838   216F 60          				rts
1839   2170             			
1840   2170             
1841   2170~            .if 0
1842   2170~            L22d7:
1843   2170~            				jsr			L22e0
1844   2170~            				inc			$19
1845   2170~            				dex
1846   2170~            				bne			L22d7
1847   2170~            				rts
1848   2170~            				
1849   2170~            L22e0:
1850   2170~            				ldy			#$00
1851   2170~            				tya
1852   2170~            L22e3:
1853   2170~            				sta			($18), y
1854   2170~            				iny
1855   2170~            				bne			L22e3
1856   2170~            				rts
1857   2170~            
1858   2170~            				;; Copy x pages from ($18-19) to ($14-15)
1859   2170~            L22e9:
1860   2170~            				jsr			L22f4
1861   2170~            				inc			STRLOC+1
1862   2170~            				inc			SCRLOC+1
1863   2170~            				dex
1864   2170~            				bne			L22e9										; Loop
1865   2170~            				rts
1866   2170~            
1867   2170~            				;; Copy $0100 bytes from ($18-19) to ($14-15)
1868   2170~            L22f4:
1869   2170~            				ldy			#$00
1870   2170~            L22f6:
1871   2170~            				lda			(SCRLOC), y
1872   2170~            				sta			(STRLOC), y
1873   2170~            				iny
1874   2170~            				bne			L22f6										; Loop
1875   2170~            				rts
1876   2170             .endif
1877   2170             
1878   2170             				;; Draw string #a
1879   2170             				;; 
1880   2170             DRAWSTRA:
1881   2170 0A          				asl			a												; a<<1
1882   2171 AA          				tax
1883   2172             				
1884   2172             				;; ROM loc of string  
1885   2172 BD 8D 2D    				lda			TXTTBL,x
1886   2175 85 14       				sta			STRLOC
1887   2177 BD 8E 2D    				lda			TXTTBL+1,x
1888   217A 85 15       				sta			STRLOC+1
1889   217C             
1890   217C             				;; Screen loc of string  
1891   217C BD BF 2D    				lda			TXTLOC,x
1892   217F 85 10       				sta			SCRLOC
1893   2181 BD C0 2D    				lda			TXTLOC+1,x
1894   2184 85 11       				sta			SCRLOC+1
1895   2186             				
1896   2186             				;; Draw string from (STRLOC) at (SCRLOC)
1897   2186             DRAWSTR:
1898   2186             L22fe:
1899   2186 A0 00       				ldy			#$00
1900   2188             DRAWSTRN:
1901   2188             L2300:
1902   2188 B1 14       				lda			(STRLOC), y							; Get char
1903   218A D0 02       				bne			L2306										; 0 terminated
1904   218C EA          				nop
1905   218D             
1906   218D 60          				rts															; Exit 
1907   218E             
1908   218E             L2306:
1909   218E 91 10       				sta			(SCRLOC), y							; Store char
1910   2190 C8          				iny
1911   2191 4C 88 21    				jmp			L2300										; Loop
1912   2194             
1913   2194             
1914   2194             				;; Add 3 lines to SCRLOC
1915   2194             L230c:
1916   2194 A9 60       				lda			#$60
1917   2196 4C A0 21    				jmp			L2318
1918   2199             
1919   2199             				;; Add 2 lines to SCRLOC
1920   2199             L2311:
1921   2199 A9 40       				lda			#$40
1922   219B 4C A0 21    				jmp			L2318
1923   219E             
1924   219E             				;; Add 1 line  to SCRLOC
1925   219E             L2316:
1926   219E A9 20       				lda			#$20
1927   21A0             
1928   21A0             L2318:
1929   21A0 18          				clc
1930   21A1 65 10       				adc			SCRLOC
1931   21A3 85 10       				sta			SCRLOC
1932   21A5 A5 11       				lda			SCRLOC+1
1933   21A7 69 00       				adc			#$00
1934   21A9 85 11       				sta			SCRLOC+1
1935   21AB 60          				rts
1936   21AC             
1937   21AC             				;; Back 3 lines
1938   21AC             L2324:
1939   21AC A9 60       				lda			#$60
1940   21AE 4C B8 21    				jmp			L2330										; SCRLOC =- a
1941   21B1             
1942   21B1             				;; Back 2 lines
1943   21B1             L2329:
1944   21B1 A9 40       				lda			#$40
1945   21B3 4C B8 21    				jmp			L2330										; SCRLOC =- a 
1946   21B6             
1947   21B6             
1948   21B6             				;; SCRLOC -= #$20
1949   21B6             L232e:
1950   21B6 A9 20       				lda			#$20
1951   21B8             
1952   21B8             				;; SCRLOC -= a
1953   21B8             L2330:
1954   21B8 85 00       				sta			$00
1955   21BA 38          				sec
1956   21BB A5 10       				lda			SCRLOC
1957   21BD E5 00       				sbc			$00
1958   21BF 85 10       				sta			SCRLOC
1959   21C1 A5 11       				lda			SCRLOC+1
1960   21C3 E9 00       				sbc			#$00
1961   21C5 85 11       				sta			SCRLOC+1
1962   21C7 60          				rts
1963   21C8             
1964   21C8             
1965   21C8             				;; Clear screen
1966   21C8             L2340:
1967   21C8 20 E1 21    				jsr			L2359										; ($10-11) = $4000
1968   21CB             
1969   21CB A8          				tay															; y=a=0
1970   21CC A2 04       				ldx			#$04										; Loop counter
1971   21CE             L2346:
1972   21CE 20 D9 21    				jsr			L2351										; Clear y chars at ($10-11)
1973   21D1             
1974   21D1 E6 11       				inc		SCRLOC+1
1975   21D3 CA          				dex
1976   21D4 D0 F8       				bne			L2346										; Loop
1977   21D6 60          				rts
1978   21D7             
1979   21D7             				;; Clear $20 chars at ($10-11)
1980   21D7 A0 20       				ldy			#$20
1981   21D9             
1982   21D9             				;; Clear y chars at ($10-11)
1983   21D9             L2351:
1984   21D9 A9 20       				lda			#$20										; (space char)
1985   21DB             L2353:
1986   21DB 88          				dey
1987   21DC 91 10       				sta			(SCRLOC), y
1988   21DE D0 FB       				bne			L2353										; Loop
1989   21E0 60          				rts
1990   21E1             
1991   21E1             				;; ($10-11) = $4000
1992   21E1             L2359:
1993   21E1 A9 40       				lda			#$40
1994   21E3 D0 0D       				bne			L236a
1995   21E5 EA          				nop
1996   21E6             
1997   21E6             				;; ($10-11) = $4100
1998   21E6 A9 41       				lda			#$41
1999   21E8 D0 08       				bne			L236a
2000   21EA EA          				nop
2001   21EB             
2002   21EB             				;; ($10-11) = $4200
2003   21EB A9 42       				lda			#$42
2004   21ED D0 03       				bne			L236a
2005   21EF EA          				nop
2006   21F0             
2007   21F0             				;; ($10-11) = $4300
2008   21F0             L2368:
2009   21F0 A9 43       				lda			#$43
2010   21F2             L236a:
2011   21F2 85 11       				sta		SCRLOC+1
2012   21F4 A9 00       				lda			#$00
2013   21F6 85 10       				sta			SCRLOC
2014   21F8 60          				rts
2015   21F9             
2016   21F9             
2017   21F9             L2371:
2018   21F9 A5 B1       				lda			ARROWS
2019   21FB C5 A8       				cmp			$a8
2020   21FD D0 07       				bne			L237e
2021   21FF EA          				nop
2022   2200 A9 9F       				lda			#$9f
2023   2202 20 52 22    				jsr			L23ca
2024   2205 60          				rts
2025   2206             L237e:
2026   2206 85 A8       				sta			$a8
2027   2208 A9 60       				lda			#$60
2028   220A 20 57 22    				jsr			L23cf										; Set AUDIO1 bits 
2029   220D 60          				rts
2030   220E             
2031   220E             				
2032   220E             				;; Delay ~84 frames
2033   220E             L2386:
2034   220E 20 11 22    				jsr			L2389										; Delay 42 frames  
2035   2211             				
2036   2211             				;; Delay ~42 frames
2037   2211             L2389:
2038   2211 20 14 22    				jsr			L238c										; Delay 21 frames  
2039   2214             
2040   2214             				;; Delay ~21 frames
2041   2214             L238c:
2042   2214 20 17 22    				jsr			L238f										; Delay ~10 frames
2043   2217             
2044   2217             				;; Delay ~10 frames
2045   2217             L238f:
2046   2217 A9 00       				lda			#$00
2047   2219 85 06       				sta			DELL
2048   221B 85 07       				sta			DELH
2049   221D             L2395:
2050   221D E6 06       				inc			DELL
2051   221F             L2397:
2052   221F E6 07       				inc			DELH
2053   2221 A9 26       				lda			#$26
2054   2223 C5 07       				cmp			DELH
2055   2225 D0 F8       				bne			L2397										; Inner loop 
2056   2227 C5 06       				cmp			DELL
2057   2229 D0 F2       				bne			L2395										; Outer loop 
2058   222B 60          				rts
2059   222C             
2060   222C             
2061   222C             				;; Kick PRNG
2062   222C             L23a4:
2063   222C 98          				tya
2064   222D 48          				pha															; Push y
2065   222E             
2066   222E A0 23       				ldy			#$23										; Loop counter 
2067   2230             L23a8:
2068   2230 A5 09       				lda			PRNG+1
2069   2232 F0 11       				beq			L23bd										; ==0
2070   2234 EA          				nop
2071   2235             
2072   2235 29 60       				and			#$60
2073   2237 C9 20       				cmp			#$20
2074   2239 F0 0A       				beq			L23bd										; == 20/60/a0/e0
2075   223B EA          				nop
2076   223C             
2077   223C C9 40       				cmp			#$40
2078   223E F0 05       				beq			L23bd										; == 40/c0
2079   2240 EA          				nop
2080   2241             
2081   2241 18          				clc															; Clear carry
2082   2242 90 02       				bcc			L23be										; (Always)
2083   2244 EA          				nop
2084   2245             
2085   2245             L23bd:
2086   2245 38          				sec															; Set carry
2087   2246             L23be:
2088   2246 26 08       				rol			PRNG
2089   2248 26 09       				rol			PRNG+1
2090   224A 88          				dey
2091   224B D0 E3       				bne			L23a8										; Loop 
2092   224D 68          				pla
2093   224E A8          				tay
2094   224F A5 08       				lda			PRNG
2095   2251 60          				rts
2096   2252             
2097   2252             
2098   2252             				;; Clear AUDIO1 bits
2099   2252             L23ca:
2100   2252 25 A3       				and			VAUD1
2101   2254 4C 59 22    				jmp			L23d1
2102   2257             
2103   2257             				;; Set AUDIO1 bits
2104   2257             L23cf:
2105   2257 05 A3       				ora			VAUD1
2106   2259             L23d1:
2107   2259 85 A3       				sta			VAUD1
2108   225B 8D 00 52    				sta			AUDIO1
2109   225E 60          				rts
2110   225F             
2111   225F             
2112   225F             L23d7:
2113   225F AD 00 51    				lda			$5100										; DIPs
2114   2262 49 FF       				eor			#$ff										; Invert 
2115   2264 29 60       				and			#$60										; Mask lives
2116   2266 4A          				lsr			a
2117   2267 4A          				lsr			a
2118   2268 4A          				lsr			a
2119   2269 4A          				lsr			a
2120   226A 4A          				lsr			a
2121   226B AA          				tax
2122   226C BD F9 25    				lda			L27c3, x								; Lives table 
2123   226F 85 C1       				sta			LIVES
2124   2271 60          				rts
2125   2272             
2126   2272             
2127   2272~            .if 0
2128   2272~            				;; Made this in-line
2129   2272~            L23ea:
2130   2272~            
2131   2272~            				lda			#$01
2132   2272~            				sta			$426b
2133   2272~            
2134   2272~            				;; Code inlined
2135   2272~            				;; Draw STR0B
2136   2272~            				lda			#$0b										; 10 POINTS 
2137   2272~            				jmp			DRAWSTRA								; Draw string (and return)
2138   2272~            				;; Code inlined
2139   2272~            
2140   2272~            				;; ($10-11) = $426d
2141   2272~            				lda			#$6d
2142   2272~            				sta			SCRLOC
2143   2272~            				lda			#$42
2144   2272~            				sta			SCRLOC+1
2145   2272~            
2146   2272~            				;; ($14-15) = $27ec
2147   2272~            				ldy			#$00
2148   2272~            				lda			L27fa, y
2149   2272~            				sta			STRLOC
2150   2272~            				iny
2151   2272~            				lda			L27fa, y
2152   2272~            				sta			STRLOC+1
2153   2272~            
2154   2272~            				jsr			DRAWSTR									; Draw string
2155   2272~            				rts
2156   2272             .endif
2157   2272             
2158   2272             
2159   2272             				;; Dras STR08
2160   2272             L2408:
2161   2272 A9 08       				lda			#$08										; TARG 
2162   2274 4C 70 21    				jmp			DRAWSTRA								; Draw string (and return)
2163   2277~            .if 0
2164   2277~            				;; ($10-11) = $42ef
2165   2277~            				lda			#$ef
2166   2277~            				sta			SCRLOC
2167   2277~            				lda			#$42
2168   2277~            				sta			SCRLOC+1
2169   2277~            
2170   2277~            				;; ($14-15) = $27de
2171   2277~            				ldy			#$00
2172   2277~            				lda			L27f6, y
2173   2277~            				sta			STRLOC
2174   2277~            				iny
2175   2277~            				lda			L27f6, y
2176   2277~            				sta			STRLOC+1
2177   2277~            
2178   2277~            				jsr			DRAWSTR									; Draw string
2179   2277~            				rts
2180   2277             .endif
2181   2277             
2182   2277             L2421:
2183   2277 A0 00       				ldy			#$00
2184   2279 A9 10       				lda			#$10
2185   227B 8D 00 52    				sta			AUDIO1
2186   227E A9 EE       				lda			#$ee
2187   2280 8D 00 51    				sta			MOBLAT									; Sprite latch
2188   2283             
2189   2283             				;; Draw STR09
2190   2283 A9 09       				lda			#$09										; GET READY 
2191   2285 20 70 21    				jsr			DRAWSTRA								; Draw string
2192   2288             
2193   2288~            .if 0
2194   2288~            				;; ($10-11) = $420d
2195   2288~            				lda			#$0d
2196   2288~            				sta			SCRLOC
2197   2288~            				lda			#$42
2198   2288~            				sta		SCRLOC+1
2199   2288~            
2200   2288~            				;; ($14-15) = $27d8
2201   2288~            				lda			L27f8, y
2202   2288~            				sta			STRLOC
2203   2288~            				iny
2204   2288~            				lda			L27f8, y
2205   2288~            				sta			STRLOC+1
2206   2288~            				jsr			DRAWSTR									; Draw string
2207   2288             .endif
2208   2288             
2209   2288             				;; Draw STR0A
2210   2288 A9 0A       				lda			#$0a										; PLAYER___
2211   228A 20 70 21    				jsr			DRAWSTRA								; Draw sting
2212   228D             
2213   228D~            .if 0	
2214   228D~            				;; ($10-11) = $430d
2215   228D~            				lda			#$43
2216   228D~            				sta			SCRLOC
2217   228D~            				iny
2218   228D~            				jsr			DRAWSTRN								; Draw next string
2219   228D             .endif
2220   228D             
2221   228D A5 BF       				lda			PNUM
2222   228F 09 30       				ora			#$30
2223   2291 8D 53 42    				sta			$4253										; Location
2224   2294             
2225   2294 20 0E 22    				jsr			L2386										; Delay 84 frames  
2226   2297 20 0E 22    				jsr			L2386										; Delay 84 frames  
2227   229A 60          				rts
2228   229B             ;				jmp			DEL168									; xxx 
2229   229B             				
2230   229B             
2231   229B             				;; Update sprite locations
2232   229B             L2459:
2233   229B A5 1C       				lda			SPR1H
2234   229D 8D 00 50    				sta			MOB1H
2235   22A0 A5 1D       				lda			SPR1V
2236   22A2 8D 40 50    				sta			MOB1V
2237   22A5 A5 22       				lda			SPR2H
2238   22A7 8D 80 50    				sta			MOB2H
2239   22AA A5 23       				lda			SPR2V
2240   22AC 8D C0 50    				sta			MOB2V
2241   22AF             L246d:
2242   22AF A5 1A       				lda			SPRVAL
2243   22B1 8D 00 51    				sta			MOBLAT							; Sprite latch
2244   22B4 60          				rts
2245   22B5             
2246   22B5             
2247   22B5             L2473:
2248   22B5 A5 1E       				lda			$1e
2249   22B7 F0 24       				beq			L249b
2250   22B9 EA          				nop
2251   22BA 18          				clc
2252   22BB 65 1C       				adc			SPR1H
2253   22BD 69 00       				adc			#$00
2254   22BF 20 10 23    				jsr			L24ce
2255   22C2 85 1C       				sta			SPR1H
2256   22C4 B0 02       				bcs			L2486
2257   22C6 EA          				nop
2258   22C7             
2259   22C7 60          				rts
2260   22C8             
2261   22C8             L2486:
2262   22C8 A5 30       				lda			$30
2263   22CA 29 40       				and			#$40										; Check D6 
2264   22CC D0 08       				bne			L2494
2265   22CE EA          				nop
2266   22CF             
2267   22CF A5 30       				lda			$30
2268   22D1 09 40       				ora			#$40										; Set D6 
2269   22D3 85 30       				sta			$30
2270   22D5 60          				rts
2271   22D6             
2272   22D6             L2494:
2273   22D6 A5 30       				lda			$30
2274   22D8 09 20       				ora			#$20										; Set D5 
2275   22DA 85 30       				sta			$30
2276   22DC 60          				rts
2277   22DD             L249b:
2278   22DD A5 1F       				lda			$1f
2279   22DF D0 02       				bne			L24a1
2280   22E1 EA          				nop
2281   22E2 60          				rts
2282   22E3             L24a1:
2283   22E3 18          				clc
2284   22E4 65 1D       				adc			SPR1V
2285   22E6 69 00       				adc			#$00
2286   22E8 20 10 23    				jsr			L24ce
2287   22EB 85 1D       				sta			SPR1V
2288   22ED B0 D9       				bcs			L2486
2289   22EF 60          				rts
2290   22F0             
2291   22F0             L24ae:
2292   22F0 A5 24       				lda			$24
2293   22F2 F0 0B       				beq			L24bd
2294   22F4 EA          				nop
2295   22F5             
2296   22F5 18          				clc
2297   22F6 65 22       				adc			SPR2H
2298   22F8 69 00       				adc			#$00
2299   22FA 20 21 23    				jsr			L24df
2300   22FD 85 22       				sta			SPR2H
2301   22FF             L24bd:
2302   22FF A5 25       				lda			$25
2303   2301 D0 02       				bne			L24c3
2304   2303 EA          				nop
2305   2304             
2306   2304 60          				rts
2307   2305             
2308   2305             L24c3:
2309   2305 18          				clc
2310   2306 65 23       				adc			SPR2V
2311   2308 69 00       				adc			#$00
2312   230A 20 21 23    				jsr			L24df
2313   230D 85 23       				sta			SPR2V
2314   230F 60          				rts
2315   2310             L24ce:
2316   2310 C9 FC       				cmp			#$fc
2317   2312 B0 07       				bcs			L24d9
2318   2314 EA          				nop
2319   2315 C9 D8       				cmp			#$d8
2320   2317 B0 05       				bcs			L24dc
2321   2319 EA          				nop
2322   231A 60          				rts
2323   231B             L24d9:
2324   231B A9 00       				lda			#$00
2325   231D 60          				rts
2326   231E             L24dc:
2327   231E A9 D8       				lda			#$d8
2328   2320 60          				rts
2329   2321             L24df:
2330   2321 C9 FC       				cmp			#$fc
2331   2323 B0 07       				bcs			L24ea
2332   2325 EA          				nop
2333   2326 C9 DA       				cmp			#$da
2334   2328 B0 02       				bcs			L24ea
2335   232A EA          				nop
2336   232B 60          				rts
2337   232C             L24ea:
2338   232C 85 00       				sta			$00
2339   232E A5 1A       				lda			SPRVAL
2340   2330 09 F0       				ora			#$f0
2341   2332 85 1A       				sta			SPRVAL
2342   2334 A9 00       				lda			#$00
2343   2336 85 31       				sta			$31
2344   2338 A5 00       				lda			$00
2345   233A 60          				rts
2346   233B             L24f9:
2347   233B A5 0C       				lda			$0c
2348   233D 29 18       				and			#$18
2349   233F 49 08       				eor			#$08
2350   2341 85 0C       				sta			$0c
2351   2343 60          				rts
2352   2344             
2353   2344~            .if 0
2354   2344~            				;; Store SCRLOC to temp
2355   2344~            L2502:
2356   2344~            				lda			SCRLOC
2357   2344~            				sta			SCRLOCT
2358   2344~            				lda			SCRLOC+1
2359   2344~            				sta			SCRLOCT+1
2360   2344~            				rts
2361   2344~            
2362   2344~            
2363   2344~            				;; Restore SCRLOC from temp
2364   2344~            L250b:
2365   2344~            				lda			SCRLOCT
2366   2344~            				sta			SCRLOC
2367   2344~            				lda			SCRLOCT+1
2368   2344~            				sta			SCRLOC+1
2369   2344~            				rts
2370   2344             .endif
2371   2344             
2372   2344             L2514:
2373   2344             				;; Stash SCRLOC
2374   2344 A5 10       				lda			SCRLOC
2375   2346 48          				pha
2376   2347 A5 11       				lda			SCRLOC+1
2377   2349 48          				pha
2378   234A             
2379   234A A5 0C       				lda			$0c											; Arrow dir?
2380   234C 29 18       				and			#$18
2381   234E AA          				tax
2382   234F C9 08       				cmp			#$08
2383   2351 F0 09       				beq			L2529
2384   2353 EA          				nop
2385   2354             
2386   2354 C9 10       				cmp			#$10
2387   2356 F0 0C       				beq			L2531
2388   2358 EA          				nop
2389   2359             
2390   2359 20 AC 21    				jsr			L2324										; Back 3 lines
2391   235C             L2529:
2392   235C A9 03       				lda			#$03
2393   235E 20 B8 21    				jsr			L2330										; SCRLOC =- a 
2394   2361 4C 67 23    				jmp			L2534
2395   2364             
2396   2364             
2397   2364             L2531:
2398   2364 20 AC 21    				jsr			L2324										; Back 3 lines
2399   2367             L2534:
2400   2367 8A          				txa															; x<<1
2401   2368 0A          				asl			a
2402   2369 AA          				tax															; Selects $10 byte tabkes at L2757 
2403   236A A9 00       				lda			#$00
2404   236C 85 00       				sta			$00
2405   236E             
2406   236E             				;; Copy 15 chars to ($41-4f)
2407   236E             L253b:
2408   236E BC 8D 25    				ldy			L2757, x								; Offset from scrloc 
2409   2371 F0 14       				beq			L2554
2410   2373 EA          				nop
2411   2374             
2412   2374 B1 10       				lda			(SCRLOC), y
2413   2376 86 01       				stx			$01
2414   2378 A6 00       				ldx			$00
2415   237A 29 7F       				and			#$7f
2416   237C 95 41       				sta			$41, x
2417   237E E8          				inx
2418   237F 86 00       				stx			$00
2419   2381 A6 01       				ldx			$01
2420   2383 E8          				inx
2421   2384 4C 6E 23    				jmp			L253b										; Loop 
2422   2387             
2423   2387             
2424   2387             L2554:
2425   2387             				;; Restore SCRLOC
2426   2387 68          				pla
2427   2388 85 11       				sta			SCRLOC+1
2428   238A 68          				pla
2429   238B 85 10       				sta			SCRLOC
2430   238D 60          				rts
2431   238E             
2432   238E             
2433   238E             L2558:
2434   238E A5 41       				lda			$41
2435   2390 C9 60       				cmp			#$60
2436   2392 B0 02       				bcs			L2560
2437   2394 EA          				nop
2438   2395             
2439   2395 60          				rts
2440   2396             
2441   2396             L2560:
2442   2396 A5 4B       				lda			$4b
2443   2398 C9 60       				cmp			#$60
2444   239A B0 13       				bcs			L2579
2445   239C EA          				nop
2446   239D             
2447   239D A5 4A       				lda			$4a
2448   239F C9 60       				cmp			#$60
2449   23A1 B0 02       				bcs			L256f
2450   23A3 EA          				nop
2451   23A4             
2452   23A4 60          				rts
2453   23A5             
2454   23A5             L256f:
2455   23A5 C9 20       				cmp			#$20
2456   23A7 90 19       				bcc			L258c
2457   23A9 EA          				nop
2458   23AA             
2459   23AA A9 04       				lda			#$04										; Set D2 
2460   23AC 4C B6 23    				jmp			L2580
2461   23AF             
2462   23AF             L2579:
2463   23AF C9 20       				cmp			#$20
2464   23B1 90 0F       				bcc			L258c
2465   23B3 EA          				nop
2466   23B4             
2467   23B4 A9 02       				lda			#$02										; Set D1 
2468   23B6             L2580:
2469   23B6 05 05       				ora			$05
2470   23B8 85 05       				sta			$05
2471   23BA 60          				rts
2472   23BB             
2473   23BB             L2585:
2474   23BB A5 41       				lda			$41
2475   23BD C9 20       				cmp			#$20
2476   23BF F0 08       				beq			L2593
2477   23C1 EA          				nop
2478   23C2             L258c:
2479   23C2 A5 05       				lda			$05
2480   23C4 09 01       				ora			#$01
2481   23C6 85 05       				sta			$05
2482   23C8 60          				rts
2483   23C9             L2593:
2484   23C9 A5 05       				lda			$05
2485   23CB 09 80       				ora			#$80
2486   23CD 85 05       				sta			$05
2487   23CF 60          				rts
2488   23D0             L259a:
2489   23D0 A5 4A       				lda			$4a
2490   23D2 C9 20       				cmp			#$20
2491   23D4 D0 07       				bne			L25a7
2492   23D6 EA          				nop
2493   23D7 A5 05       				lda			$05
2494   23D9 09 10       				ora			#$10
2495   23DB 85 05       				sta			$05
2496   23DD             L25a7:
2497   23DD A5 4B       				lda			$4b
2498   23DF C9 20       				cmp			#$20
2499   23E1 D0 07       				bne			L25b4
2500   23E3 EA          				nop
2501   23E4 A5 05       				lda			$05
2502   23E6 09 08       				ora			#$08
2503   23E8 85 05       				sta			$05
2504   23EA             L25b4:
2505   23EA 60          				rts
2506   23EB A5 4A       				lda			$4a
2507   23ED C9 20       				cmp			#$20
2508   23EF 90 25       				bcc			L25e0
2509   23F1 EA          				nop
2510   23F2 A5 4B       				lda			$4b
2511   23F4 C9 20       				cmp			#$20
2512   23F6 90 1E       				bcc			L25e0
2513   23F8 EA          				nop
2514   23F9 A5 4C       				lda			$4c
2515   23FB C9 20       				cmp			#$20
2516   23FD 90 17       				bcc			L25e0
2517   23FF EA          				nop
2518   2400 A5 4D       				lda			$4d
2519   2402 C9 20       				cmp			#$20
2520   2404 90 10       				bcc			L25e0
2521   2406 EA          				nop
2522   2407 A5 45       				lda			$45
2523   2409 C9 20       				cmp			#$20
2524   240B 90 09       				bcc			L25e0
2525   240D EA          				nop
2526   240E A5 49       				lda			$49
2527   2410 C9 20       				cmp			#$20
2528   2412 90 02       				bcc			L25e0
2529   2414 EA          				nop
2530   2415 60          				rts
2531   2416             L25e0:
2532   2416 A5 05       				lda			$05
2533   2418 09 40       				ora			#$40
2534   241A 85 05       				sta			$05
2535   241C 60          				rts
2536   241D A5 41       				lda			$41
2537   241F C9 20       				cmp			#$20
2538   2421 D0 02       				bne			L25ef
2539   2423 EA          				nop
2540   2424 60          				rts
2541   2425             L25ef:
2542   2425 A5 43       				lda			$43
2543   2427 C9 20       				cmp			#$20
2544   2429 D0 09       				bne			L25fe
2545   242B EA          				nop
2546   242C             
2547   242C A5 47       				lda			$47
2548   242E C9 20       				cmp			#$20
2549   2430 D0 02       				bne			L25fe
2550   2432 EA          				nop
2551   2433             
2552   2433 60          				rts
2553   2434             L25fe:
2554   2434 A5 05       				lda			$05
2555   2436 09 20       				ora			#$20
2556   2438 85 05       				sta			$05
2557   243A 60          				rts
2558   243B             
2559   243B             L2605:
2560   243B 20 9A 24    				jsr			L2664
2561   243E A6 3D       				ldx			$3d
2562   2440 BD CD 25    				lda			L2797, x
2563   2443 85 0C       				sta			$0c
2564   2445 BC D5 25    				ldy			L279f, x
2565   2448 20 D4 24    				jsr			L269e
2566   244B BD DD 25    				lda			L27a7, x
2567   244E 20 A0 21    				jsr			L2318
2568   2451 A5 3D       				lda			$3d
2569   2453 C9 03       				cmp			#$03
2570   2455 F0 02       				beq			L2623
2571   2457 EA          				nop
2572   2458             
2573   2458 60          				rts
2574   2459             
2575   2459             L2623:
2576   2459 20 B6 21    				jsr			L232e										; Could be jmp 
2577   245C 60          				rts
2578   245D             
2579   245D             
2580   245D             L2627:
2581   245D 20 9A 24    				jsr			L2664
2582   2460 A6 3D       				ldx			$3d
2583   2462 BD D1 25    				lda			L279b, x
2584   2465 85 0C       				sta			$0c
2585   2467 BC D9 25    				ldy			L27a3, x
2586   246A 20 D4 24    				jsr			L269e
2587   246D A5 3D       				lda			$3d
2588   246F C9 03       				cmp			#$03
2589   2471 F0 17       				beq			L2654
2590   2473 EA          				nop
2591   2474 C9 01       				cmp			#$01
2592   2476 F0 09       				beq			L264b
2593   2478 EA          				nop
2594   2479             
2595   2479 C9 02       				cmp			#$02
2596   247B F0 08       				beq			L264f
2597   247D EA          				nop
2598   247E             
2599   247E C6 10       				dec			SCRLOC									; Back 1 char 
2600   2480 60          				rts
2601   2481             
2602   2481             L264b:
2603   2481 20 9E 21    				jsr			L2316										; ($10-11) += $20 (1 line)
2604   2484 60          				rts
2605   2485             
2606   2485             L264f:
2607   2485 E6 10       				inc			SCRLOC									; Add 1 char 
2608   2487 20 B6 21    				jsr			L232e
2609   248A             L2654:
2610   248A 60          				rts
2611   248B             
2612   248B             
2613   248B             				;; Get new PRNG every 4th call
2614   248B             L2655:
2615   248B C6 0B       				dec			$0b
2616   248D 30 03       				bmi			L265c
2617   248F EA          				nop
2618   2490             
2619   2490 18          				clc															; Clr = no new PRNG 
2620   2491 60          				rts
2621   2492             
2622   2492             L265c:
2623   2492 20 9A 24    				jsr			L2664
2624   2495 20 2C 22    				jsr			L23a4										; Kick PRNG
2625   2498 38          				sec															; Set = new PRNG 
2626   2499 60          				rts
2627   249A             
2628   249A             L2664:
2629   249A A9 04       				lda			#$04
2630   249C 85 0B       				sta			$0b
2631   249E 60          				rts
2632   249F             
2633   249F             
2634   249F             L2669:
2635   249F A5 0C       				lda			$0c
2636   24A1 29 18       				and			#$18										; Mask D4,3 
2637   24A3 85 0C       				sta			$0c
2638   24A5 F0 1C       				beq			L268d
2639   24A7 EA          				nop
2640   24A8             
2641   24A8 C9 08       				cmp			#$08										; Check D3 
2642   24AA F0 0E       				beq			L2684
2643   24AC EA          				nop
2644   24AD             
2645   24AD C9 10       				cmp			#$10										; Check D4 
2646   24AF F0 1B       				beq			L2696
2647   24B1 EA          				nop
2648   24B2             
2649   24B2 A0 01       				ldy			#$01										; == $18 
2650   24B4 20 D4 24    				jsr			L269e
2651   24B7 C6 10       				dec			SCRLOC
2652   24B9 60          				rts
2653   24BA             
2654   24BA             
2655   24BA             				;; == $08
2656   24BA             L2684:
2657   24BA A0 00       				ldy			#$00
2658   24BC 20 D4 24    				jsr			L269e
2659   24BF 20 9E 21    				jsr			L2316										; ($10-11) += $20 (1 line)
2660   24C2 60          				rts
2661   24C3             
2662   24C3             
2663   24C3             				;; == $00
2664   24C3             L268d:
2665   24C3 A0 20       				ldy			#$20
2666   24C5 20 D4 24    				jsr			L269e
2667   24C8 20 B6 21    				jsr			L232e
2668   24CB 60          				rts
2669   24CC             
2670   24CC             
2671   24CC             				;; == $10
2672   24CC             L2696:
2673   24CC A0 00       				ldy			#$00
2674   24CE 20 D4 24    				jsr			L269e
2675   24D1 E6 10       				inc			SCRLOC
2676   24D3 60          				rts
2677   24D4             
2678   24D4             
2679   24D4             				;; == $18
2680   24D4             L269e:
2681   24D4 A9 20       				lda			#$20
2682   24D6 91 10       				sta			(SCRLOC), y
2683   24D8 60          				rts
2684   24D9             
2685   24D9             
2686   24D9             L26a3:
2687   24D9 A5 0C       				lda			$0c
2688   24DB 29 1F       				and			#$1f
2689   24DD A0 00       				ldy			#$00
2690   24DF 91 10       				sta			(SCRLOC), y
2691   24E1 E6 0C       				inc			$0c
2692   24E3 A5 0C       				lda			$0c
2693   24E5 29 1F       				and			#$1f
2694   24E7 A4 04       				ldy			$04
2695   24E9             L26b3:
2696   24E9 91 10       				sta			(SCRLOC), y
2697   24EB A5 0C       				lda			$0c
2698   24ED 29 07       				and			#$07
2699   24EF C9 07       				cmp			#$07
2700   24F1 F0 04       				beq			L26c1
2701   24F3 EA          				nop
2702   24F4 E6 0C       				inc			$0c
2703   24F6 60          				rts
2704   24F7             L26c1:
2705   24F7 A5 0C       				lda			$0c
2706   24F9 09 40       				ora			#$40
2707   24FB 85 0C       				sta			$0c
2708   24FD 60          				rts
2709   24FE             L26c8:
2710   24FE 20 36 25    				jsr			L2700
2711   2501 20 E1 21    				jsr			L2359										; ($10-11) = $4000
2712   2504 A9 80       				lda			#$80
2713   2506 85 10       				sta			SCRLOC
2714   2508 A2 09       				ldx			#$09
2715   250A             L26d4:
2716   250A A9 BA       				lda			#$ba
2717   250C 20 1E 25    				jsr			L26e8
2718   250F 20 9E 21    				jsr			L2316										; ($10-11) += $20 (1 line)
2719   2512 A9 BC       				lda			#$bc
2720   2514 20 1E 25    				jsr			L26e8
2721   2517 20 99 21    				jsr			L2311										; ($10-11) += $40 (2 lines)
2722   251A CA          				dex
2723   251B D0 ED       				bne			L26d4
2724   251D 60          				rts
2725   251E             
2726   251E             L26e8:
2727   251E A0 03       				ldy			#$03
2728   2520 85 03       				sta			$03
2729   2522 85 04       				sta			$04
2730   2524 E6 04       				inc			$04
2731   2526             L26f0:
2732   2526 A5 03       				lda			$03
2733   2528 91 10       				sta			(SCRLOC), y
2734   252A C8          				iny
2735   252B A5 04       				lda			$04
2736   252D 91 10       				sta			(SCRLOC), y
2737   252F C8          				iny
2738   2530 C8          				iny
2739   2531 C0 1D       				cpy			#$1d
2740   2533 90 F1       				bcc			L26f0
2741   2535 60          				rts
2742   2536             L2700:
2743   2536 20 E1 21    				jsr			L2359										; ($10-11) = $4000
2744   2539 A9 42       				lda			#$42
2745   253B 85 10       				sta			SCRLOC
2746   253D A9 60       				lda			#$60
2747   253F 20 73 25    				jsr			L273d
2748   2542 20 F0 21    				jsr			L2368										; ($10-11) = $4300
2749   2545 A9 E2       				lda			#$e2
2750   2547 85 10       				sta			SCRLOC
2751   2549 A9 61       				lda			#$61
2752   254B 20 73 25    				jsr			L273d
2753   254E 20 E1 21    				jsr			L2359										; ($10-11) = $4000
2754   2551 A9 60       				lda			#$60
2755   2553 85 10       				sta			SCRLOC
2756   2555 A9 63       				lda			#$63
2757   2557 20 79 25    				jsr			L2743
2758   255A 20 E1 21    				jsr			L2359										; ($10-11) = $4000
2759   255D A9 61       				lda			#$61
2760   255F 85 10       				sta			SCRLOC
2761   2561 A9 62       				lda			#$62
2762   2563 20 7E 25    				jsr			L2748
2763   2566 20 E1 21    				jsr			L2359										; ($10-11) = $4000
2764   2569 A9 61       				lda			#$61
2765   256B 85 10       				sta			SCRLOC
2766   256D A9 62       				lda			#$62
2767   256F 20 79 25    				jsr			L2743
2768   2572 60          				rts
2769   2573             
2770   2573             L273d:
2771   2573 A0 1C       				ldy			#$1c
2772   2575 20 DB 21    				jsr			L2353
2773   2578 60          				rts
2774   2579             
2775   2579             L2743:
2776   2579 A0 1E       				ldy			#$1e
2777   257B 4C 80 25    				jmp			L274a
2778   257E             
2779   257E             L2748:
2780   257E A0 00       				ldy			#$00
2781   2580             L274a:
2782   2580 A2 1C       				ldx			#$1c
2783   2582             L274c:
2784   2582 91 10       				sta			(SCRLOC), y
2785   2584 48          				pha
2786   2585 20 9E 21    				jsr			L2316										; ($10-11) += $20 (1 line)
2787   2588 68          				pla
2788   2589 CA          				dex
2789   258A D0 F6       				bne			L274c
2790   258C 60          				rts
2791   258D             
2792   258D             
2793   258D             				;; Table ($00 terminated)
2794   258D             L2757:
2795   258D 43 42 23 44 				.db			$43, $42, $23, $44,	$41, $22, $03, $24	; 
2795   2591 41 22 03 24 
2796   2595 45 62 64 61 				.db			$45, $62, $64, $61, $65, $60, $66, $00	;
2796   2599 65 60 66 00 
2797   259D             
2798   259D 43 44 63 42 				.db			$43, $44, $63, $42, $45, $64, $83, $62	;
2798   25A1 45 64 83 62 
2799   25A5 41 24 22 25 				.db			$41, $24, $22, $25, $21, $26, $20, $00	;
2799   25A9 21 26 20 00 
2800   25AD             
2801   25AD 62 42 63 82 				.db			$62, $42, $63, $82, $22, $43, $64, $83	;
2801   25B1 22 43 64 83 
2802   25B5 A2 41 81 21 				.db			$A2, $41, $81, $21, $A1, $01, $61, $00	;
2802   25B9 A1 01 61 00 
2803   25BD             
2804   25BD 62 82 61 42 				.db			$62, $82, $61, $42, $A2, $81, $60, $41	;
2804   25C1 A2 81 60 41 
2805   25C5 22 83 43 A3 				.db			$22, $83, $43, $A3, $23, $C3, $03, $00	;
2805   25C9 23 C3 03 00 
2806   25CD             
2807   25CD             L2797:
2808   25CD 10 18 08 00 				.db			$10, $18, $08, $00			;
2809   25D1             L279b:
2810   25D1 18 10 00 08 				.db			$18, $10, $00, $08			;
2811   25D5             L279f:
2812   25D5 20 00 00 01 				.db			$20, $00, $00, $01			;
2813   25D9             L27a3:
2814   25D9 20 00 00 01 				.db			$20, $00, $00, $01			;
2815   25DD             L27a7:
2816   25DD 00 1F 01 00 				.db			$00, $1F, $01, $00			;
2817   25E1             L27ab:
2818   25E1 04 20       				.db			$04, $20												; SPR1H!=0, SPR1V==0 
2819   25E3             L27ad:
2820   25E3 40 04       				.db			$40, $04												; SPR1H!=0, SPR1V!=0 
2821   25E5             L27af:
2822   25E5 08 40       				.db			$08, $40												; SPR1H==0, SPR1V!=0 
2823   25E7             L27b1:
2824   25E7 20 08       				.db			$20, $08												; SPR1H==0, SPR1V==0
2825   25E9             L27b3:
2826   25E9 00 02 01 80 				.db			$00, $02, $01, $80			;
2827   25ED             L27b7:
2828   25ED 02 00 80 01 				.db			$02, $00, $80, $01			;
2829   25F1             L27bb:
2830   25F1 01 80 02 00 				.db			$01, $80, $02, $00			;
2831   25F5             L27bf:
2832   25F5 80 01 00 02 				.db			$80, $01, $00, $02			;
2833   25F9             				
2834   25F9             L27c3:
2835   25F9 02 03 04 05 				.db			$02, $03, $04, $05							; Lives table				
2836   25FD             
2837   25FD             				;; Moved into common text block
2838   25FD~            .if 0
2839   25FD~            L27c7:
2840   25FD~            				.db			"END OF GAME", $00
2841   25FD~            
2842   25FD~            L27d3:
2843   25FD~            				.db			"TARG", $00
2844   25FD~            
2845   25FD~            L27d8:
2846   25FD~            				.db			"GET READY", $00
2847   25FD~            
2848   25FD~            L27e2:
2849   25FD~            				.db			"PLAYER   ", $00
2850   25FD~            
2851   25FD~            L27ec:
2852   25FD~            				.db			"10 POINTS", $00
2853   25FD~            
2854   25FD~            L27f6:
2855   25FD~            				.dw			L27d3														; Pointer to "GET READY"
2856   25FD~            L27f8:
2857   25FD~            				.dw			L27d8														; Pointer to "PLAYER   "
2858   25FD~            L27fa:
2859   25FD~            				.dw			L27ec														; Pointer to "10 POINTS"
2860   25FD             .endif
2861   25FD             
2862   25FD             L27fc:
2863   25FD 00 38       				.dw			$3800														;  (Char data source)
2864   25FF 20 20       				.dw			$2020														;
2865   2601             
2866   2601             L2800:
2867   2601 A5 3E       				lda			$3e
2868   2603 10 07       				bpl			L280b
2869   2605 EA          				nop
2870   2606             
2871   2606 20 F4 27    				jsr			L29f3
2872   2609 4C 21 26    				jmp			L2820
2873   260C             
2874   260C             L280b:
2875   260C A5 B1       				lda			ARROWS
2876   260E C9 03       				cmp			#$03
2877   2610 90 0F       				bcc			L2820
2878   2612 EA          				nop
2879   2613             
2880   2613 C6 0E       				dec			$0e
2881   2615 F0 06       				beq			L281c
2882   2617 EA          				nop
2883   2618             
2884   2618 A9 FF       				lda			#$ff
2885   261A 85 B2       				sta			$b2
2886   261C 60          				rts
2887   261D             
2888   261D             L281c:
2889   261D A5 B1       				lda			ARROWS
2890   261F 85 0E       				sta			$0e
2891   2621             L2820:
2892   2621 A6 3D       				ldx			$3d
2893   2623 A5 2D       				lda			$2d
2894   2625 10 03       				bpl			L2829
2895   2627 EA          				nop
2896   2628 49 FF       				eor			#$ff
2897   262A             L2829:
2898   262A 85 00       				sta			$00
2899   262C A5 2C       				lda			$2c
2900   262E 10 03       				bpl			L2832
2901   2630 EA          				nop
2902   2631             L2830:
2903   2631 49 FF       				eor			#$ff
2904   2633             L2832:
2905   2633 C5 00       				cmp			$00
2906   2635 B0 12       				bcs			L2848
2907   2637 EA          				nop
2908   2638 A5 2D       				lda			$2d
2909   263A 10 07       				bpl			L2842
2910   263C EA          				nop
2911   263D BD F1 25    				lda			L27bb, x
2912   2640 4C 57 26    				jmp			L2856
2913   2643             L2842:
2914   2643 BD F5 25    				lda			L27bf, x
2915   2646 4C 57 26    				jmp			L2856
2916   2649             L2848:
2917   2649 A5 2C       				lda			$2c
2918   264B 10 07       				bpl			L2853
2919   264D EA          				nop
2920   264E BD E9 25    				lda			L27b3, x
2921   2651 4C 57 26    				jmp			L2856
2922   2654             L2853:
2923   2654 BD ED 25    				lda			L27b7, x
2924   2657             L2856:
2925   2657 F0 04       				beq			L285c
2926   2659 EA          				nop
2927   265A 85 B2       				sta			$b2
2928   265C 60          				rts
2929   265D             L285c:
2930   265D A5 3E       				lda			$3e
2931   265F 10 2B       				bpl			L288b
2932   2661 EA          				nop
2933   2662 A5 1A       				lda			SPRVAL
2934   2664 29 03       				and			#$03
2935   2666 18          				clc
2936   2667 65 3D       				adc			$3d
2937   2669 C9 01       				cmp			#$01
2938   266B F0 09       				beq			L2875
2939   266D EA          				nop
2940   266E C9 05       				cmp			#$05
2941   2670 F0 0E       				beq			L287f
2942   2672 EA          				nop
2943   2673 4C 8C 26    				jmp			L288b
2944   2676             L2875:
2945   2676 A5 30       				lda			$30
2946   2678 29 10       				and			#$10										; Check D4 
2947   267A D0 0B       				bne			L2886
2948   267C EA          				nop
2949   267D             
2950   267D 4C 8C 26    				jmp			L288b
2951   2680             
2952   2680             L287f:
2953   2680 A5 30       				lda			$30
2954   2682 29 08       				and			#$08										; Check D3 
2955   2684 F0 06       				beq			L288b
2956   2686 EA          				nop
2957   2687             
2958   2687             L2886:
2959   2687 A9 03       				lda			#$03
2960   2689 85 B2       				sta			$b2
2961   268B 60          				rts
2962   268C             L288b:
2963   268C A9 00       				lda			#$00
2964   268E 85 B2       				sta			$b2
2965   2690 60          				rts
2966   2691 A9 80       				lda			#$80
2967   2693 85 B2       				sta			$b2
2968   2695 60          				rts
2969   2696 A9 01       				lda			#$01
2970   2698 85 B2       				sta			$b2
2971   269A 60          				rts
2972   269B             
2973   269B             L289a:
2974   269B 20 44 23    				jsr			L2514
2975   269E 20 9B 27    				jsr			L299a
2976   26A1 A5 0C       				lda			$0c
2977   26A3 29 18       				and			#$18
2978   26A5 4A          				lsr			a
2979   26A6 4A          				lsr			a
2980   26A7 4A          				lsr			a
2981   26A8 85 3D       				sta			$3d
2982   26AA A9 00       				lda			#$00
2983   26AC 85 05       				sta			$05
2984   26AE 20 01 26    				jsr			L2800
2985   26B1 20 BB 23    				jsr			L2585
2986   26B4 A5 05       				lda			$05
2987   26B6 29 01       				and			#$01
2988   26B8 F0 0B       				beq			L28c4
2989   26BA EA          				nop
2990   26BB             
2991   26BB A5 41       				lda			$41
2992   26BD C9 3A       				cmp			#$3a
2993   26BF B0 19       				bcs			L28d9
2994   26C1 EA          				nop
2995   26C2             
2996   26C2 4C 3B 23    				jmp			L24f9
2997   26C5             
2998   26C5             L28c4:
2999   26C5 20 8E 23    				jsr			L2558
3000   26C8 A5 05       				lda			$05
3001   26CA 29 06       				and			#$06
3002   26CC F0 0C       				beq			L28d9
3003   26CE EA          				nop
3004   26CF             
3005   26CF C9 02       				cmp			#$02
3006   26D1 F0 04       				beq			L28d6
3007   26D3 EA          				nop
3008   26D4             
3009   26D4 4C 3B 24    				jmp			L2605
3010   26D7             
3011   26D7             L28d6:
3012   26D7 4C 5D 24    				jmp			L2627
3013   26DA             
3014   26DA             L28d9:
3015   26DA 20 D0 23    				jsr			L259a
3016   26DD A5 05       				lda			$05
3017   26DF 30 1F       				bmi			L28ff
3018   26E1 EA          				nop
3019   26E2 29 18       				and			#$18
3020   26E4 F0 17       				beq			L28fc
3021   26E6 EA          				nop
3022   26E7 C9 08       				cmp			#$08
3023   26E9 F0 0F       				beq			L28f9
3024   26EB EA          				nop
3025   26EC C9 10       				cmp			#$10
3026   26EE F0 07       				beq			L28f6
3027   26F0 EA          				nop
3028   26F1 20 2C 22    				jsr			L23a4								; Kick PRNG
3029   26F4 30 04       				bmi			L28f9
3030   26F6 EA          				nop
3031   26F7             L28f6:
3032   26F7 4C 5D 24    				jmp			L2627
3033   26FA             L28f9:
3034   26FA 4C 3B 24    				jmp			L2605
3035   26FD             L28fc:
3036   26FD 4C 3B 23    				jmp			L24f9
3037   2700             L28ff:
3038   2700 A5 05       				lda			$05
3039   2702 29 18       				and			#$18
3040   2704 F0 22       				beq			L2927
3041   2706 EA          				nop
3042   2707 C9 18       				cmp			#$18
3043   2709 F0 26       				beq			L2930
3044   270B EA          				nop
3045   270C A5 3E       				lda			$3e
3046   270E 30 40       				bmi			L294f
3047   2710 EA          				nop
3048   2711 20 8B 24    				jsr			L2655
3049   2714 90 12       				bcc			L2927
3050   2716 EA          				nop
3051   2717 30 0F       				bmi			L2927
3052   2719 EA          				nop
3053   271A             L2919:
3054   271A A5 05       				lda			$05
3055   271C 29 18       				and			#$18
3056   271E C9 08       				cmp			#$08
3057   2720 F0 0C       				beq			L292d
3058   2722 EA          				nop
3059   2723 C9 10       				cmp			#$10
3060   2725 F0 04       				beq			L292a
3061   2727 EA          				nop
3062   2728             L2927:
3063   2728 4C 75 27    				jmp			L2974
3064   272B             L292a:
3065   272B 4C 5D 24    				jmp			L2627
3066   272E             L292d:
3067   272E 4C 3B 24    				jmp			L2605
3068   2731             L2930:
3069   2731 A5 B2       				lda			$b2
3070   2733 F0 F3       				beq			L2927
3071   2735 C9 03       				cmp			#$03
3072   2737 F0 0D       				beq			L2945
3073   2739 EA          				nop
3074   273A C9 01       				cmp			#$01
3075   273C F0 ED       				beq			L292a
3076   273E C9 80       				cmp			#$80
3077   2740 F0 EC       				beq			L292d
3078   2742 C9 02       				cmp			#$02
3079   2744 F0 B7       				beq			L28fc
3080   2746             L2945:
3081   2746 20 8B 24    				jsr			L2655
3082   2749 90 DD       				bcc			L2927
3083   274B 30 DE       				bmi			L292a
3084   274D 4C 2E 27    				jmp			L292d
3085   2750             L294f:
3086   2750 A5 B2       				lda			$b2
3087   2752 F0 D4       				beq			L2927
3088   2754 30 0D       				bmi			L2962
3089   2756 EA          				nop
3090   2757 C9 01       				cmp			#$01
3091   2759 F0 11       				beq			L296b
3092   275B EA          				nop
3093   275C C9 02       				cmp			#$02
3094   275E F0 9D       				beq			L28fc
3095   2760 4C 1A 27    				jmp			L2919
3096   2763             L2962:
3097   2763 A5 05       				lda			$05
3098   2765 29 10       				and			#$10
3099   2767 D0 C5       				bne			L292d
3100   2769 4C 28 27    				jmp			L2927
3101   276C             L296b:
3102   276C A5 05       				lda			$05
3103   276E 29 08       				and			#$08
3104   2770 D0 B9       				bne			L292a
3105   2772 4C 28 27    				jmp			L2927
3106   2775             L2974:
3107   2775 20 9F 24    				jsr			L2669
3108   2778 60          				rts
3109   2779             L2978:
3110   2779 A0 00       				ldy			#$00
3111   277B B1 10       				lda			($10), y
3112   277D C9 21       				cmp			#$21
3113   277F F0 18       				beq			L2998
3114   2781 EA          				nop
3115   2782 A5 0C       				lda			$0c
3116   2784 29 10       				and			#$10
3117   2786 D0 06       				bne			L298d
3118   2788 EA          				nop
3119   2789 A0 20       				ldy			#$20
3120   278B 4C 90 27    				jmp			L298f
3121   278E             L298d:
3122   278E A0 01       				ldy			#$01
3123   2790             L298f:
3124   2790 B1 10       				lda			(SCRLOC), y
3125   2792 C9 21       				cmp			#$21
3126   2794 F0 03       				beq			L2998
3127   2796 EA          				nop
3128   2797 18          				clc
3129   2798 60          				rts
3130   2799             L2998:
3131   2799 38          				sec
3132   279A 60          				rts
3133   279B             L299a:
3134   279B 20 BF 20    				jsr			L222c
3135   279E A5 2D       				lda			$2d
3136   27A0 10 03       				bpl			L29a4
3137   27A2 EA          				nop
3138   27A3 49 FF       				eor			#$ff
3139   27A5             L29a4:
3140   27A5 C9 07       				cmp			#$07
3141   27A7 B0 2F       				bcs			L29d7
3142   27A9 EA          				nop
3143   27AA C9 02       				cmp			#$02
3144   27AC B0 07       				bcs			L29b4
3145   27AE EA          				nop
3146   27AF A5 30       				lda			$30
3147   27B1 09 10       				ora			#$10										; SEt D4 
3148   27B3 85 30       				sta			$30
3149   27B5             L29b4:
3150   27B5 A5 2C       				lda			$2c
3151   27B7 10 03       				bpl			L29bb
3152   27B9 EA          				nop
3153   27BA 49 FF       				eor			#$ff
3154   27BC             L29bb:
3155   27BC C9 07       				cmp			#$07
3156   27BE B0 18       				bcs			L29d7
3157   27C0 EA          				nop
3158   27C1 C9 02       				cmp			#$02
3159   27C3 B0 07       				bcs			L29cb
3160   27C5 EA          				nop
3161   27C6 A5 30       				lda			$30
3162   27C8 09 08       				ora			#$08										; Set D3 
3163   27CA 85 30       				sta			$30
3164   27CC             L29cb:
3165   27CC A5 3E       				lda			$3e
3166   27CE 09 80       				ora			#$80
3167   27D0 85 3E       				sta			$3e
3168   27D2 A9 01       				lda			#$01
3169   27D4 85 0F       				sta			$0f
3170   27D6 18          				clc
3171   27D7 60          				rts
3172   27D8             L29d7:
3173   27D8 A5 B1       				lda			ARROWS
3174   27DA C9 04       				cmp			#$04
3175   27DC B0 08       				bcs			L29e5
3176   27DE EA          				nop
3177   27DF A5 3E       				lda			$3e
3178   27E1 09 80       				ora			#$80
3179   27E3 85 3E       				sta			$3e
3180   27E5 60          				rts
3181   27E6             L29e5:
3182   27E6 A5 30       				lda			$30
3183   27E8 29 E7       				and			#$e7										; Clear D4,3 
3184   27EA 85 30       				sta			$30
3185   27EC A5 3E       				lda			$3e
3186   27EE 29 7F       				and			#$7f
3187   27F0 85 3E       				sta			$3e
3188   27F2 38          				sec
3189   27F3 60          				rts
3190   27F4             L29f3:
3191   27F4 A5 1A       				lda			SPRVAL
3192   27F6 29 03       				and			#$03
3193   27F8 F0 10       				beq			L2a09
3194   27FA EA          				nop
3195   27FB C9 01       				cmp			#$01
3196   27FD F0 1B       				beq			L2a19
3197   27FF EA          				nop
3198   2800 C9 02       				cmp			#$02
3199   2802 F0 26       				beq			L2a29
3200   2804 EA          				nop
3201   2805 E6 2A       				inc			$2a
3202   2807 4C 2C 28    				jmp			L2a2b
3203   280A             L2a09:
3204   280A A9 20       				lda			#$20
3205   280C 18          				clc
3206   280D 65 2A       				adc			$2a
3207   280F 85 2A       				sta			$2a
3208   2811 A5 2B       				lda			$2b
3209   2813 69 00       				adc			#$00
3210   2815 85 2B       				sta			$2b
3211   2817 4C 2C 28    				jmp			L2a2b
3212   281A             L2a19:
3213   281A A5 2A       				lda			$2a
3214   281C 38          				sec
3215   281D E9 20       				sbc			#$20
3216   281F 85 2A       				sta			$2a
3217   2821 A5 2B       				lda			$2b
3218   2823 E9 00       				sbc			#$00
3219   2825 85 2B       				sta			$2b
3220   2827 4C 2C 28    				jmp			L2a2b
3221   282A             L2a29:
3222   282A C6 2A       				dec			$2a
3223   282C             L2a2b:
3224   282C 20 C2 20    				jsr			L222f
3225   282F 60          				rts
3226   2830             
3227   2830             				;; Split nybbles
3228   2830             L2a2f:
3229   2830 A8          				tay															; Stash a
3230   2831 4A          				lsr			a												; a>>1
3231   2832 4A          				lsr			a												; a>>2
3232   2833 4A          				lsr			a												; a>>3
3233   2834 4A          				lsr			a												; a>>4
3234   2835 48          				pha															; Hi nybble
3235   2836 98          				tya
3236   2837 29 0F       				and			#$0f										; Low nybble
3237   2839 A8          				tay															; Stash in y
3238   283A 68          				pla															; Hi nybble
3239   283B 60          				rts
3240   283C             
3241   283C             				;; Draw player scores
3242   283C             L2a3b:
3243   283C A0 00       				ldy			#$00										; P1
3244   283E A2 01       				ldx			#$01										; P1 offset
3245   2840 20 47 28    				jsr			L2a46
3246   2843             				
3247   2843 A0 01       				ldy			#$01										; P2
3248   2845 A2 1A       				ldx			#$1a										; P2 offset
3249   2847             L2a46:
3250   2847 B9 D0 00    				lda			$00d0, y								; Score lo
3251   284A 85 03       				sta			$03
3252   284C B9 D2 00    				lda			$00d2, y								; Score hi
3253   284F 20 61 28    				jsr			L2a60										; Draw 2 byte score from a, $03
3254   2852 60          				rts
3255   2853             
3256   2853             				;; Add a to current player score & redraw
3257   2853             				;; (X = offset)
3258   2853             L2a52:
3259   2853 F8          				sed
3260   2854 18          				clc
3261   2855 65 BD       				adc			SCOREP
3262   2857 85 BD       				sta			SCOREP
3263   2859 85 03       				sta			$03
3264   285B A5 BE       				lda			SCOREP+1
3265   285D 69 00       				adc			#$00
3266   285F 85 BE       				sta			SCOREP+1
3267   2861             
3268   2861             				;; Draw 2 byte score from a, $03 + 0
3269   2861             L2a60:
3270   2861 20 6B 28    				jsr			L2a6a
3271   2864 A9 30       				lda			#$30
3272   2866 9D 20 40    				sta			$4020, x								; Append 0
3273   2869 D8          				cld
3274   286A 60          				rts
3275   286B             
3276   286B             				;; Draw 2-byte score from a, $03
3277   286B             L2a6a:
3278   286B 20 70 28    				jsr			DRAWBCD									; Do hi byte
3279   286E A5 03       				lda			$03											; Get lo byte
3280   2870             
3281   2870             				;; DrawBCD at $4020+x
3282   2870             DRAWBCD:
3283   2870             L2a6f:
3284   2870 20 30 28    				jsr			L2a2f										; Split nybbles
3285   2873 20 77 28    				jsr			L2a76										; Do hi nubble
3286   2876 98          				tya															; Get lo nybble
3287   2877             L2a76:
3288   2877 09 30       				ora			#$30										; BCD to char
3289   2879 9D 20 40    				sta			$4020, x								; Store to screen
3290   287C E8          				inx
3291   287D 60          				rts
3292   287E             
3293   287E             L2a7d:
3294   287E A5 BF       				lda			PNUM
3295   2880 C9 01       				cmp			#$01
3296   2882 F0 06       				beq			L2a89
3297   2884 EA          				nop
3298   2885             
3299   2885 A2 09       				ldx			#$09
3300   2887 4C 8C 28    				jmp			L2a8b
3301   288A             
3302   288A             L2a89:
3303   288A A2 00       				ldx			#$00
3304   288C             L2a8b:
3305   288C A9 64       				lda			#$64
3306   288E A4 C1       				ldy			LIVES
3307   2890             L2a8f:
3308   2890 9D 2A 40    				sta			$402a, x
3309   2893 E8          				inx
3310   2894 88          				dey
3311   2895 D0 F9       				bne			L2a8f
3312   2897 60          				rts
3313   2898             L2a97:
3314   2898 A5 3E       				lda			$3e
3315   289A 29 02       				and			#$02
3316   289C D0 1D       				bne			L2aba
3317   289E EA          				nop
3318   289F             
3319   289F E6 06       				inc			DELL
3320   28A1 30 02       				bmi			L2aa4
3321   28A3 EA          				nop
3322   28A4             
3323   28A4 60          				rts
3324   28A5             
3325   28A5             L2aa4:
3326   28A5 20 2C 22    				jsr			L23a4										; Kick PRNG
3327   28A8 29 47       				and			#$47
3328   28AA C9 40       				cmp			#$40
3329   28AC F0 06       				beq			L2ab3
3330   28AE EA          				nop
3331   28AF             
3332   28AF A9 00       				lda			#$00
3333   28B1 85 06       				sta			DELL
3334   28B3 60          				rts
3335   28B4             
3336   28B4             L2ab3:
3337   28B4 A5 3E       				lda			$3e
3338   28B6 09 02       				ora			#$02										; Set D1 
3339   28B8 85 3E       				sta			$3e
3340   28BA 60          				rts
3341   28BB             
3342   28BB             L2aba:
3343   28BB 20 79 2B    				jsr			L2e76
3344   28BE 60          				rts
3345   28BF             
3346   28BF~            .if 0
3347   28BF~            				;; No way to get here?
3348   28BF~            				;; Copy of L3307?
3349   28BF~            				ldx			#$07
3350   28BF~            L2ac0:
3351   28BF~            				lda			$96, x
3352   28BF~            				sta			$0b, x
3353   28BF~            				dex
3354   28BF~            				bpl			L2ac0
3355   28BF~            				dec			$0f
3356   28BF~            				bpl			L2ae2
3357   28BF~            				nop
3358   28BF~            				lda			$b0
3359   28BF~            				cmp			#$08
3360   28BF~            				bcc			L2ad8
3361   28BF~            				nop
3362   28BF~            				lda			#$02
3363   28BF~            				jmp			L2adf
3364   28BF~            L2ad8:
3365   28BF~            				eor			#$ff
3366   28BF~            				and			#$07
3367   28BF~            				clc
3368   28BF~            				adc			#$02
3369   28BF~            L2adf:
3370   28BF~            				jsr			L2d07
3371   28BF~            L2ae2:
3372   28BF~            
3373   28BF~            				;; Copy Arrow struct from $0b to $96
3374   28BF~            				ldx			#$07
3375   28BF~            L2ae4:
3376   28BF~            				lda			$0b, x
3377   28BF~            				sta			$96, x
3378   28BF~            				dex
3379   28BF~            				bpl			L2ae4
3380   28BF~            
3381   28BF~            				bit			STATUS
3382   28BF~            				bpl			L2b20										; D7 clear (not game?) 
3383   28BF~            				nop
3384   28BF~            
3385   28BF~            				bit			$0c
3386   28BF~            				bmi			L2b20
3387   28BF~            				nop
3388   28BF~            
3389   28BF~            				bit			$0d
3390   28BF~            				bmi			L2b20
3391   28BF~            				nop
3392   28BF~            
3393   28BF~            				lda			#$ef
3394   28BF~            				jsr			L23ca
3395   28BF~            				bit			$3e
3396   28BF~            				bmi			L2b2c
3397   28BF~            				nop
3398   28BF~            
3399   28BF~            				lda			$2d
3400   28BF~            				beq			L2b2c
3401   28BF~            				nop
3402   28BF~            
3403   28BF~            				lda			$2c
3404   28BF~            				beq			L2b2c
3405   28BF~            				nop
3406   28BF~            
3407   28BF~            				lda			$30
3408   28BF~            				and			#$18
3409   28BF~            				bne			L2b2c
3410   28BF~            				nop
3411   28BF~            
3412   28BF~            				lda			#$fe
3413   28BF~            				jsr			L23ca
3414   28BF~            				lda			#$08
3415   28BF~            				jsr			L23cf										; Set AUDIO1 bits 
3416   28BF~            				rts
3417   28BF~            
3418   28BF~            L2b20:
3419   28BF~            				lda			VAUD1
3420   28BF~            				and			#$f0										; Mask high nybble 
3421   28BF~            				ora			#$10										; Set d4 
3422   28BF~            				sta			VAUD1
3423   28BF~            				sta			AUDIO1
3424   28BF~            				rts
3425   28BF~            
3426   28BF~            
3427   28BF~            L2b2c:
3428   28BF~            				lda			#$f7
3429   28BF~            				jsr			L23ca
3430   28BF~            				lda			#$01
3431   28BF~            				jsr			L23cf										; Set AUDIO1 bits 
3432   28BF~            				rts
3433   28BF~            				;; End of uncalled
3434   28BF             .endif
3435   28BF             
3436   28BF             
3437   28BF             				;; Draw STR15
3438   28BF             L2b37:
3439   28BF A9 15       				lda			#$15										; COPYRIGHT 
3440   28C1 4C 70 21    				jmp			DRAWSTRA								; Draw string (ann return)
3441   28C4             
3442   28C4~            .if 0
3443   28C4~            				;; ($10-11) = $4343
3444   28C4~            				ldy			#$00
3445   28C4~            				lda			#$43
3446   28C4~            				sta			SCRLOC
3447   28C4~            				sta		SCRLOC+1
3448   28C4~            
3449   28C4~            				;; ($14-15) = $2fc8
3450   28C4~            				lda			L2ff8, y
3451   28C4~            				sta			STRLOC
3452   28C4~            				iny
3453   28C4~            				lda			L2ff8, y
3454   28C4~            				sta			$0014, y
3455   28C4~            				jsr			DRAWSTR									; Draw string
3456   28C4~            				rts
3457   28C4             .endif
3458   28C4             
3459   28C4             
3460   28C4             				;; Draw DEPOSIT COIN / OR PRESS START
3461   28C4             L2b4f:
3462   28C4 20 D7 28    				jsr			L2b63										; Draw DEPOSIT COIN
3463   28C7 A5 A1       				lda			CREDIT									; Credits
3464   28C9 D0 02       				bne			L2b58
3465   28CB EA          				nop
3466   28CC 60          				rts
3467   28CD             
3468   28CD             				;; Draw STR12
3469   28CD             L2b58:
3470   28CD A9 12       				lda			#$12										; OR PRESS START
3471   28CF 20 70 21    				jsr			DRAWSTRA								; Draw string
3472   28D2             
3473   28D2 A9 18       				lda			#$18										; PRESS START 
3474   28D4 4C 70 21    				jmp			DRAWSTRA								; Draw string (and return)
3475   28D7             				
3476   28D7~            .if 0 
3477   28D7~            				;; Draw OR_PRESS_START
3478   28D7~            				ldy			#$02										; (OR PRESS START)
3479   28D7~            
3480   28D7~            				lda			#$0a
3481   28D7~            				sta			SCRLOC
3482   28D7~            				lda			#$42										; ($420a) 
3483   28D7~            				jmp			L2b6b
3484   28D7             .endif
3485   28D7             
3486   28D7             				;; Draw STR11
3487   28D7             L2b63:
3488   28D7 A9 11       				lda			#$11										; DEPOSIT COIN
3489   28D9 4C 70 21    				jmp			DRAWSTRA								; Draw string (and return)
3490   28DC             				
3491   28DC~            .if 0 
3492   28DC~            				ldy			#$00										; (DEPOSIT COIN) 
3493   28DC~            				lda			#$eb
3494   28DC~            				sta			SCRLOC
3495   28DC~            				lda			#$41										; ($41eb) 
3496   28DC~            L2b6b:
3497   28DC~            				sta		SCRLOC+1
3498   28DC~            
3499   28DC~            				lda			L2fee, y								; (DEPOSIT COIN) 
3500   28DC~            				sta			STRLOC
3501   28DC~            				iny
3502   28DC~            				lda			L2fee, y
3503   28DC~            				sta			STRLOC+1
3504   28DC~            				jsr			DRAWSTR									; Draw string
3505   28DC~            
3506   28DC~            				rts
3507   28DC             .endif
3508   28DC             
3509   28DC             				;; Set up quarter coinage
3510   28DC             L2b7c:
3511   28DC A9 69       				lda			#$69
3512   28DE 85 10       				sta			SCRLOC
3513   28E0 A9 41       				lda			#$41
3514   28E2 85 11       				sta			SCRLOC+1								; ($4169) 
3515   28E4 AD 00 51    				lda			$5100										; DIPs
3516   28E7 29 18       				and			#$18										; Mask coinage
3517   28E9 D0 02       				bne			L2b8d										; Non 1C_1P setting
3518   28EB EA          				nop
3519   28EC             				
3520   28EC             CNOLINE2:																; No 2nd line for 2P1C 
3521   28EC 60          				rts															; No display for  1P1C
3522   28ED             
3523   28ED             L2b8d:
3524   28ED 18          				clc
3525   28EE 4A          				lsr			a												; {$08,$10,$18} -> ($04,$08,$0c)
3526   28EF 4A          				lsr			a												; {$08,$10,$18} -> ($02,$04,$06)
3527   28F0 69 0B       				adc			#$0b										; {$08,$10,$18} -> {$0d,$0f,$11}
3528   28F2             
3529   28F2 48          				pha															; Stash
3530   28F3 29 FE       				and			#$fe										; Clear LSB 
3531   28F5 20 70 21    				jsr			DRAWSTRA								; Draw string
3532   28F8             				
3533   28F8 68          				pla															; Restore
3534   28F9 C9 11       				cmp			#$11										; (clears carry) 
3535   28FB F0 EF       				beq			CNOLINE2
3536   28FD             
3537   28FD 4C 70 21    				jmp			DRAWSTRA								; Draw string (and return)
3538   2900             				
3539   2900~            .if	0
3540   2900~            L2b8d:
3541   2900~            				cmp			#$18
3542   2900~            				beq			L2b9c										; == $18
3543   2900~            				nop
3544   2900~            
3545   2900~            				cmp			#$08
3546   2900~            				beq			L2ba1										; == $08
3547   2900~            				nop
3548   2900~            
3549   2900~            				;; $10 = 2C/1P
3550   2900~            				ldy			#$06
3551   2900~            				jmp			L2ba3
3552   2900~            
3553   2900~            				;; $18 = 1C/2P
3554   2900~            L2b9c:
3555   2900~            				ldy			#$00
3556   2900~            				jmp			L2ba3
3557   2900~            
3558   2900~            				;; $08 = 1C/1C (with display)
3559   2900~            				;; ($14-15) = $2f37
3560   2900~            L2ba1:
3561   2900~            				ldy			#$02
3562   2900~            L2ba3:
3563   2900~            				lda			L2fe4, y
3564   2900~            				sta			STRLOC
3565   2900~            				iny
3566   2900~            				lda			L2fe4, y
3567   2900~            				sta			STRLOC+1
3568   2900~            				jsr			DRAWSTR									; Draw string
3569   2900~            
3570   2900~            				lda			$5100										; DIPs
3571   2900~            				and			#$18
3572   2900~            				cmp			#$18
3573   2900~            				bne			L2bbc
3574   2900~            				nop
3575   2900~            				rts
3576   2900~            
3577   2900~            L2bbc:
3578   2900~            				lda			#$77
3579   2900~            				sta			SCRLOC
3580   2900~            				iny
3581   2900~            				jsr			DRAWSTRN								; Draw next string
3582   2900~            
3583   2900~            				rts
3584   2900             .endif
3585   2900             
3586   2900~            .if 0
3587   2900~            				;; Garbage code
3588   2900~            L2bc5:
3589   2900~            				lda			IN0B										; Control inputs
3590   2900~            				and			#$18										; Mask B1, Left
3591   2900~            				cmp			#$10										; Left only?
3592   2900~            				bne			L2bd7
3593   2900~            				nop
3594   2900~            
3595   2900~            				lda			HCOIN											; Half coins
3596   2900~            				cmp			#$02
3597   2900~            				bcs			L2bd7										; <2
3598   2900~            				nop
3599   2900~            				rts
3600   2900~            				;; Until here
3601   2900             .endif
3602   2900             
3603   2900             
3604   2900             				;; Add credit
3605   2900             L2bd7:
3606   2900 A5 A1       				lda			CREDIT									; Credits
3607   2902 C9 99       				cmp			#$99
3608   2904 D0 02       				bne			L2bdf										; <99
3609   2906 EA          				nop
3610   2907 60          				rts
3611   2908             
3612   2908             				;; Increment credits BCD
3613   2908             L2bdf:
3614   2908 F8          				sed
3615   2909 18          				clc
3616   290A 69 01       				adc			#$01
3617   290C 85 A1       				sta			CREDIT
3618   290E D8          				cld
3619   290F A9 00       				lda			#$00
3620   2911 85 A0       				sta			HCOIN										; Clear half coins
3621   2913             
3622   2913             
3623   2913             				;; Draw CREDITS_##
3624   2913             				;; Draw STR14
3625   2913             L2bea:
3626   2913 2C 00 51    				bit			DSW
3627   2916 30 05       				bmi			DCNOFP
3628   2918             
3629   2918 A9 16       				lda			#$16										; FREE PLAY 
3630   291A 4C 70 21    				jmp			DRAWSTRA								; Draw string (and return)
3631   291D             				 
3632   291D             DCNOFP:
3633   291D A9 14       				lda			#$14										; CREDITS
3634   291F 20 70 21    				jsr			DRAWSTRA
3635   2922             
3636   2922~            .if 0
3637   2922~            				;; ($10-11) = $400c
3638   2922~            				ldy			#$00
3639   2922~            				lda			#$0c
3640   2922~            				sta			SCRLOC
3641   2922~            				lda			#$40
3642   2922~            				sta		SCRLOC+1
3643   2922~            
3644   2922~            				;; ($14-15) = $2fa1	= CREDITS
3645   2922~            				lda			L2ff4, y
3646   2922~            				sta			STRLOC
3647   2922~            				iny
3648   2922~            				lda			L2ff4, y
3649   2922~            				sta			STRLOC+1
3650   2922~            				jsr			DRAWSTR									; Draw string
3651   2922~            
3652   2922~            				;; (Duplicate of above)
3653   2922~            				;; ($14-15) = $2fa1 = CREDITS
3654   2922~            				ldy			#$00
3655   2922~            				lda			L2ff4, y
3656   2922~            				sta			STRLOC
3657   2922~            				iny
3658   2922~            				lda			L2ff4, y
3659   2922~            				sta			STRLOC+1
3660   2922~            
3661   2922~            				;; ($10-11) = $400c
3662   2922~            				lda			#$40
3663   2922~            				sta			SCRLOC+1
3664   2922~            				lda			#$0c
3665   2922~            				sta			SCRLOC
3666   2922~            
3667   2922~            				jsr			DRAWSTR									; Draw string
3668   2922             .endif
3669   2922             
3670   2922 A5 A1       				lda			CREDIT
3671   2924 20 30 28    				jsr			L2a2f										; Split nybbles 
3672   2927 09 30       				ora			#$30										; BCD to Char
3673   2929 8D 13 40    				sta			$4013
3674   292C 98          				tya
3675   292D 09 30       				ora			#$30										; BCD to Char
3676   292F 8D 14 40    				sta			$4014
3677   2932 60          				rts
3678   2933             
3679   2933             
3680   2933             				;; Initial arrow config
3681   2933             L2c2b:
3682   2933 A9 71       				lda			#$71										; Middle right arrow pos 
3683   2935 85 10       				sta			SCRLOC
3684   2937 A9 6E       				lda			#$6e										; Middle left arrow pos 
3685   2939 85 11       				sta			SCRLOC+1
3686   293B A4 B1       				ldy			ARROWS
3687   293D A2 00       				ldx			#$00
3688   293F             
3689   293F             L2c37:
3690   293F 20 2C 22    				jsr			L23a4										; Kick PRNG
3691   2942 29 0F       				and			#$0f										; Mask low nybble 
3692   2944 95 50       				sta			$50, x									; ($50) 
3693   2946 E8          				inx															; x=1 mod 7
3694   2947 A9 08       				lda			#$08										; (Down) 
3695   2949 95 50       				sta			$50, x									; ($51) 
3696   294B E8          				inx															; x=2 mod 7
3697   294C 98          				tya															; a=ARROWS 
3698   294D F0 0A       				beq			L2c51										; No arrows 
3699   294F EA          				nop
3700   2950             
3701   2950 30 07       				bmi			L2c51										; Negative arrows ?!
3702   2952 EA          				nop
3703   2953             
3704   2953 A9 00       				lda			#$00										; Not last arrow 
3705   2955 88          				dey
3706   2956 4C 5B 29    				jmp			L2c53
3707   2959             
3708   2959             L2c51:
3709   2959 A9 A0       				lda			#$a0										; Last arrow 
3710   295B             L2c53:
3711   295B 95 50       				sta			$50, x									; ($52) 
3712   295D E8          				inx															; x=3 mod 7
3713   295E A5 B1       				lda			ARROWS
3714   2960 95 50       				sta			$50, x									; ($53) 
3715   2962 E8          				inx															; x=4 mod 7
3716   2963 A9 1F       				lda			#$1f
3717   2965 95 50       				sta			$50, x									; ($54) 
3718   2967 E8          				inx															; x=5 mod 7
3719   2968 8A          				txa
3720   2969 29 01       				and			#$01										; Odd or even 
3721   296B F0 0C       				beq			L2c71
3722   296D EA          				nop
3723   296E             
3724   296E             				;; Get right arrow loc and +=3
3725   296E A5 10       				lda			SCRLOC 
3726   2970 E6 10       				inc			SCRLOC
3727   2972 E6 10       				inc			SCRLOC
3728   2974 E6 10       				inc			SCRLOC
3729   2976 4C 81 29    				jmp			L2c79
3730   2979             
3731   2979             L2c71:
3732   2979             				;; Get left arrow loc and --3
3733   2979 A5 11       				lda		SCRLOC+1
3734   297B C6 11       				dec		SCRLOC+1
3735   297D C6 11       				dec		SCRLOC+1
3736   297F C6 11       				dec		SCRLOC+1
3737   2981             
3738   2981             L2c79:
3739   2981 95 50       				sta			$50, x									; ($55)
3740   2983 E8          				inx															; x=6 mod 7
3741   2984 A9 40       				lda			#$40
3742   2986 95 50       				sta			$50, x									; ($56)
3743   2988 E8          				inx															; x= 0 mod 7 
3744   2989 E0 45       				cpx			#$45										; $07 * $0a - 1
3745   298B 90 B2       				bcc			L2c37										; More arrows!
3746   298D             
3747   298D A5 B1       				lda			ARROWS
3748   298F C9 03       				cmp			#$03
3749   2991 B0 0D       				bcs			L2c98
3750   2993 EA          				nop
3751   2994             
3752   2994 A9 18       				lda			#$18										; (Left) 
3753   2996 A2 01       				ldx			#$01
3754   2998 95 50       				sta			$50, x									; ($51) 
3755   299A A9 10       				lda			#$10										; (Right) 
3756   299C A2 08       				ldx			#$08
3757   299E 95 50       				sta			$50, x									; ($58) 
3758   29A0             
3759   29A0             L2c98:
3760   29A0 60          				rts
3761   29A1             
3762   29A1             
3763   29A1             L2c99:
3764   29A1 A5 30       				lda			$30
3765   29A3 29 7F       				and			#$7f										; Clear MSB 
3766   29A5 85 30       				sta			$30
3767   29A7 24 30       				bit			$30
3768   29A9 30 F6       				bmi			L2c99										; Never -- you just cleared it! 
3769   29AB             
3770   29AB A6 2F       				ldx			$2f											; Always #$10 
3771   29AD             
3772   29AD             				;; Set ($32-33) to $0050
3773   29AD~            .if 0
3774   29AD~            				ldy			#$00
3775   29AD~            				lda			L2ffa, y
3776   29AD~            				sta			ARRPTR
3777   29AD~            				iny
3778   29AD~            				lda			L2ffa, y
3779   29AD~            				sta			ARRPTR+1
3780   29AD             .else
3781   29AD A9 50       				lda			#(ARRTBL&$ff)
3782   29AF 85 32       				sta			ARRPTR
3783   29B1 A9 00       				lda			#((ARRTBL>>8)&$ff)
3784   29B3 85 33       				sta			ARRPTR+1
3785   29B5             .endif
3786   29B5             
3787   29B5             L2cb2:
3788   29B5 8A          				txa
3789   29B6 48          				pha															; Stash x
3790   29B7 20 C0 29    				jsr			L2cbd
3791   29BA 68          				pla
3792   29BB AA          				tax															; Restore x
3793   29BC CA          				dex
3794   29BD D0 F6       				bne			L2cb2
3795   29BF 60          				rts
3796   29C0             
3797   29C0             				;; Manipulate arrows
3798   29C0             				;; Copy data from (ARRPTR) to ($0b)
3799   29C0             L2cbd:
3800   29C0 A0 00       				ldy			#$00
3801   29C2             L2cbf:
3802   29C2 B1 32       				lda			(ARRPTR), y
3803   29C4 99 0B 00    				sta			$000b, y
3804   29C7 C8          				iny
3805   29C8 C0 07       				cpy			#$07
3806   29CA D0 F6       				bne			L2cbf								; Loop
3807   29CC             
3808   29CC 20 E9 29    				jsr			L2ce6
3809   29CF             
3810   29CF             				;; Copy bytes from ($0b) to (ARRPTR)
3811   29CF A0 00       				ldy			#$00
3812   29D1             L2cce:
3813   29D1 B9 0B 00    				lda			$000b, y
3814   29D4 91 32       				sta			(ARRPTR), y
3815   29D6 C8          				iny
3816   29D7 C0 07       				cpy			#$07
3817   29D9 D0 F6       				bne			L2cce								; Loop
3818   29DB             
3819   29DB             				;; ARRPTR += 7
3820   29DB A5 32       				lda			ARRPTR
3821   29DD 18          				clc
3822   29DE 69 07       				adc			#$07
3823   29E0 85 32       				sta			ARRPTR
3824   29E2 A5 33       				lda			ARRPTR+1
3825   29E4 69 00       				adc			#$00
3826   29E6 85 33       				sta			ARRPTR+1
3827   29E8 60          				rts
3828   29E9             
3829   29E9             
3830   29E9             L2ce6:
3831   29E9 C6 0F       				dec			$0f
3832   29EB 30 02       				bmi			L2cec								; $0f was 0
3833   29ED EA          				nop
3834   29EE             
3835   29EE 60          				rts
3836   29EF             
3837   29EF             L2cec:
3838   29EF A5 0D       				lda			$0d
3839   29F1 29 20       				and			#$20									; Mask bit 5
3840   29F3 F0 02       				beq			L2cf4								; Clear
3841   29F5 EA          				nop
3842   29F6             
3843   29F6 60          				rts
3844   29F7             
3845   29F7             L2cf4:
3846   29F7 A5 B1       				lda			ARROWS
3847   29F9 C9 04       				cmp			#$04
3848   29FB 90 0A       				bcc			L2d04
3849   29FD EA          				nop
3850   29FE             
3851   29FE A9 00       				lda			#$00
3852   2A00 85 0E       				sta			$0e
3853   2A02 A9 04       				lda			#$04
3854   2A04 4C 0A 2A    				jmp			L2d07
3855   2A07             
3856   2A07             L2d04:
3857   2A07 18          				clc
3858   2A08 65 28       				adc			$28
3859   2A0A             
3860   2A0A             L2d07:
3861   2A0A 85 0F       				sta			$0f
3862   2A0C 20 79 27    				jsr			L2978
3863   2A0F B0 43       				bcs			L2d51
3864   2A11 EA          				nop
3865   2A12             
3866   2A12 A5 0C       				lda			$0c
3867   2A14 30 3E       				bmi			L2d51
3868   2A16 EA          				nop
3869   2A17             
3870   2A17 29 40       				and			#$40
3871   2A19 F0 04       				beq			L2d1c
3872   2A1B EA          				nop
3873   2A1C             
3874   2A1C 20 9B 26    				jsr			L289a
3875   2A1F             L2d1c:
3876   2A1F A5 0C       				lda			$0c
3877   2A21 29 10       				and			#$10
3878   2A23 D0 06       				bne			L2d28
3879   2A25 EA          				nop
3880   2A26             
3881   2A26 A9 20       				lda			#$20
3882   2A28 4C 2D 2A    				jmp			L2d2a
3883   2A2B             
3884   2A2B             L2d28:
3885   2A2B A9 01       				lda			#$01
3886   2A2D             L2d2a:
3887   2A2D 85 04       				sta			$04
3888   2A2F A5 0D       				lda			$0d
3889   2A31 29 40       				and			#$40
3890   2A33 D0 05       				bne			L2d37
3891   2A35 EA          				nop
3892   2A36             
3893   2A36 20 D9 24    				jsr			L26a3
3894   2A39 60          				rts
3895   2A3A             
3896   2A3A             L2d37:
3897   2A3A A5 0C       				lda			$0c
3898   2A3C 29 1F       				and			#$1f
3899   2A3E 09 C0       				ora			#$c0
3900   2A40 85 03       				sta			$03
3901   2A42 A0 00       				ldy			#$00
3902   2A44 91 10       				sta			(SCRLOC), y
3903   2A46 E6 03       				inc			$03
3904   2A48 A5 03       				lda			$03
3905   2A4A A4 04       				ldy			$04
3906   2A4C 91 10       				sta			(SCRLOC), y
3907   2A4E E6 0C       				inc			$0c
3908   2A50 20 E9 24    				jsr			L26b3
3909   2A53 60          				rts
3910   2A54             L2d51:
3911   2A54 A5 0C       				lda			$0c
3912   2A56 30 13       				bmi			L2d68
3913   2A58 EA          				nop
3914   2A59             
3915   2A59 A9 21       				lda			#$21
3916   2A5B 20 7E 2A    				jsr			L2d7b
3917   2A5E A5 0C       				lda			$0c
3918   2A60 09 80       				ora			#$80										; Set d7 
3919   2A62 85 0C       				sta			$0c
3920   2A64 A9 01       				lda			#$01
3921   2A66 85 BC       				sta			$bc
3922   2A68 C6 B1       				dec			ARROWS
3923   2A6A 60          				rts
3924   2A6B             
3925   2A6B             L2d68:
3926   2A6B A5 0D       				lda			$0d
3927   2A6D 30 0E       				bmi			L2d7a
3928   2A6F EA          				nop
3929   2A70 A5 0D       				lda			$0d
3930   2A72 09 80       				ora			#$80
3931   2A74 85 0D       				sta			$0d
3932   2A76 A0 00       				ldy			#$00
3933   2A78 A9 20       				lda			#$20
3934   2A7A 20 7E 2A    				jsr			L2d7b
3935   2A7D             L2d7a:
3936   2A7D 60          				rts
3937   2A7E             L2d7b:
3938   2A7E 85 03       				sta			$03
3939   2A80 A0 00       				ldy			#$00
3940   2A82 91 10       				sta			(SCRLOC), y
3941   2A84 A5 0C       				lda			$0c
3942   2A86 29 10       				and			#$10
3943   2A88 D0 06       				bne			L2d8d
3944   2A8A EA          				nop
3945   2A8B A0 20       				ldy			#$20
3946   2A8D 4C 92 2A    				jmp			L2d8f
3947   2A90             L2d8d:
3948   2A90 A0 01       				ldy			#$01
3949   2A92             L2d8f:
3950   2A92 A5 03       				lda			$03
3951   2A94 91 14       				sta			(STRLOC), y
3952   2A96 60          				rts
3953   2A97             				
3954   2A97             L2d94:
3955   2A97 20 B5 22    				jsr			L2473
3956   2A9A A5 20       				lda			$20
3957   2A9C 29 3F       				and			#$3f
3958   2A9E 85 21       				sta			$21
3959   2AA0             
3960   2AA0             L2d9d:
3961   2AA0 A5 31       				lda			$31
3962   2AA2 D0 0C       				bne			L2dad
3963   2AA4 EA          				nop
3964   2AA5             
3965   2AA5 A9 00       				lda			#$00
3966   2AA7 85 C2       				sta			$c2
3967   2AA9 A5 1A       				lda			SPRVAL
3968   2AAB 09 F0       				ora			#$f0
3969   2AAD 85 1A       				sta			SPRVAL
3970   2AAF 60          				rts
3971   2AB0             
3972   2AB0             L2dad:
3973   2AB0 C6 27       				dec			$27
3974   2AB2 D0 16       				bne			L2dc7
3975   2AB4 EA          				nop
3976   2AB5             
3977   2AB5 E6 C2       				inc			$c2
3978   2AB7 20 08 21    				jsr			L2275
3979   2ABA A0 00       				ldy			#$00
3980   2ABC B1 2A       				lda			($2a), y
3981   2ABE C9 20       				cmp			#$20
3982   2AC0 D0 09       				bne			L2dc8
3983   2AC2 EA          				nop
3984   2AC3             
3985   2AC3             L2dc0:
3986   2AC3 20 F0 22    				jsr			L24ae
3987   2AC6 A5 26       				lda			$26
3988   2AC8 85 27       				sta			$27
3989   2ACA             L2dc7:
3990   2ACA 60          				rts
3991   2ACB             
3992   2ACB             L2dc8:
3993   2ACB 85 03       				sta			$03
3994   2ACD A5 C2       				lda			$c2
3995   2ACF C9 06       				cmp			#$06
3996   2AD1 90 F0       				bcc			L2dc0
3997   2AD3             
3998   2AD3 A9 21       				lda			#$21
3999   2AD5 91 2A       				sta			($2a), y
4000   2AD7 A5 1A       				lda			SPRVAL
4001   2AD9 09 F0       				ora			#$f0
4002   2ADB 85 1A       				sta			SPRVAL
4003   2ADD A5 30       				lda			$30
4004   2ADF 09 04       				ora			#$04										; Set D2 
4005   2AE1 85 30       				sta			$30
4006   2AE3 A9 00       				lda			#$00
4007   2AE5 85 31       				sta			$31
4008   2AE7 A5 03       				lda			$03
4009   2AE9 C9 C0       				cmp			#$c0
4010   2AEB B0 02       				bcs			L2dec
4011   2AED EA          				nop
4012   2AEE             
4013   2AEE 60          				rts
4014   2AEF             
4015   2AEF             L2dec:
4016   2AEF A5 3E       				lda			$3e
4017   2AF1 29 9F       				and			#$9f										; Clear D6,5 
4018   2AF3 85 3E       				sta			$3e
4019   2AF5 A9 00       				lda			#$00
4020   2AF7 85 B8       				sta			$b8
4021   2AF9 A9 80       				lda			#$80
4022   2AFB 85 B9       				sta			$b9
4023   2AFD 20 2C 22    				jsr			L23a4										; Kick PRNG
4024   2B00 09 C0       				ora			#$c0										; Set D7,6 
4025   2B02 85 B3       				sta			$b3
4026   2B04 20 AD 2B    				jsr			L2eaa
4027   2B07 A9 80       				lda			#$80
4028   2B09 85 BC       				sta			$bc
4029   2B0B A5 3E       				lda			$3e
4030   2B0D 29 FD       				and			#$fd
4031   2B0F 85 3E       				sta			$3e
4032   2B11 E6 B0       				inc			$b0
4033   2B13 60          				rts
4034   2B14             
4035   2B14             
4036   2B14             L2e11:
4037   2B14 A5 B8       				lda			$b8
4038   2B16 C9 08       				cmp			#PRNG
4039   2B18 B0 08       				bcs			L2e1f
4040   2B1A EA          				nop
4041   2B1B             
4042   2B1B A5 97       				lda			$97
4043   2B1D 09 80       				ora			#$80
4044   2B1F 85 97       				sta			$97
4045   2B21 60          				rts
4046   2B22             
4047   2B22             L2e1f:
4048   2B22 A5 3E       				lda			$3e
4049   2B24 29 20       				and			#$20
4050   2B26 F0 02       				beq			L2e27
4051   2B28 EA          				nop
4052   2B29             
4053   2B29 60          				rts
4054   2B2A             
4055   2B2A             L2e27:
4056   2B2A A5 B4       				lda			$b4
4057   2B2C 38          				sec
4058   2B2D E9 20       				sbc			#$20
4059   2B2F 85 9B       				sta			$9b
4060   2B31 A5 B5       				lda			$b5
4061   2B33 E9 00       				sbc			#$00
4062   2B35 85 9C       				sta			$9c
4063   2B37 A0 00       				ldy			#$00
4064   2B39 B1 9B       				lda			($9b), y
4065   2B3B C9 20       				cmp			#$20
4066   2B3D F0 02       				beq			L2e3e
4067   2B3F EA          				nop
4068   2B40             
4069   2B40 60          				rts
4070   2B41             
4071   2B41             L2e3e:
4072   2B41 C6 9B       				dec			$9b
4073   2B43 B1 9B       				lda			($9b), y
4074   2B45 E6 9B       				inc			$9b
4075   2B47 C9 20       				cmp			#$20
4076   2B49 F0 02       				beq			L2e4a
4077   2B4B EA          				nop
4078   2B4C             
4079   2B4C 60          				rts
4080   2B4D             
4081   2B4D             L2e4a:
4082   2B4D C8          				iny
4083   2B4E B1 9B       				lda			($9b), y
4084   2B50 C9 20       				cmp			#$20
4085   2B52             L2e4f:
4086   2B52 F0 02       				beq			L2e53
4087   2B54 EA          				nop
4088   2B55 60          				rts
4089   2B56             
4090   2B56             L2e53:
4091   2B56 20 2C 22    				jsr			L23a4										; Kick PRNG
4092   2B59 29 08       				and			#$08										; Mask D3  
4093   2B5B 09 12       				ora			#$12										; Set D4,1 
4094   2B5D 85 97       				sta			$97											; ??
4095   2B5F A9 43       				lda			#$43
4096   2B61 85 98       				sta			$98											; ??
4097   2B63             				 
4098   2B63 A9 04       				lda			#$04
4099   2B65 85 96       				sta			$96
4100   2B67 A9 01       				lda			#$01
4101   2B69 85 9A       				sta			$9a
4102   2B6B A5 3E       				lda			$3e
4103   2B6D 09 20       				ora			#$20
4104   2B6F 85 3E       				sta			$3e
4105   2B71 A9 8C       				lda			#$8c
4106   2B73 85 B9       				sta			$b9
4107   2B75 20 98 2B    				jsr			L2e95
4108   2B78 60          				rts
4109   2B79             
4110   2B79             L2e76:
4111   2B79 A5 3E       				lda			$3e
4112   2B7B 29 20       				and			#$20
4113   2B7D F0 02       				beq			L2e7e
4114   2B7F EA          				nop
4115   2B80             
4116   2B80 60          				rts
4117   2B81             
4118   2B81             L2e7e:
4119   2B81 C6 B3       				dec			$b3
4120   2B83 F0 02       				beq			L2e84
4121   2B85 EA          				nop
4122   2B86             
4123   2B86 60          				rts
4124   2B87             
4125   2B87             L2e84:
4126   2B87 A9 2F       				lda			#$2f
4127   2B89 85 B3       				sta			$b3
4128   2B8B E6 B8       				inc			$b8
4129   2B8D A5 B9       				lda			$b9
4130   2B8F C9 90       				cmp			#$90
4131   2B91 90 05       				bcc			L2e95
4132   2B93 EA          				nop
4133   2B94             
4134   2B94 A9 80       				lda			#$80
4135   2B96 85 B9       				sta			$b9
4136   2B98             
4137   2B98             L2e95:
4138   2B98 A0 00       				ldy			#$00
4139   2B9A 20 9F 2B    				jsr			L2e9c
4140   2B9D A0 20       				ldy			#$20
4141   2B9F             L2e9c:
4142   2B9F A5 B9       				lda			$b9
4143   2BA1 91 B4       				sta			($b4), y
4144   2BA3 C8          				iny
4145   2BA4 E6 B9       				inc			$b9
4146   2BA6 A5 B9       				lda			$b9
4147   2BA8 91 B4       				sta			($b4), y
4148   2BAA E6 B9       				inc			$b9
4149   2BAC 60          				rts
4150   2BAD             
4151   2BAD             
4152   2BAD             L2eaa:
4153   2BAD A9 40       				lda			#$40
4154   2BAF 85 B5       				sta			$b5
4155   2BB1 A9 20       				lda			#$20
4156   2BB3 85 B4       				sta			$b4
4157   2BB5 20 DC 2B    				jsr			L2ed9
4158   2BB8 AA          				tax
4159   2BB9             L2eb6:
4160   2BB9 A9 60       				lda			#$60
4161   2BBB 18          				clc
4162   2BBC 65 B4       				adc			$b4
4163   2BBE 85 B4       				sta			$b4
4164   2BC0 A5 B5       				lda			$b5
4165   2BC2 69 00       				adc			#$00
4166   2BC4 85 B5       				sta			$b5
4167   2BC6 CA          				dex
4168   2BC7 10 F0       				bpl			L2eb6
4169   2BC9 20 DC 2B    				jsr			L2ed9
4170   2BCC             
4171   2BCC             				;; a=3*a
4172   2BCC AA          				tax
4173   2BCD A0 00       				ldy			#$00
4174   2BCF             L2ecc:
4175   2BCF C8          				iny
4176   2BD0 C8          				iny
4177   2BD1 C8          				iny
4178   2BD2 CA          				dex
4179   2BD3 10 FA       				bpl			L2ecc										; Loop 
4180   2BD5 98          				tya
4181   2BD6             
4182   2BD6 18          				clc
4183   2BD7 65 B4       				adc			$b4
4184   2BD9 85 B4       				sta			$b4
4185   2BDB 60          				rts
4186   2BDC             
4187   2BDC             L2ed9:
4188   2BDC 20 2C 22    				jsr			L23a4										; Kick PRNG
4189   2BDF 29 0F       				and			#$0f
4190   2BE1 C9 09       				cmp			#$09
4191   2BE3 90 02       				bcc			L2ee4
4192   2BE5 EA          				nop
4193   2BE6             
4194   2BE6 4A          				lsr			a
4195   2BE7             L2ee4:
4196   2BE7 60          				rts
4197   2BE8             
4198   2BE8             
4199   2BE8             				;; Copy P1 store to player data
4200   2BE8             L2ee5:
4201   2BE8 A2 00       				ldx			#$00										; For P1
4202   2BEA 4C EF 2B    				jmp			L2eec
4203   2BED             
4204   2BED             				;; Copy P2 store to player data
4205   2BED             L2eea:
4206   2BED A2 01       				ldx			#$01										; For P2
4207   2BEF             L2eec:
4208   2BEF B5 D0       				lda			$d0, x
4209   2BF1 85 BD       				sta			SCOREP									; Score lo
4210   2BF3 B5 D2       				lda			$d2, x
4211   2BF5 85 BE       				sta			SCOREP+1								; Score hi
4212   2BF7 B5 D4       				lda			$d4, x
4213   2BF9 85 B1       				sta			ARROWS									; Active arrows
4214   2BFB B5 D6       				lda			$d6, x
4215   2BFD 85 C1       				sta			LIVES										; Lives left
4216   2BFF B5 D8       				lda			$d8, x
4217   2C01 85 B0       				sta			$b0											; Shots at special
4218   2C03 B5 DA       				lda			$da, x
4219   2C05 85 C3       				sta			$c3											; Points/arrow
4220   2C07 60          				rts
4221   2C08             
4222   2C08             				;; Copy player data to P1 store
4223   2C08             L2f05:
4224   2C08 A2 00       				ldx			#$00										; For P1
4225   2C0A 4C 0F 2C    				jmp			L2f0c
4226   2C0D             
4227   2C0D             				;; Copy player data to P2 store
4228   2C0D             L2f0a:
4229   2C0D A2 01       				ldx			#$01										; For P2
4230   2C0F             L2f0c:
4231   2C0F A5 BD       				lda			SCOREP									; Score lo
4232   2C11 95 D0       				sta			$d0, x
4233   2C13 A5 BE       				lda			SCOREP+1								; Score hi
4234   2C15 95 D2       				sta			$d2, x
4235   2C17 A5 B1       				lda			ARROWS									; Active arrows
4236   2C19 95 D4       				sta			$d4, x
4237   2C1B A5 C1       				lda			LIVES										; Lives left
4238   2C1D 95 D6       				sta			$d6, x
4239   2C1F A5 B0       				lda			$b0											; Shots at special
4240   2C21 95 D8       				sta			$d8, x							
4241   2C23 A5 C3       				lda			$c3											; Points/arrow
4242   2C25 95 DA       				sta			$da, x
4243   2C27 60          				rts
4244   2C28             
4245   2C28             
4246   2C28~            .if 0
4247   2C28~            				;; Moved into common text block
4248   2C28~            L2f25:
4249   2C28~            				.db			"2 PLAYERS 1 COIN ", $00
4250   2C28~            
4251   2C28~            L2f37:
4252   2C28~            				.db			"1 PLAYER  1 COIN ", $00
4253   2C28~            
4254   2C28~            L2f49:
4255   2C28~            				.db			"2 PLAYERS 2 COINS", $00
4256   2C28~            
4257   2C28~            L2f5b:
4258   2C28~            				.db			"1 PLAYER  2 COINS", $00
4259   2C28~            
4260   2C28~            L2f6d:
4261   2C28~            				.db			"2 PLAYERS 4 COINS", $00
4262   2C28~            
4263   2C28~            L2f7f:
4264   2C28~            				.db			"DEPOSIT COIN", $00
4265   2C28~            
4266   2C28~            L2f8c:
4267   2C28~            				.db			"OR PRESS START", $00
4268   2C28~            
4269   2C28~            L2f9b:
4270   2C28~            				.db			"BONUS", $00
4271   2C28~            
4272   2C28~            L2fa1:
4273   2C28~            				.db			"CREDITS", $00
4274   2C28~            
4275   2C28~            L2fa9:
4276   2C28~            				.db			"TOP THIS SCORE FOR EXTRA BONUS", $00
4277   2C28~            
4278   2C28~            L2fc8:
4279   2C28~            				.db			"COPYRIGHT 1980 BY EXIDY INC", $00
4280   2C28~            
4281   2C28~            				;; Pointers to above text
4282   2C28~            L2fe4:
4283   2C28~            				.dw			$2F25										; $2f25		2P_1C
4284   2C28~            				.dw			$2F37										; $2f37		1P_1C
4285   2C28~            				.dw			$2F49										; $2f49		2P_2C
4286   2C28~            				.dw			$2F5B										; $2f5b		1P_2C
4287   2C28~            				.dw			$2F6D										; $2f6d		2P_4C
4288   2C28~            L2fee:
4289   2C28~            				.dw			$2F7F										; $2f7f		DEPOSIT_COIN
4290   2C28~            				.dw			$2F8C										; $2f8c		OR PRESS START
4291   2C28~            L2ff2:
4292   2C28~            				.dw			$2F9B										; $2f9b		BONUS
4293   2C28~            L2ff4:
4294   2C28~            				.dw			$2FA1										; $2fa1		CREDITS
4295   2C28~            				.dw			$2FA9										; $2fa9		TOP_THIS...
4296   2C28~            L2ff8:
4297   2C28~            				.dw			$2FC8										; $2fc8		COPYRIGHT...
4298   2C28             .endif
4299   2C28             
4300   2C28~            .if 0
4301   2C28~            L2ffa:
4302   2C28~            				.dw			$0050										; Pointer to "ARROW TABLE"
4303   2C28~            				.dw			$110d
4304   2C28~            				.dw			$2080
4305   2C28             .endif
4306   2C28             
4307   2C28             				;; 
4308   2C28             				;; Common text include
4309   2C28             				;;
4310   2C28             
4311   2C28             .include "targ_txt.asm"
0001+  2C28             
0002+  2C28             STR00:																					; L1e54
0003+  2C28 42 45 41 54 				.db			"BEAT HIGH SCORE FOR EXTRA PLAY", $00
0003+  2C2C 20 48 49 47 
0003+  2C30 48 20 53 43 
0003+  2C34 4F 52 45 20 
0003+  2C38 46 4F 52 20 
0003+  2C3C 45 58 54 52 
0003+  2C40 41 20 50 4C 
0003+  2C44 41 59 00 
0004+  2C47             
0005+  2C47             STR01:																					; L1e72
0006+  2C47 45 58 54 52 				.db			"EXTRA POINTS",$00
0006+  2C4B 41 20 50 4F 
0006+  2C4F 49 4E 54 53 
0006+  2C53 00 
0007+  2C54             
0008+  2C54             STR02:																					; L1e7f
0009+  2C54 45 58 54 45 				.db			"EXTENDED PLAY FOR "
0009+  2C58 4E 44 45 44 
0009+  2C5C 20 50 4C 41 
0009+  2C60 59 20 46 4F 
0009+  2C64 52 20 
0010+  2C66             				
0011+  2C66             STR0A:																					; L27e2
0012+  2C66 50 4C 41 59 				.db			"PLAYER   ", $00
0012+  2C6A 45 52 20 20 
0012+  2C6E 20 00 
0013+  2C70             
0014+  2C70             STR03:																					; L1e9b
0015+  2C70 54 4F 50 50 				.db			"TOPPING HIGH SCORE ", $00
0015+  2C74 49 4E 47 20 
0015+  2C78 48 49 47 48 
0015+  2C7C 20 53 43 4F 
0015+  2C80 52 45 20 00 
0016+  2C84             
0017+  2C84             STR04:																					; L1eaf
0018+  2C84 45 58 54 52 				.db			"EXTRA CREDIT ", $00
0018+  2C88 41 20 43 52 
0018+  2C8C 45 44 49 54 
0018+  2C90 20 00 
0019+  2C92             
0020+  2C92             STR05:																					; L1ebd
0021+  2C92 46 4F 52 20 				.db			"FOR TOPPING HIGH SCORE", $00
0021+  2C96 54 4F 50 50 
0021+  2C9A 49 4E 47 20 
0021+  2C9E 48 49 47 48 
0021+  2CA2 20 53 43 4F 
0021+  2CA6 52 45 00 
0022+  2CA9             
0023+  2CA9             STR06:																					; L1f3e
0024+  2CA9 48 49 20 53 				.db			"HI SCR", $00
0024+  2CAD 43 52 00 
0025+  2CB0             
0026+  2CB0             STR07:																					;	L27c7
0027+  2CB0             ;				.db			"END OF GAME", $00							; XXX 
0028+  2CB0 47 41 4D 45 				.db			"GAME  OVER", $00
0028+  2CB4 20 20 4F 56 
0028+  2CB8 45 52 00 
0029+  2CBB             
0030+  2CBB             STR08:																					; L27d3
0031+  2CBB 54 41 52 47 				.db			"TARG", $00
0031+  2CBF 00 
0032+  2CC0             
0033+  2CC0             STR09:																					; L27d8
0034+  2CC0 47 45 54 20 				.db			"GET  READY", $00
0034+  2CC4 20 52 45 41 
0034+  2CC8 44 59 00 
0035+  2CCB             
0036+  2CCB             ;				.db			"PLAYER   ", $00								; Was STR0A 
0037+  2CCB             
0038+  2CCB             STR0B:																					; L27ec
0039+  2CCB 01 20 20 31 				.db			$01,"  10 POINTS", $00
0039+  2CCF 30 20 50 4F 
0039+  2CD3 49 4E 54 53 
0039+  2CD7 00 
0040+  2CD8             
0041+  2CD8             STR0C:																					; L2f37
0042+  2CD8 31 20 50 4C 				.db			"1 PLAYER  1 COIN", $00				  ; Coinage 08 #1
0042+  2CDC 41 59 45 52 
0042+  2CE0 20 20 31 20 
0042+  2CE4 43 4F 49 4E 
0042+  2CE8 00 
0043+  2CE9             
0044+  2CE9             STR0D:																					; L2f49
0045+  2CE9 32 20 50 4C 				.db			"2 PLAYERS  2 COINS", $00				; Coinage 08 #2
0045+  2CED 41 59 45 52 
0045+  2CF1 53 20 20 32 
0045+  2CF5 20 43 4F 49 
0045+  2CF9 4E 53 00 
0046+  2CFC             
0047+  2CFC             STR0E:																					; L2f5b
0048+  2CFC 31 20 50 4C 				.db			"1 PLAYER   2 COINS", $00				; Coinage 10 #1
0048+  2D00 41 59 45 52 
0048+  2D04 20 20 20 32 
0048+  2D08 20 43 4F 49 
0048+  2D0C 4E 53 00 
0049+  2D0F             
0050+  2D0F             STR0F:																					; L2f6d
0051+  2D0F 32 20 50 4C 				.db			"2 PLAYERS  4 COINS", $00				; Coiange 10 #2 
0051+  2D13 41 59 45 52 
0051+  2D17 53 20 20 34 
0051+  2D1B 20 43 4F 49 
0051+  2D1F 4E 53 00 
0052+  2D22             
0053+  2D22             STR10:																					; L2f25
0054+  2D22 32 20 50 4C 				.db			"2 PLAYERS   1 COIN", $00				; Coinage 18
0054+  2D26 41 59 45 52 
0054+  2D2A 53 20 20 20 
0054+  2D2E 31 20 43 4F 
0054+  2D32 49 4E 00 
0055+  2D35             
0056+  2D35             STR11:																					; L2f7f
0057+  2D35 49 4E 53 45 				.db			"INSERT  COIN", $00
0057+  2D39 52 54 20 20 
0057+  2D3D 43 4F 49 4E 
0057+  2D41 00 
0058+  2D42             
0059+  2D42             STR12:																					;	L2f8c
0060+  2D42 4F 52 00    				.db			"OR", $00
0061+  2D45             
0062+  2D45             STR13:																					; L2f9b
0063+  2D45 4E 45 58 54 				.db			"NEXT LEVEL", $00
0063+  2D49 20 4C 45 56 
0063+  2D4D 45 4C 00 
0064+  2D50             
0065+  2D50             STR14:																					; L2fa1
0066+  2D50 43 52 45 44 				.db			"CREDITS", $00
0066+  2D54 49 54 53 00 
0067+  2D58             
0068+  2D58             STR15:																					; L2fc8
0069+  2D58 43 4F 50 59 				.db			"COPYRIGHT 1980  BY EXIDY INC", $00
0069+  2D5C 52 49 47 48 
0069+  2D60 54 20 31 39 
0069+  2D64 38 30 20 20 
0069+  2D68 42 59 20 45 
0069+  2D6C 58 49 44 59 
0069+  2D70 20 49 4E 43 
0069+  2D74 00 
0070+  2D75             
0071+  2D75             STR16:
0072+  2D75             STR17:
0073+  2D75 46 52 45 45 				.db			"FREE  PLAY", $00
0073+  2D79 20 20 50 4C 
0073+  2D7D 41 59 00 
0074+  2D80             
0075+  2D80             STR18:
0076+  2D80 50 52 45 53 				.db			"PRESS  START", $00
0076+  2D84 53 20 20 53 
0076+  2D88 54 41 52 54 
0076+  2D8C 00 
0077+  2D8D             
0078+  2D8D             TXTTBL:
0079+  2D8D 28 2C       				.dw			STR00
0080+  2D8F 47 2C       				.dw			STR01
0081+  2D91 54 2C       				.dw			STR02
0082+  2D93 70 2C       				.dw			STR03
0083+  2D95 84 2C       				.dw			STR04
0084+  2D97 92 2C       				.dw			STR05
0085+  2D99 A9 2C       				.dw			STR06
0086+  2D9B B0 2C       				.dw			STR07
0087+  2D9D BB 2C       				.dw			STR08
0088+  2D9F C0 2C       				.dw			STR09
0089+  2DA1 66 2C       				.dw			STR0A
0090+  2DA3 CB 2C       				.dw			STR0B
0091+  2DA5 D8 2C       				.dw			STR0C
0092+  2DA7 E9 2C       				.dw			STR0D
0093+  2DA9 FC 2C       				.dw			STR0E
0094+  2DAB 0F 2D       				.dw			STR0F
0095+  2DAD 22 2D       				.dw			STR10
0096+  2DAF 35 2D       				.dw			STR11
0097+  2DB1 42 2D       				.dw			STR12
0098+  2DB3 45 2D       				.dw			STR13
0099+  2DB5 50 2D       				.dw			STR14
0100+  2DB7 58 2D       				.dw			STR15
0101+  2DB9 75 2D       				.dw			STR16
0102+  2DBB 75 2D       				.dw			STR17
0103+  2DBD 80 2D       				.dw			STR18
0104+  2DBF             
0105+  2DBF             				;; Screen locations
0106+  2DBF             TXTLOC:
0107+  2DBF C1 40       				.dw			$40c1														; STR00
0108+  2DC1 4A 41       				.dw			$414a														; STR01
0109+  2DC3 04 42       				.dw			$4204														; STR02  
0110+  2DC5 2C 42       				.dw			$422c														; STR03
0111+  2DC7 0B 42       				.dw			$420b														; STR04 
0112+  2DC9 38 42       				.dw			$4238														; STR05 
0113+  2DCB 2A 40       				.dw			$402a														; STR06
0114+  2DCD 0B 42       				.dw			$420b														; STR07 
0115+  2DCF 0E 43       				.dw			$430e														; STR08
0116+  2DD1 0B 42       				.dw			$420b														; STR09
0117+  2DD3 4C 42       				.dw			$424c														; STR0A
0118+  2DD5 8A 42       				.dw			$428a														; STR0B
0119+  2DD7 48 41       				.dw			$4148														; STR0C 
0120+  2DD9 87 41       				.dw			$4187														; STR0D 
0121+  2DDB 47 41       				.dw			$4147														; STR0E 
0122+  2DDD 87 41       				.dw			$4187														; STR0F 
0123+  2DDF 47 41       				.dw			$4147														; STR10 
0124+  2DE1 EA 41       				.dw			$41ea														; STR11
0125+  2DE3 0F 42       				.dw			$420f														; STR12
0126+  2DE5 0B 42       				.dw			$420b														; STR13
0127+  2DE7 0B 40       				.dw			$400b														; STR14
0128+  2DE9 82 43       				.dw			$4382 													; STR15
0129+  2DEB 0B 40       				.dw			$400b														; STR16
0130+  2DED 6B 41       				.dw			$416b														; STR17
0131+  2DEF 2A 42       				.dw			$422a														; STR18
0132+  2DF1             
0133+  2DF1             				
0134+  2DF1~            .if 0
0135+  2DF1~            				;; Remove unused text
0136+  2DF1~            STRxx:																					; L2fa9
0137+  2DF1~            				.db			"TOP THIS SCORE FOR EXTRA BONUS", $00
0138+  2DF1~            
0139+  2DF1~            STRXX:																					; L1ed4
0140+  2DF1~            				.db			"1 GAME  ONE 10 PENCE COIN ", $00
0141+  2DF1~            
0142+  2DF1~            STRXX:																					; L1eef
0143+  2DF1~            				.db			"6 GAMES ONE 50 PENCE COIN", $00
0144+  2DF1~            
0145+  2DF1~            STRXX:																					; L1f09
0146+  2DF1~            				.db			"1 GAME  TWO 10 PENCE COINS", $00
0147+  2DF1~            
0148+  2DF1~            STRXX:																					; L1f24
0149+  2DF1~            				.db			"3 GAMES ONE 50 PENCE COIN", $00
0150+  2DF1             .endif4312   2DF1             
4313   2DF1             				;; Reset vector
4314   3000             				.org		$3000
4315   3000             LRESET:
4316   3000             L3000:
4317   3000 78          				sei															; Disable interrupts
4318   3001 A2 FF       				ldx			#$ff										; Stack pointer, loop counter
4319   3003 9A          				txs															; Set stack pointer
4320   3004             
4321   3004             				;; Wait for vblank
4322   3004             L3004:
4323   3004 AD 03 51    				lda			$5103										; IRQ source
4324   3007 CA          				dex
4325   3008 30 FA       				bmi			L3004										; Loop
4326   300A             
4327   300A D8          				cld
4328   300B A9 00       				lda			#$00
4329   300D 85 A0       				sta			HCOIN
4330   300F 85 A1       				sta			CREDIT
4331   3011             L3011:
4332   3011 85 A2       				sta			$a2
4333   3013 58          				cli															; Enable interrupts
4334   3014             
4335   3014 20 4F 21    				jsr			L22bc										; Write character RAM 
4336   3017             
4337   3017 A9 00       				lda			#$00
4338   3019 85 AB       				sta			$ab											; ?? 
4339   301B 85 A3       				sta			VAUD1										; ?? 
4340   301D 85 BD       				sta			SCOREP									; Clear player score 
4341   301F 85 BE       				sta			SCOREP+1
4342   3021             
4343   3021             				;; Set default high score
4344   3021 85 AE       				sta			SCOREH									; HS lo
4345   3023 A9 10       				lda			#$10
4346   3025 85 AF       				sta			SCOREH+1								; HS hi
4347   3027             
4348   3027 20 0C 18    				jsr			L180c										; Copy player data to P1
4349   302A 20 06 18    				jsr			L1806										; Copy player data to P2
4350   302D 4C 56 33    				jmp			L3383										; Attract mode 
4351   3030             
4352   3030             
4353   3030             L3030:
4354   3030 78          				sei
4355   3031 A2 FF       				ldx			#$ff
4356   3033 9A          				txs
4357   3034 58          				cli
4358   3035 A9 00       				lda			#$00
4359   3037 85 BD       				sta			SCOREP									; Clear player score 
4360   3039 85 BE       				sta			SCOREP+1
4361   303B 85 DC       				sta			$dc
4362   303D 85 DD       				sta			$dd
4363   303F A9 01       				lda			#$01
4364   3041 85 BF       				sta			PNUM
4365   3043 85 C3       				sta			$c3
4366   3045 20 5F 22    				jsr			L23d7
4367   3048 20 0C 18    				jsr			L180c										; Copy player data to P1
4368   304B 20 06 18    				jsr			L1806										; Copy player data to P2
4369   304E 20 44 19    				jsr			L1971
4370   3051 20 3C 28    				jsr			L2a3b										; Draw player scores
4371   3054 20 06 18    				jsr			L1806										; Copy player data to P2
4372   3057 A5 B1       				lda			ARROWS
4373   3059 85 A8       				sta			$a8
4374   305B A9 00       				lda			#$00
4375   305D 85 A4       				sta			$a4
4376   305F A9 90       				lda			#$90
4377   3061 85 A3       				sta			VAUD1
4378   3063 8D 00 52    				sta			AUDIO1
4379   3066 A9 20       				lda			#$20
4380   3068 85 35       				sta			$35
4381   306A 85 36       				sta			$36
4382   306C             
4383   306C             				;; Main game play loop
4384   306C             L306c:
4385   306C 20 A1 29    				jsr			L2c99
4386   306F 20 DA 32    				jsr			L3307
4387   3072 20 97 1E    				jsr			L2000										; Check fire button
4388   3075 20 1F 1F    				jsr			L2088
4389   3078 20 45 1F    				jsr			L20ae
4390   307B 20 43 1A    				jsr			L1a75
4391   307E 20 97 19    				jsr			L19c4
4392   3081 20 C6 1E    				jsr			L202f
4393   3084 20 98 28    				jsr			L2a97
4394   3087 20 14 2B    				jsr			L2e11
4395   308A 20 28 18    				jsr			L1828
4396   308D A5 B1       				lda			ARROWS									; Active arrows 
4397   308F F0 0D       				beq			L309e										; Next level? 
4398   3091 EA          				nop
4399   3092             
4400   3092 A5 30       				lda			$30
4401   3094 29 02       				and			#$02										; Check D1 
4402   3096 F0 D4       				beq			L306c
4403   3098 20 42 31    				jsr			L316e
4404   309B 4C 6C 30    				jmp			L306c
4405   309E             
4406   309E             
4407   309E             				;; End of level
4408   309E             L309e:
4409   309E A9 EE       				lda			#$ee
4410   30A0 8D 00 51    				sta			MOBLAT									; Sprite latch
4411   30A3 20 14 22    				jsr			L238c										; Delay 21 frames  
4412   30A6 A9 10       				lda			#$10
4413   30A8 8D 00 52    				sta			AUDIO1
4414   30AB A6 BF       				ldx			PNUM
4415   30AD CA          				dex
4416   30AE 20 00 18    				jsr			L1800										; Copy player data to PX
4417   30B1 20 14 22    				jsr			L238c										; Delay 21 frames  
4418   30B4 A9 EE       				lda			#$ee
4419   30B6 8D 00 51    				sta			MOBLAT									; Sprite latch
4420   30B9 85 1A       				sta			SPRVAL
4421   30BB 20 F2 1C    				jsr			L1cf2
4422   30BE 20 20 19    				jsr			L194d
4423   30C1 4C 6C 30    				jmp			L306c										; Next level
4424   30C4             				
4425   30C4             				 
4426   30C4             L30c4:
4427   30C4 A9 10       				lda			#$10
4428   30C6 8D 00 52    				sta			AUDIO1
4429   30C9 A9 EE       				lda			#$ee
4430   30CB 8D 00 51    				sta			MOBLAT									; Sprite latch
4431   30CE 20 14 22    				jsr			L238c										; Delay 21 frames  
4432   30D1 A5 A7       				lda			STATUS
4433   30D3 29 03       				and			#$03
4434   30D5 D0 07       				bne			L30de
4435   30D7 EA          				nop
4436   30D8             
4437   30D8             L30d8:
4438   30D8 20 FE 18    				jsr			L1918										; GAME OVER 
4439   30DB 4C 56 33    				jmp			L3383										; Attract mode 
4440   30DE             
4441   30DE             
4442   30DE             L30de:
4443   30DE AD 00 51    				lda			$5100										; DIPs
4444   30E1 49 FF       				eor			#$ff
4445   30E3 29 04       				and			#$04
4446   30E5 D0 3D       				bne			L313a
4447   30E7 EA          				nop
4448   30E8 24 A7       				bit			STATUS
4449   30EA 70 EC       				bvs			L30d8
4450   30EC 20 C8 21    				jsr			L2340										; Clear screen
4451   30EF A5 A7       				lda			STATUS
4452   30F1 29 03       				and			#$03
4453   30F3 85 BF       				sta			PNUM
4454   30F5 F0 E1       				beq			L30d8
4455   30F7 4A          				lsr			a
4456   30F8 AA          				tax
4457   30F9 A9 01       				lda			#$01
4458   30FB 95 D6       				sta			$d6, x
4459   30FD             
4460   30FD             				;; Draw STR02
4461   30FD A9 02       				lda			#$02										; EXTENDED PLAY
4462   30FF 20 70 21    				jsr			DRAWSTRA 
4463   3102             
4464   3102~            .if 0
4465   3102~            				;; Set ($10-11) to $4204
4466   3102~            				ldy			#$00
4467   3102~            				lda			#$04
4468   3102~            				sta			SCRLOC
4469   3102~            				lda			#$42
4470   3102~            				sta		SCRLOC+1
4471   3102~            
4472   3102~            				;; Set ($14-15) to $1e7f
4473   3102~            				lda			L1f4a, y
4474   3102~            				sta			STRLOC
4475   3102~            				iny
4476   3102~            				lda			L1f4a, y
4477   3102~            				sta			STRLOC+1
4478   3102~            
4479   3102~            				jsr			DRAWSTR									; Draw string
4480   3102             .endif
4481   3102             
4482   3102             				;; Draw STR03
4483   3102 A9 03       				lda			#$03										; TOPPING HIGH
4484   3104 20 70 21    				jsr			DRAWSTRA
4485   3107             				
4486   3107~            .if 0 
4487   3107~            				lda			#$2c
4488   3107~            				sta			SCRLOC
4489   3107~            				iny
4490   3107~            				jsr			DRAWSTRN								; Draw next string
4491   3107             .endif
4492   3107             
4493   3107 A5 BF       				lda			PNUM
4494   3109 09 30       				ora			#$30										; To ASCII 
4495   310B 8D 1D 42    				sta			$421d										; Player # in ASCII 
4496   310E 20 0E 22    				jsr			L2386										; Delay 84 frames  
4497   3111 20 0E 22    				jsr			L2386										; Delay 84 frames
4498   3114             ;				jsr			DEL168
4499   3114             				
4500   3114 A5 A7       				lda			STATUS
4501   3116 09 40       				ora			#$40
4502   3118 85 A7       				sta			STATUS
4503   311A A5 BF       				lda			PNUM										; P1=1, P2=0
4504   311C 4A          				lsr			a												; P1=0, P2=1 
4505   311D AA          				tax
4506   311E 20 14 18    				jsr			L1814										; Copy PX store to player data
4507   3121 4C 9E 30    				jmp			L309e
4508   3124             
4509   3124             L313a:
4510   3124 20 C8 21    				jsr			L2340										; Clear screen
4511   3127 20 13 29    				jsr			L2bea										; Draw CREDITS_##
4512   312A E6 A1       				inc			CREDIT									; Credits
4513   312C             
4514   312C             				;; Draw STR04
4515   312C A9 04       				lda			#$04										; EXTRA CREDIT
4516   312E 20 70 21    				jsr			DRAWSTRA
4517   3131             				
4518   3131~            .if 0 
4519   3131~            				;; Set ($10-11) to $420b
4520   3131~            				lda			#$0b
4521   3131~            				sta			SCRLOC
4522   3131~            				lda			#$42
4523   3131~            				sta			SCRLOC+1								; ($420b)
4524   3131~            
4525   3131~            				;; Set ($14-15) to $1eaf
4526   3131~            				ldy			#$00
4527   3131~            				lda			L1f4c, y
4528   3131~            				sta			STRLOC
4529   3131~            				iny
4530   3131~            L3152:
4531   3131~            				lda			L1f4c, y
4532   3131~            				sta			STRLOC+1
4533   3131~            
4534   3131~            				jsr			DRAWSTR									; Draw string
4535   3131             .endif
4536   3131             				
4537   3131             				;; Draw STR05
4538   3131 A9 05       				lda			#$05										; FOR TOPPING
4539   3133 20 70 21    				jsr			DRAWSTRA
4540   3136             
4541   3136~            .if 0 
4542   3136~            				iny
4543   3136~            				lda			#$38
4544   3136~            				sta			SCRLOC									; ($4238) 
4545   3136~            				jsr			DRAWSTRN								; Draw next string
4546   3136             .endif
4547   3136             
4548   3136 20 0E 22    				jsr			L2386										; Delay 84 frames  
4549   3139 20 13 29    				jsr			L2bea										; Draw CREDITS_##
4550   313C 20 0E 22    				jsr			L2386										; Delay 84 frames  
4551   313F 4C D8 30    				jmp			L30d8
4552   3142             
4553   3142             L316e:
4554   3142 A9 10       				lda			#$10
4555   3144 20 57 22    				jsr			L23cf										; Set AUDIO1 bits 
4556   3147 A9 EE       				lda			#$ee
4557   3149 8D 00 51    				sta			MOBLAT									; Sprite latch
4558   314C 20 AB 1D    				jsr			L1e08
4559   314F             
4560   314F A5 2F       				lda			$2f											; ?? Not new level?
4561   3151 D0 07       				bne			L3186
4562   3153 EA          				nop
4563   3154             
4564   3154 A9 0A       				lda			#$0a
4565   3156 85 2F       				sta			$2f
4566   3158 85 B1       				sta			ARROWS									; # Active arrows
4567   315A             
4568   315A             L3186:
4569   315A C6 C1       				dec			LIVES										; Lives left
4570   315C 10 05       				bpl			L318f										; >= 0
4571   315E EA          				nop
4572   315F             
4573   315F             				;; Reset to 0 if negative
4574   315F A9 00       				lda			#$00
4575   3161 85 C1       				sta			LIVES										; Lives left
4576   3163             
4577   3163             L318f:
4578   3163 A5 C0       				lda			NUMP										; # Players
4579   3165 C9 02       				cmp			#$02
4580   3167 D0 24       				bne			L31b9										; 1P only -- no swap
4581   3169 EA          				nop
4582   316A             
4583   316A             				;; Swap players
4584   316A A5 BF       				lda			$bf											; Player #
4585   316C C9 01       				cmp			#$01
4586   316E F0 10       				beq			L31ac										; Currently P1
4587   3170 EA          				nop
4588   3171             
4589   3171             				;; Swap data to P1
4590   3171 A9 01       				lda			#$01
4591   3173 85 BF       				sta			$bf
4592   3175 20 06 18    				jsr			L1806										; Copy player data to P2
4593   3178 20 20 18    				jsr			L1820										; Copy P1 store to player data
4594   317B A5 C1       				lda			LIVES										; Lives left
4595   317D D0 16       				bne			L31c1
4596   317F EA          				nop
4597   3180             
4598   3180             				;; Swap data to P2
4599   3180             L31ac:
4600   3180 A9 02       				lda			#$02
4601   3182 85 BF       				sta			$bf
4602   3184 20 0C 18    				jsr			L180c										; Copy player data to P1
4603   3187 20 1A 18    				jsr			L181a										; Copy P2 store to player data
4604   318A 4C 90 31    				jmp			L31bc
4605   318D             
4606   318D             
4607   318D             L31b9:
4608   318D 20 0C 18    				jsr			L180c
4609   3190             L31bc:
4610   3190 A5 C1       				lda			LIVES
4611   3192 F0 0E       				beq			L31ce										; Game over 
4612   3194 EA          				nop
4613   3195             
4614   3195             L31c1:
4615   3195 20 C8 21    				jsr			L2340										; Clear screen
4616   3198 20 77 22    				jsr			L2421
4617   319B 20 44 19    				jsr			L1971
4618   319E 20 3C 28    				jsr			L2a3b										; Draw player scores
4619   31A1 60          				rts
4620   31A2             
4621   31A2             L31ce:
4622   31A2 4C C4 30    				jmp			L30c4
4623   31A5             
4624   31A5             
4625   31A5             				;; IRQ vector
4626   31A5             LIRQ:
4627   31A5             L3131:	
4628   31A5 08          				php
4629   31A6 48          				pha
4630   31A7 8A          				txa
4631   31A8 48          				pha
4632   31A9 98          				tya
4633   31AA 48          				pha
4634   31AB             
4635   31AB AD 03 51    				lda			$5103										; IRQ source
4636   31AE A8          				tay
4637   31AF 29 60       				and			#$60
4638   31B1 D0 0E       				bne			L31ee										; Coin 1 or 2 pressed
4639   31B3             
4640   31B3 EA          				nop
4641   31B4 98          				tya
4642   31B5 10 07       				bpl			L31eb										; VBlank?
4643   31B7             ;				bmi			IRQEND									; Not Vblank
4644   31B7             
4645   31B7~            .if 0				
4646   31B7~            				;; Moved inline from L3f4d
4647   31B7~            L3f4d:
4648   31B7~            				lda			STATUS
4649   31B7~            				and			#$20
4650   31B7~            				bne			L3f57
4651   31B7~            				nop
4652   31B7~            
4653   31B7~            				jsr			L2459										; Update sprite locations 
4654   31B7~            
4655   31B7~            L3f57:
4656   31B7~            				inc			$a2
4657   31B7~            				bpl			L3f60
4658   31B7~            				nop
4659   31B7~            
4660   31B7~            				lda			#$80										; Max out at #$80 
4661   31B7~            				sta			$a2
4662   31B7~            
4663   31B7~            L3f60:
4664   31B7~            				lda			$30
4665   31B7~            				ora			#$80										; Set D7
4666   31B7~            				sta			$30
4667   31B7~            
4668   31B7~            				;; Decrement TIMERA down to zero
4669   31B7~            				dec			TIMERA
4670   31B7~            				bpl			IRQEND
4671   31B7~            
4672   31B7~            				lda			#$00
4673   31B7~            				sta			TIMERA
4674   31B7             .endif
4675   31B7             
4676   31B7             IRQEND:
4677   31B7             L31e4:
4678   31B7 68          				pla
4679   31B8 A8          				tay
4680   31B9 68          				pla
4681   31BA AA          				tax
4682   31BB 68          				pla
4683   31BC 28          				plp
4684   31BD 40          				rti
4685   31BE             
4686   31BE             L31eb:
4687   31BE             				;; Moved in-
4688   31BE 4C 4D 3F    				jmp			L3f4d										; Change this for new irq
4689   31C1             
4690   31C1             				;; Coin pressed
4691   31C1             L31ee:
4692   31C1 A5 A2       				lda			$a2
4693   31C3 C9 06       				cmp			#$06
4694   31C5 90 F0       				bcc			L31e4										; Exit NMI if $a2 <= 6
4695   31C7             				
4696   31C7 20 4C 32    				jsr			L3279
4697   31CA B0 EB       				bcs			L31e4										; No valid coin
4698   31CC             
4699   31CC             				;; Push y, $10-11, $14-15
4700   31CC 98          				tya
4701   31CD 48          				pha
4702   31CE A5 14       				lda			STRLOC
4703   31D0 48          				pha
4704   31D1 A5 15       				lda			STRLOC+1
4705   31D3 48          				pha
4706   31D4 A5 10       				lda			SCRLOC
4707   31D6 48          				pha
4708   31D7 A5 11       				lda			SCRLOC+1
4709   31D9 48          				pha
4710   31DA             
4711   31DA A9 00       				lda			#$00
4712   31DC 85 A2       				sta			$a2
4713   31DE 2C 00 51    				bit			$5100										; DIPs
4714   31E1 30 42       				bmi			L3252										; Quarters!
4715   31E3 EA          				nop
4716   31E4             
4717   31E4             				;; Handle Pence
4718   31E4 AD 01 03    				lda			$0301
4719   31E7 C9 40       				cmp			#$40										; Was coin 1
4720   31E9 D0 1B       				bne			L3233
4721   31EB EA          				nop
4722   31EC             
4723   31EC AD 00 51    				lda			$5100										; DIPs
4724   31EF 49 FF       				eor			#$ff
4725   31F1 29 02       				and			#$02										; Mask 1/2 C_C
4726   31F3 D0 0E       				bne			L3230										; 1 Coin/credit
4727   31F5 EA          				nop
4728   31F6             
4729   31F6             				;; 2 coin per
4730   31F6 E6 A0       				inc			HCOIN										; Inc half coin
4731   31F8 A5 A0       				lda			HCOIN										; Half coin
4732   31FA C9 02       				cmp			#$02
4733   31FC 90 3D       				bcc			L3268
4734   31FE EA          				nop
4735   31FF             
4736   31FF             				;; 1 coin per
4737   31FF A9 00       				lda			#$00
4738   3201 85 A0       				sta			HCOIN										; Half coin
4739   3203             L3230:
4740   3203 4C 2B 32    				jmp			L3258										;
4741   3206             
4742   3206             L3233:
4743   3206 AD 00 51    				lda			$5100										; DIPs
4744   3209 49 FF       				eor			#$ff
4745   320B 29 02       				and			#$02
4746   320D D0 0A       				bne			L3246										; Add 5 coins
4747   320F EA          				nop
4748   3210             
4749   3210             				;; Add 2 coins
4750   3210             L323d:
4751   3210 20 C1 32    				jsr			L32ee										; Add coin
4752   3213             
4753   3213             				;; Add 1 coin
4754   3213 20 C1 32    				jsr			L32ee										; Add coin
4755   3216 4C 2B 32    				jmp			L3258
4756   3219             
4757   3219             				;; Add 5 coins total
4758   3219             L3246:
4759   3219 20 C1 32    				jsr			L32ee										; Add coin
4760   321C 20 C1 32    				jsr			L32ee										; Add coin
4761   321F 20 C1 32    				jsr			L32ee										; Add coin
4762   3222 4C 10 32    				jmp			L323d
4763   3225             
4764   3225             				;; Handle quarters
4765   3225             L3252:
4766   3225 2C 01 03    				bit			$0301
4767   3228 30 11       				bmi			L3268										; Skip to end
4768   322A EA          				nop
4769   322B             
4770   322B             L3258:
4771   322B 20 C1 32    				jsr			L32ee										; Add credit
4772   322E 90 0B       				bcc			L3268
4773   3230 EA          				nop
4774   3231             
4775   3231 24 A7       				bit			STATUS
4776   3233 30 06       				bmi			L3268
4777   3235 EA          				nop
4778   3236             
4779   3236 A0 12       				ldy			#$12
4780   3238 20 E1 1A    				jsr			L1b13
4781   323B             
4782   323B             				;; End of coin routine
4783   323B             L3268:
4784   323B 68          				pla
4785   323C 85 11       				sta			SCRLOC+1
4786   323E 68          				pla
4787   323F 85 10       				sta			SCRLOC
4788   3241 68          				pla
4789   3242 85 15       				sta			STRLOC+1
4790   3244 68          				pla
4791   3245 85 14       				sta			STRLOC
4792   3247 68          				pla
4793   3248 A8          				tay
4794   3249 4C B7 31    				jmp			L31e4										; End of ISR
4795   324C             
4796   324C             
4797   324C             				;; IRQ Coin handler
4798   324C             L3279:
4799   324C A9 05       				lda			#$05										; 5 tries to catch coin
4800   324E 8D 00 03    				sta			$0300										; Loop counter
4801   3251 2C 01 51    				bit			$5101										; Control inputs
4802   3254 10 15       				bpl			L3298										; Coin 1
4803   3256 EA          				nop
4804   3257             
4805   3257 AD 00 51    				lda			$5100										; DIPs
4806   325A 29 01       				and			#$01										; Mask Coin 2
4807   325C D0 35       				bne			L32c0										; Coin 2
4808   325E EA          				nop
4809   325F             
4810   325F CE 00 03    				dec			$0300
4811   3262 D0 E8       				bne			L3279										; Loop
4812   3264             
4813   3264 A9 00       				lda			#$00										; No coin?
4814   3266 8D 01 03    				sta			$0301
4815   3269 38          				sec															; Invalid coin
4816   326A 60          				rts
4817   326B             
4818   326B             				;; Validate Coin 1
4819   326B             L3298:
4820   326B A9 FF       				lda			#$ff										; Loop counter
4821   326D 8D 00 03    				sta			$0300
4822   3270             L329d:
4823   3270 2C 01 51    				bit			$5101										; Control inputs
4824   3273 30 D7       				bmi			L3279										; No Coin 1
4825   3275 CE 00 03    				dec			$0300
4826   3278 D0 F6       				bne			L329d										; Loop
4827   327A             
4828   327A             L32a7:
4829   327A 2C 01 51    				bit			$5101										; Control inputs
4830   327D 10 FB       				bpl			L32a7										; Coin 1
4831   327F             				
4832   327F CE 00 03    				dec			$0300										; Loop counter (#ff)
4833   3282             L32af:
4834   3282 2C 01 51    				bit			$5101										; Control inputs
4835   3285 10 F3       				bpl			L32a7										; Coin 1
4836   3287 CE 00 03    				dec			$0300
4837   328A D0 F6       				bne			L32af										; Loop
4838   328C             
4839   328C A9 40       				lda			#$40										; Coin 1
4840   328E 8D 01 03    				sta			$0301
4841   3291 18          				clc															; Valid Coin 1
4842   3292 60          				rts
4843   3293             
4844   3293             				;; Validate Coin 2
4845   3293             L32c0:
4846   3293 A9 FF       				lda			#$ff										; Loop counter
4847   3295 8D 00 03    				sta			$0300
4848   3298             L32c5:
4849   3298 AD 00 51    				lda			$5100										; DIPs
4850   329B 29 01       				and			#$01
4851   329D F0 AD       				beq			L3279										; No coin 2
4852   329F             
4853   329F CE 00 03    				dec			$0300
4854   32A2 D0 F4       				bne			L32c5										; Loop
4855   32A4             				
4856   32A4             L32d1:
4857   32A4 AD 00 51    				lda			$5100										; DIPs
4858   32A7 29 01       				and			#$01
4859   32A9 D0 F9       				bne			L32d1										; Coin 2
4860   32AB             
4861   32AB CE 00 03    				dec			$0300
4862   32AE             L32db:
4863   32AE AD 00 51    				lda			$5100										; DIPs
4864   32B1 29 01       				and			#$01
4865   32B3 D0 EF       				bne			L32d1										; Coin 2
4866   32B5             				
4867   32B5 CE 00 03    				dec			$0300
4868   32B8 D0 F4       				bne			L32db										; Loop
4869   32BA A9 80       				lda			#$80										; Coin 2
4870   32BC 8D 01 03    				sta			$0301
4871   32BF 18          				clc															; Valid Coin 2
4872   32C0 60          				rts
4873   32C1             
4874   32C1             
4875   32C1             L32ee:
4876   32C1 AD 00 51    				lda			$5100										; DIPs
4877   32C4 29 18       				and			#$18										; Mask coinage
4878   32C6             				
4879   32C6 C9 10       				cmp			#$10
4880   32C8 D0 0B       				bne			L3302										; Not 2C_1C
4881   32CA EA          				nop
4882   32CB             
4883   32CB E6 A0       				inc			HCOIN										; Half coins
4884   32CD A5 A0       				lda			HCOIN
4885   32CF C9 02       				cmp			#$02
4886   32D1 B0 02       				bcs			L3302										; <2
4887   32D3 EA          				nop
4888   32D4 60          				rts
4889   32D5             
4890   32D5             L3302:
4891   32D5 20 00 29    				jsr			L2bd7										; Add credit
4892   32D8 38          				sec
4893   32D9 60          				rts
4894   32DA             
4895   32DA             				;; Copy Arrow struct to ($0b-12)
4896   32DA             L3307:
4897   32DA             ;				ldx			#$07										; Should be 6?
4898   32DA A2 06       				ldx			#$06
4899   32DC             L3309:
4900   32DC B5 96       				lda			$96, x
4901   32DE 95 0B       				sta			$0b, x
4902   32E0 CA          				dex
4903   32E1 10 F9       				bpl			L3309										; Loop
4904   32E3             
4905   32E3 C6 0F       				dec			$0f
4906   32E5 10 17       				bpl			L332b
4907   32E7 EA          				nop
4908   32E8             
4909   32E8 A5 B0       				lda			$b0
4910   32EA C9 08       				cmp			#$08
4911   32EC 90 06       				bcc			L3321
4912   32EE EA          				nop
4913   32EF             
4914   32EF A9 02       				lda			#$02
4915   32F1 4C FB 32    				jmp			L3328
4916   32F4             
4917   32F4             L3321:
4918   32F4 49 FF       				eor			#$ff
4919   32F6 29 07       				and			#$07
4920   32F8 18          				clc
4921   32F9 69 02       				adc			#$02
4922   32FB             L3328:
4923   32FB 20 0A 2A    				jsr			L2d07
4924   32FE             
4925   32FE              
4926   32FE             				;; Copy ($0b-12) back
4927   32FE             L332b:
4928   32FE             ;				ldx			#$07										; Should be 6
4929   32FE A2 06       				ldx			#$06
4930   3300             L332d:
4931   3300 B5 0B       				lda			$0b, x
4932   3302 95 96       				sta			$96, x
4933   3304 CA          				dex
4934   3305 10 F9       				bpl			L332d										; Loop
4935   3307             
4936   3307 24 A7       				bit			STATUS
4937   3309 10 31       				bpl			L3369
4938   330B EA          				nop
4939   330C             
4940   330C 24 0C       				bit			$0c
4941   330E 30 2C       				bmi			L3369
4942   3310 EA          				nop
4943   3311             
4944   3311 24 0D       				bit			$0d
4945   3313 30 27       				bmi			L3369
4946   3315 EA          				nop
4947   3316             
4948   3316 A5 97       				lda			$97
4949   3318 29 40       				and			#$40
4950   331A D0 02       				bne			L334b
4951   331C EA          				nop
4952   331D             
4953   331D 60          				rts
4954   331E             
4955   331E             L334b:
4956   331E A9 EF       				lda			#$ef
4957   3320 20 52 22    				jsr			L23ca
4958   3323 EE 0F 03    				inc			$030f
4959   3326 AD 0F 03    				lda			$030f
4960   3329 29 40       				and			#$40
4961   332B D0 1B       				bne			L3375
4962   332D EA          				nop
4963   332E             
4964   332E A5 A3       				lda			VAUD1
4965   3330 29 08       				and			#$08
4966   3332 F0 02       				beq			L3363
4967   3334 EA          				nop
4968   3335             
4969   3335 60          				rts
4970   3336             
4971   3336             L3363:
4972   3336 A9 08       				lda			#$08
4973   3338 20 57 22    				jsr			L23cf										; Set AUDIO1 bits 
4974   333B 60          				rts
4975   333C             
4976   333C             L3369:
4977   333C A5 A3       				lda			VAUD1
4978   333E 29 F0       				and			#$f0
4979   3340 09 10       				ora			#$10
4980   3342 85 A3       				sta			VAUD1
4981   3344 8D 00 52    				sta			AUDIO1
4982   3347 60          				rts
4983   3348             
4984   3348             L3375:
4985   3348 A5 A3       				lda			VAUD1
4986   334A 29 08       				and			#$08
4987   334C D0 02       				bne			L337d
4988   334E EA          				nop
4989   334F             
4990   334F 60          				rts
4991   3350             
4992   3350             L337d:
4993   3350 A9 F7       				lda			#$f7
4994   3352 20 52 22    				jsr			L23ca
4995   3355 60          				rts
4996   3356             
4997   3356             
4998   3356             				;; Attract mode
4999   3356             L3383:
5000   3356 A9 EE       				lda			#$ee
5001   3358 8D 00 51    				sta			MOBLAT									; Sprite latch
5002   335B 85 1A       				sta			SPRVAL
5003   335D 20 AF 22    				jsr			L246d										; Update MOBLAT (redundant)
5004   3360 A9 10       				lda			#$10
5005   3362 85 A3       				sta			VAUD1
5006   3364 8D 00 52    				sta			AUDIO1
5007   3367 A9 00       				lda			#$00
5008   3369 85 A7       				sta			STATUS
5009   336B 20 C8 21    				jsr			L2340										; Clear screen
5010   336E 20 BA 18    				jsr			L18ba										; Draw coinage (only here)
5011   3371             				
5012   3371 A9 1F       				lda			#$1f
5013   3373 85 07       				sta			DELH											; Loop Counter
5014   3375             
5015   3375             L33a2:
5016   3375 20 C4 28    				jsr			L2b4f										; Draw DEPOSIT_COIN
5017   3378 A9 2A       				lda			#$2a
5018   337A 85 41       				sta			$41											; Loop counter
5019   337C 85 42       				sta			$42											; Loop counter
5020   337E             
5021   337E             
5022   337E             L33ab:
5023   337E A5 A1       				lda			CREDIT									; Credits
5024   3380 D0 40       				bne			L33ef										; Credits -- check starts
5025   3382 EA          				nop
5026   3383             
5027   3383             				;; No credits
5028   3383 E6 3F       				inc			$3f											; ?? 
5029   3385 D0 EE       				bne			L33a2										; Inner loop
5030   3387             
5031   3387 C6 07       				dec			DELH
5032   3389 D0 EA       				bne			L33a2										; Outer Loop
5033   338B             				
5034   338B 20 D5 1D    				jsr			L1e32										; Set up fake gameplay 
5035   338E             
5036   338E             				;; Fake gameplay loop -- make this a sub
5037   338E A9 0D       				lda			#$0d
5038   3390 85 07       				sta			DELH
5039   3392             
5040   3392             L33bf:
5041   3392 20 A1 29    				jsr			L2c99
5042   3395 20 DA 32    				jsr			L3307
5043   3398 20 41 34    				jsr			L346e
5044   339B 20 1F 1F    				jsr			L2088
5045   339E 20 45 1F    				jsr			L20ae
5046   33A1 20 86 1A    				jsr			L1ab8
5047   33A4 20 C6 1E    				jsr			L202f
5048   33A7 20 79 2B    				jsr			L2e76
5049   33AA 20 14 2B    				jsr			L2e11
5050   33AD             
5051   33AD A5 A1       				lda			CREDIT
5052   33AF D0 A5       				bne			L3383										; Check starts
5053   33B1             
5054   33B1 A5 30       				lda			$30
5055   33B3 29 02       				and			#$02										; Check D1 
5056   33B5 D0 9F       				bne			L3383										; Check starts 
5057   33B7             
5058   33B7 C6 3F       				dec			$3f											; Inner loop counter 
5059   33B9 D0 D7       				bne			L33bf										; Loop
5060   33BB             
5061   33BB C6 07       				dec			DELH											; Outer loop counter 
5062   33BD D0 D3       				bne			L33bf										; Loop
5063   33BF             
5064   33BF 4C 56 33    				jmp			L3383
5065   33C2             
5066   33C2             
5067   33C2             				;; Check starts
5068   33C2             L33ef:
5069   33C2 AD 05 51    				lda			IN0B										; Control inputs
5070   33C5 49 FF       				eor			#$ff										; Invert
5071   33C7 29 03       				and			#$03										; Mask Start buttons
5072   33C9 C9 01       				cmp			#$01										; 1P Start
5073   33CB F0 44       				beq			L343e
5074   33CD EA          				nop
5075   33CE             
5076   33CE C9 02       				cmp			#$02										; 2P Start
5077   33D0 F0 26       				beq			L3425
5078   33D2 EA          				nop
5079   33D3             
5080   33D3 C6 06       				dec			DELL
5081   33D5 D0 A7       				bne			L33ab										; Loop
5082   33D7             
5083   33D7 C6 41       				dec			$41
5084   33D9 D0 A3       				bne			L33ab										; Loop
5085   33DB             
5086   33DB A9 01       				lda			#$01
5087   33DD 85 41       				sta			$41
5088   33DF A2 0B       				ldx			#$0b										; Length-1x
5089   33E1 AD 2A 42    				lda			$422a										; Was $420d 
5090   33E4 C9 20       				cmp			#$20
5091   33E6 F0 09       				beq			L341e										; (Already erased) 
5092   33E8 EA          				nop
5093   33E9             
5094   33E9             				;; Erase "PRESS START"
5095   33E9 A9 20       				lda			#$20
5096   33EB             L3418:
5097   33EB 9D 2A 42    				sta			$422a, x								; Was $420d 
5098   33EE CA          				dex
5099   33EF 10 FA       				bpl			L3418
5100   33F1             
5101   33F1             L341e:
5102   33F1 C6 42       				dec			$42
5103   33F3 D0 89       				bne			L33ab										; Loop
5104   33F5             				
5105   33F5 4C 75 33    				jmp			L33a2										; Loop
5106   33F8             
5107   33F8             				;; 2P Start pressed
5108   33F8             L3425:
5109   33F8 AD 00 51    				lda			$5100										; DIPs
5110   33FB 29 18       				and			#$18
5111   33FD C9 18       				cmp			#$18
5112   33FF F0 0E       				beq			L343c										; 2P per credit?
5113   3401 EA          				nop
5114   3402             
5115   3402 A5 A1       				lda			CREDIT									; Credits
5116   3404 C9 02       				cmp			#$02
5117   3406 B0 04       				bcs			L3439
5118   3408 EA          				nop
5119   3409 4C 75 33    				jmp			L33a2										; Not enough credits
5120   340C             				
5121   340C             L3439:
5122   340C 20 0D 19    				jsr			L193a										; Decrement credits
5123   340F             
5124   340F             L343c:
5125   340F A9 02       				lda			#$02
5126   3411             
5127   3411             				;; 1P Start
5128   3411             L343e:
5129   3411 85 C0       				sta			NUMP										; # Players
5130   3413 20 0D 19    				jsr			L193a										; Decrement credits
5131   3416             
5132   3416 A9 0B       				lda			#$0b
5133   3418 85 2F       				sta			$2f
5134   341A A9 0A       				lda			#$0a
5135   341C 85 B1       				sta			ARROWS
5136   341E A9 03       				lda			#$03
5137   3420 85 28       				sta			$28
5138   3422 20 C8 21    				jsr			L2340										; Clear screen
5139   3425 A9 01       				lda			#$01
5140   3427 85 BF       				sta			$bf
5141   3429 A9 80       				lda			#$80										; D7 = game mode
5142   342B 85 A7       				sta			STATUS											; Status
5143   342D A0 16       				ldy			#$16
5144   342F A5 C0       				lda			NUMP
5145   3431 C9 02       				cmp			#$02
5146   3433 F0 03       				beq			L3465
5147   3435 EA          				nop
5148   3436             
5149   3436 A0 12       				ldy			#$12
5150   3438             L3465:
5151   3438 20 E1 1A    				jsr			L1b13
5152   343B 20 77 22    				jsr			L2421
5153   343E 4C 30 30    				jmp			L3030
5154   3441             
5155   3441             
5156   3441             L346e:
5157   3441 A5 3F       				lda			$3f											; ??
5158   3443 29 1F       				and			#$1f										; Mask low 5 bits 
5159   3445 C9 0F       				cmp			#$0f
5160   3447 D0 0B       				bne			L3481
5161   3449 EA          				nop
5162   344A             
5163   344A 20 2C 22    				jsr			L23a4										; Kick PRNG
5164   344D 85 00       				sta			$00											; Store PRN
5165   344F 29 49       				and			#$49										; 0100_1001
5166   3451 D0 06       				bne			L3486
5167   3453 EA          				nop
5168   3454             
5169   3454             L3481:
5170   3454 A9 00       				lda			#$00
5171   3456 85 34       				sta			CURIN0
5172   3458 60          				rts
5173   3459             
5174   3459             L3486:
5175   3459 A5 00       				lda			$00
5176   345B 29 03       				and			#$03										; Clear high 6 bits
5177   345D AA          				tax
5178   345E BD 7F 1E    				lda			L1fe8, x								; Table (20 40 04 08)
5179   3461 85 34       				sta			CURIN0
5180   3463             
5181   3463 A5 00       				lda			$00
5182   3465 29 10       				and			#$10
5183   3467 05 34       				ora			CURIN0									; May set bit 4
5184   3469 85 34       				sta			CURIN0									; 04 08 20 40 / 14 1
5185   346B 29 EF       				and			#$ef										; D0 never set anyway?
5186   346D 85 35       				sta			OLDIN0									; Store
5187   346F 60          				rts
5188   3470             
5189   3470~            .if 0
5190   3470~            				;;
5191   3470~            				;; Garbage assembly text
5192   3470~            				;;
5193   3470~            L349d:
5194   3470~            				.db			                         $54, $0d, $10		; DATA
5195   3470~            				.db			$30, $20, $41, $43, $54, $49, $56, $45		; DATA
5196   3470~            				.db			$3d, $24, $30, $30, $42, $31, $20, $3b		; DATA
5197   3470~            				.db			$4e, $55, $4d, $42, $45, $52, $20, $4f		; DATA
5198   3470~            				.db			$46, $20, $41, $43, $54, $49, $56, $45		; DATA
5199   3470~            				.db			$20, $41, $52, $52, $4f, $57, $53, $0d		; DATA
5200   3470~            				.db			$10, $40, $20, $53, $4d, $4f, $56, $45		; DATA
5201   3470~            				.db			$3d, $24, $30, $30, $42, $32, $20, $3b		; DATA
5202   3470~            				.db			$53, $4d, $41, $52, $54, $20, $4d, $4f		; DATA
5203   3470~            				.db			$56, $45, $20, $43, $4f, $44, $45, $0d		; DATA
5204   3470~            				.db			$10, $50, $20, $46, $53, $48, $43, $4e		; DATA
5205   3470~            				.db			$54, $3d, $24, $30, $30, $42, $33, $20		; DATA
5206   3470~            				.db			$3b, $46, $4c, $41, $53, $48, $20, $43		; DATA
5207   3470~            				.db			$4f, $55, $4e, $54, $45, $52, $0d, $10		; DATA
5208   3470~            				.db			$60, $20, $46, $53, $43, $52, $4e, $3d		; DATA
5209   3470~            				.db			$24, $30, $30, $42, $34, $20, $3b, $46		; DATA
5210   3470~            				.db			$4c, $41, $53, $48, $20, $53, $43, $52		; DATA
5211   3470~            				.db			$45, $45, $4e, $20, $4c, $4f, $43, $41		; DATA
5212   3470~            				.db			$54, $49, $4f, $4e, $0d, $10, $70, $20		; DATA
5213   3470~            				.db			$43, $41, $42, $54, $4d, $3d, $24, $30		; DATA
5214   3470~            				.db			$30, $42, $36, $20, $3b, $43, $41, $52		; DATA
5215   3470~            				.db			$20, $42, $41, $53, $45, $20, $54, $49		; DATA
5216   3470~            				.db			$4d, $45, $52, $0d, $10, $80, $20, $43		; DATA
5217   3470~            				.db			$41, $52, $43, $41, $4c, $3d, $24, $30		; DATA
5218   3470~            				.db			$30, $42, $37, $20, $3b, $43, $41, $52		; DATA
5219   3470~            				.db			$20, $43, $41, $4c, $45, $4e, $44, $41		; DATA
5220   3470~            				.db			$52, $0d, $10, $90, $20, $4f, $42, $4a		; DATA
5221   3470~            				.db			$43, $54, $52, $3d, $24, $30, $30, $42		; DATA
5222   3470~            				.db			$38, $20, $3b, $53, $50, $45, $43, $49		; DATA
5223   3470~            				.db			$41, $4c, $20, $4f, $42, $4a, $45, $43		; DATA
5224   3470~            				.db			$54, $20, $43, $4f, $55, $4e, $54, $45		; DATA
5225   3470~            				.db			$52, $0d, $11, $00, $20, $46, $49, $4d		; DATA
5226   3470~            				.db			$41, $47, $3d, $24, $30, $30, $42, $39		; DATA
5227   3470~            				.db			$20, $3b, $46, $4c, $41, $53, $48, $49		; DATA
5228   3470~            				.db			$4e, $47, $20, $49, $4d, $41, $47, $45		; DATA
5229   3470~            				.db			$0d, $11, $10, $20, $54, $50, $4f, $49		; DATA
5230   3470~            				.db			$4e, $54, $3d, $24, $30, $30, $42, $43		; DATA
5231   3470~            				.db			$20, $3b, $54, $59, $50, $45, $20, $4f		; DATA
5232   3470~            				.db			$46, $20, $50, $4f, $49, $4e, $54, $20		; DATA
5233   3470~            				.db			$54, $4f, $20, $42, $45, $20, $41, $57		; DATA
5234   3470~            				.db			$41, $52, $44, $45, $44, $20, $28, $41		; DATA
5235   3470~            				.db			$52, $52, $4f, $57, $2d, $53, $50, $45		; DATA
5236   3470~            				.db			$43, $20, $54, $41, $52, $47, $29, $0d		; DATA
5237   3470~            				.db			$11, $20, $20, $50, $4c, $59, $52, $53		; DATA
5238   3470~            				.db			$43, $3d, $24, $30, $30, $42, $44, $20		; DATA
5239   3470~            				.db			$3b, $50, $4c, $41, $59, $45, $52, $20		; DATA
5240   3470~            				.db			$53, $43, $4f, $52, $45, $20, $28, $32		; DATA
5241   3470~            				.db			$20, $42, $59, $54, $45, $53, $29, $0d		; DATA
5242   3470~            				.db			$11, $30, $20, $50, $4c, $59, $4e, $3d		; DATA
5243   3470~            				.db			$24, $30, $30, $42, $46, $20, $3b, $50		; DATA
5244   3470~            				.db			$4c, $41, $59, $45, $52, $20, $4e, $55		; DATA
5245   3470~            				.db			$4d, $42, $45, $52, $0d, $11, $40, $20		; DATA
5246   3470~            				.db			$4e, $50, $4c, $59, $52, $53, $3d, $24		; DATA
5247   3470~            				.db			$30, $30, $43, $30, $20, $3b, $4e, $55		; DATA
5248   3470~            				.db			$4d, $42, $45, $52, $20, $4f, $46, $20		; DATA
5249   3470~            				.db			$50, $4c, $41, $59, $45, $52, $53, $20		; DATA
5250   3470~            				.db			$28, $31, $20, $4f, $52, $20, $32, $29		; DATA
5251   3470~            				.db			$0d, $11, $50, $20, $4e, $43, $41, $52		; DATA
5252   3470~            				.db			$53, $3d, $24, $30, $30, $43, $31, $20		; DATA
5253   3470~            				.db			$3b, $4e, $55, $4d, $42, $45, $52, $20		; DATA
5254   3470~            				.db			$4f, $46, $20, $43, $41, $52, $53, $20		; DATA
5255   3470~            				.db			$50, $45, $52, $20, $47, $41, $4d, $45		; DATA
5256   3470~            				.db			$0d, $11, $60, $20, $42, $43, $41, $4c		; DATA
5257   3470~            				.db			$4e, $3d, $24, $30, $30, $43, $32, $20		; DATA
5258   3470~            				.db			$3b, $42, $55, $4c, $4c, $45, $54, $20		; DATA
5259   3470~            				.db			$43, $41, $4c, $45, $4e, $44, $41, $52		; DATA
5260   3470~            				.db			$0d, $11, $70, $20, $4e, $50, $4f, $49		; DATA
5261   3470~            				.db			$4e, $54, $3d, $24, $30, $30, $43, $33		; DATA
5262   3470~            				.db			$20, $3b, $4e, $55, $4d, $42, $45, $52		; DATA
5263   3470~            				.db			$20, $4f, $46, $20, $50, $4f, $49, $4e		; DATA
5264   3470~            				.db			$54, $53, $20, $50, $45, $52, $20, $41		; DATA
5265   3470~            				.db			$52, $52, $4f, $57, $0d, $11, $80, $20		; DATA
5266   3470~            				.db			$53, $43, $4f, $52, $45, $31, $3d, $24		; DATA
5267   3470~            				.db			$30, $30, $44, $30, $20, $3b, $53, $43		; DATA
5268   3470~            				.db			$4f, $52, $45, $20, $53, $54, $4f, $52		; DATA
5269   3470~            				.db			$41, $47, $45, $0d, $11, $90, $20, $53		; DATA
5270   3470~            				.db			$43, $4f, $52, $31, $31, $3d, $24, $30		; DATA
5271   3470~            				.db			$30, $44, $32, $20, $3b, $48, $2e, $4f		; DATA
5272   3470~            				.db			$2e, $20, $53, $43, $4f, $52, $45, $20		; DATA
5273   3470~            				.db			$53, $54, $4f, $52, $41, $47, $45, $0d		; DATA
5274   3470~            				.db			$12, $00, $20, $41, $43, $54, $49, $56		; DATA
5275   3470~            				.db			$31, $3d, $24, $30, $30, $44, $34, $20		; DATA
5276   3470~            				.db			$3b, $4e, $55, $4d, $42, $45, $52, $20		; DATA
5277   3470~            				.db			$4f, $46, $20, $41, $43, $54, $49, $56		; DATA
5278   3470~            				.db			$45, $20, $41, $52, $52, $4f, $57, $53		; DATA
5279   3470~            				.db			$20, $53, $54, $4f, $52, $41, $47, $45		; DATA
5280   3470~            				.db			$0d, $12, $10, $20, $4e, $43, $41, $52		; DATA
5281   3470~            				.db			$53, $31, $3d, $24, $30, $30, $44, $36		; DATA
5282   3470~            				.db			$20, $3b, $4e, $55, $4d, $42, $45, $52		; DATA
5283   3470~            				.db			$20, $4f, $46, $20, $43, $41, $52, $53		; DATA
5284   3470~            				.db			$20, $4c, $45, $46, $54, $20, $53, $54		; DATA
5285   3470~            				.db			$4f, $52, $41, $47, $45, $0d, $12, $20		; DATA
5286   3470~            				.db			$20, $4e, $53, $46, $49, $52, $53, $3d		; DATA
5287   3470~            				.db			$24, $30, $30, $44, $38, $20, $3b, $4e		; DATA
5288   3470~            				.db			$55, $4d, $42, $45, $52, $20, $4f, $46		; DATA
5289   3470~            				.db			$20, $54, $49, $4d, $45, $53, $20, $46		; DATA
5290   3470~            				.db			$49, $52, $45, $44, $20, $41, $54, $20		; DATA
5291   3470~            				.db			$53, $50, $45, $43, $49, $41, $4c, $20		; DATA
5292   3470~            				.db			$54, $41, $52, $47, $45, $54, $0d, $12		; DATA
5293   3470~            				.db			$30, $20, $4e, $50, $4f, $49, $54, $53		; DATA
5294   3470~            				.db			$3d, $24, $30, $30, $44, $41, $20, $3b		; DATA
5295   3470~            				.db			$4e, $55, $4d, $42, $45, $52, $20, $4f		; DATA
5296   3470~            				.db			$46, $20, $50, $4f, $49, $4e, $54, $53		; DATA
5297   3470~            				.db			$20, $50, $45, $52, $20, $41, $52, $52		; DATA
5298   3470~            				.db			$4f, $57, $0d, $12, $40, $20, $48, $53		; DATA
5299   3470~            				.db			$43, $4f, $52, $4e, $3d, $24, $30, $30		; DATA
5300   3470~            				.db			$44, $43, $20, $3b, $48, $49, $47, $48		; DATA
5301   3470~            				.db			$20, $53, $43, $4f, $52, $45, $20, $4e		; DATA
5302   3470~            				.db			$55, $4d, $42, $45, $52, $0d, $12, $50		; DATA
5303   3470             .endif
5304   3470             
5305   3800             				.org		$3800
5306   3800             				.include "targ_char.asm"
0001+  3800             
0002+  3800             ;;			.org		$3800
0003+  3800             L3800:
0004+  3800 00          				.db			$00											; ................ $00
0005+  3801 00          				.db			$00											; ................ 
0006+  3802 00          				.db			$00											; ................ 
0007+  3803 00          				.db			$00											; ................ 
0008+  3804 00          				.db			$00											; ................ 
0009+  3805 00          				.db			$00											; ................ 
0010+  3806 00          				.db			$00											; ................ 
0011+  3807 00          				.db			$00											; ................ 
0012+  3808             
0013+  3808             L3808:
0014+  3808 18          				.db			$18											; ......####...... $01
0015+  3809 18          				.db			$18											; ......####...... 
0016+  380A 3C          				.db			$3c											; ....########.... 
0017+  380B 3C          				.db			$3c											; ....########.... 
0018+  380C 7E          				.db			$7e											; ..############.. 
0019+  380D 7E          				.db			$7e											; ..############.. 
0020+  380E E7          				.db			$e7											; ######....###### 
0021+  380F C3          				.db			$c3											; ####........#### 
0022+  3810             
0023+  3810             L3810:
0024+  3810 00          				.db			$00											; ................ $02
0025+  3811 00          				.db			$00											; ................ 
0026+  3812 00          				.db			$00											; ................ 
0027+  3813 00          				.db			$00											; ................ 
0028+  3814 00          				.db			$00											; ................ 
0029+  3815 00          				.db			$00											; ................ 
0030+  3816 18          				.db			$18											; ......####...... 
0031+  3817 18          				.db			$18											; ......####...... 
0032+  3818             
0033+  3818             L3818:
0034+  3818 3C          				.db			$3c											; ....########.... $03
0035+  3819 3C          				.db			$3c											; ....########.... 
0036+  381A 7E          				.db			$7e											; ..############.. 
0037+  381B 7E          				.db			$7e											; ..############.. 
0038+  381C E7          				.db			$e7											; ######....###### 
0039+  381D C3          				.db			$c3											; ####........#### 
0040+  381E 00          				.db			$00											; ................ 
0041+  381F 00          				.db			$00											; ................ 
0042+  3820             
0043+  3820             L3820:
0044+  3820 00          				.db			$00											; ................ $04
0045+  3821 00          				.db			$00											; ................ 
0046+  3822 00          				.db			$00											; ................ 
0047+  3823 00          				.db			$00											; ................ 
0048+  3824 18          				.db			$18											; ......####...... 
0049+  3825 18          				.db			$18											; ......####...... 
0050+  3826 3C          				.db			$3c											; ....########.... 
0051+  3827 3C          				.db			$3c											; ....########.... 
0052+  3828             
0053+  3828             L3828:
0054+  3828 7E          				.db			$7e											; ..############.. $05
0055+  3829 7E          				.db			$7e											; ..############.. 
0056+  382A E7          				.db			$e7											; ######....###### 
0057+  382B C3          				.db			$c3											; ####........#### 
0058+  382C 00          				.db			$00											; ................ 
0059+  382D 00          				.db			$00											; ................ 
0060+  382E 00          				.db			$00											; ................ 
0061+  382F 00          				.db			$00											; ................ 
0062+  3830             
0063+  3830             L3830:
0064+  3830 00          				.db			$00											; ................ $06
0065+  3831 00          				.db			$00											; ................ 
0066+  3832 18          				.db			$18											; ......####...... 
0067+  3833 18          				.db			$18											; ......####...... 
0068+  3834 3C          				.db			$3c											; ....########.... 
0069+  3835 3C          				.db			$3c											; ....########.... 
0070+  3836 7E          				.db			$7e											; ..############.. 
0071+  3837 7E          				.db			$7e											; ..############.. 
0072+  3838             
0073+  3838             L3838:
0074+  3838 E7          				.db			$e7											; ######....###### $07
0075+  3839 C3          				.db			$c3											; ####........#### 
0076+  383A 00          				.db			$00											; ................ 
0077+  383B 00          				.db			$00											; ................ 
0078+  383C 00          				.db			$00											; ................ 
0079+  383D 00          				.db			$00											; ................ 
0080+  383E 00          				.db			$00											; ................ 
0081+  383F 00          				.db			$00											; ................ 
0082+  3840             
0083+  3840             L3840:
0084+  3840 C3          				.db			$c3											; ####........#### $08
0085+  3841 E7          				.db			$e7											; ######....###### 
0086+  3842 7E          				.db			$7e											; ..############.. 
0087+  3843 7E          				.db			$7e											; ..############.. 
0088+  3844 3C          				.db			$3c											; ....########.... 
0089+  3845 3C          				.db			$3c											; ....########.... 
0090+  3846 18          				.db			$18											; ......####...... 
0091+  3847 18          				.db			$18											; ......####...... 
0092+  3848             
0093+  3848             L3848:
0094+  3848 00          				.db			$00											; ................ $09
0095+  3849 00          				.db			$00											; ................ 
0096+  384A 00          				.db			$00											; ................ 
0097+  384B 00          				.db			$00											; ................ 
0098+  384C 00          				.db			$00											; ................ 
0099+  384D 00          				.db			$00											; ................ 
0100+  384E 00          				.db			$00											; ................ 
0101+  384F 00          				.db			$00											; ................ 
0102+  3850             
0103+  3850             L3850:
0104+  3850 00          				.db			$00											; ................ $0a
0105+  3851 00          				.db			$00											; ................ 
0106+  3852 C3          				.db			$c3											; ####........#### 
0107+  3853 E7          				.db			$e7											; ######....###### 
0108+  3854 7E          				.db			$7e											; ..############.. 
0109+  3855 7E          				.db			$7e											; ..############.. 
0110+  3856 3C          				.db			$3c											; ....########.... 
0111+  3857 3C          				.db			$3c											; ....########.... 
0112+  3858             
0113+  3858             L3858:
0114+  3858 18          				.db			$18											; ......####...... $0b
0115+  3859 18          				.db			$18											; ......####...... 
0116+  385A 00          				.db			$00											; ................ 
0117+  385B 00          				.db			$00											; ................ 
0118+  385C 00          				.db			$00											; ................ 
0119+  385D 00          				.db			$00											; ................ 
0120+  385E 00          				.db			$00											; ................ 
0121+  385F 00          				.db			$00											; ................ 
0122+  3860             
0123+  3860             L3860:
0124+  3860 00          				.db			$00											; ................ $0c
0125+  3861 00          				.db			$00											; ................ 
0126+  3862 00          				.db			$00											; ................ 
0127+  3863 00          				.db			$00											; ................ 
0128+  3864 C3          				.db			$c3											; ####........#### 
0129+  3865 E7          				.db			$e7											; ######....###### 
0130+  3866 7E          				.db			$7e											; ..############.. 
0131+  3867 7E          				.db			$7e											; ..############.. 
0132+  3868             
0133+  3868             L3868:
0134+  3868 3C          				.db			$3c											; ....########.... $0d
0135+  3869 3C          				.db			$3c											; ....########.... 
0136+  386A 18          				.db			$18											; ......####...... 
0137+  386B 18          				.db			$18											; ......####...... 
0138+  386C 00          				.db			$00											; ................ 
0139+  386D 00          				.db			$00											; ................ 
0140+  386E 00          				.db			$00											; ................ 
0141+  386F 00          				.db			$00											; ................ 
0142+  3870             
0143+  3870             L3870:
0144+  3870 00          				.db			$00											; ................ $0e
0145+  3871 00          				.db			$00											; ................ 
0146+  3872 00          				.db			$00											; ................ 
0147+  3873 00          				.db			$00											; ................ 
0148+  3874 00          				.db			$00											; ................ 
0149+  3875 00          				.db			$00											; ................ 
0150+  3876 C3          				.db			$c3											; ####........#### 
0151+  3877 E7          				.db			$e7											; ######....###### 
0152+  3878             
0153+  3878             L3878:
0154+  3878 7E          				.db			$7e											; ..############.. $0f
0155+  3879 7E          				.db			$7e											; ..############.. 
0156+  387A 3C          				.db			$3c											; ....########.... 
0157+  387B 3C          				.db			$3c											; ....########.... 
0158+  387C 18          				.db			$18											; ......####...... 
0159+  387D 18          				.db			$18											; ......####...... 
0160+  387E 00          				.db			$00											; ................ 
0161+  387F 00          				.db			$00											; ................ 
0162+  3880             
0163+  3880             L3880:
0164+  3880 C0          				.db			$c0											; ####............ $10
0165+  3881 F0          				.db			$f0											; ########........ 
0166+  3882 7C          				.db			$7c											; ..##########.... 
0167+  3883 3F          				.db			$3f											; ....############ 
0168+  3884 3F          				.db			$3f											; ....############ 
0169+  3885 7C          				.db			$7c											; ..##########.... 
0170+  3886 F0          				.db			$f0											; ########........ 
0171+  3887 C0          				.db			$c0											; ####............ 
0172+  3888             
0173+  3888             L3888:
0174+  3888 00          				.db			$00											; ................ $11
0175+  3889 00          				.db			$00											; ................ 
0176+  388A 00          				.db			$00											; ................ 
0177+  388B 00          				.db			$00											; ................ 
0178+  388C 00          				.db			$00											; ................ 
0179+  388D 00          				.db			$00											; ................ 
0180+  388E 00          				.db			$00											; ................ 
0181+  388F 00          				.db			$00											; ................ 
0182+  3890             
0183+  3890             L3890:
0184+  3890 30          				.db			$30											; ....####........ $12
0185+  3891 3C          				.db			$3c											; ....########.... 
0186+  3892 1F          				.db			$1f											; ......########## 
0187+  3893 0F          				.db			$0f											; ........######## 
0188+  3894 0F          				.db			$0f											; ........######## 
0189+  3895 1F          				.db			$1f											; ......########## 
0190+  3896 3C          				.db			$3c											; ....########.... 
0191+  3897 30          				.db			$30											; ....####........ 
0192+  3898             
0193+  3898             L3898:
0194+  3898 00          				.db			$00											; ................ $13
0195+  3899 00          				.db			$00											; ................ 
0196+  389A 00          				.db			$00											; ................ 
0197+  389B C0          				.db			$c0											; ####............ 
0198+  389C C0          				.db			$c0											; ####............ 
0199+  389D 00          				.db			$00											; ................ 
0200+  389E 00          				.db			$00											; ................ 
0201+  389F 00          				.db			$00											; ................ 
0202+  38A0             
0203+  38A0             L38a0:
0204+  38A0 0C          				.db			$0c											; ........####.... $14
0205+  38A1 0F          				.db			$0f											; ........######## 
0206+  38A2 07          				.db			$07											; ..........###### 
0207+  38A3 03          				.db			$03											; ............#### 
0208+  38A4 03          				.db			$03											; ............#### 
0209+  38A5 07          				.db			$07											; ..........###### 
0210+  38A6 0F          				.db			$0f											; ........######## 
0211+  38A7 0C          				.db			$0c											; ........####.... 
0212+  38A8             
0213+  38A8             L38a8:
0214+  38A8 00          				.db			$00											; ................ $15
0215+  38A9 00          				.db			$00											; ................ 
0216+  38AA C0          				.db			$c0											; ####............ 
0217+  38AB F0          				.db			$f0											; ########........ 
0218+  38AC F0          				.db			$f0											; ########........ 
0219+  38AD C0          				.db			$c0											; ####............ 
0220+  38AE 00          				.db			$00											; ................ 
0221+  38AF 00          				.db			$00											; ................ 
0222+  38B0             
0223+  38B0             L38b0:
0224+  38B0 03          				.db			$03											; ............#### $16
0225+  38B1 03          				.db			$03											; ............#### 
0226+  38B2 01          				.db			$01											; ..............## 
0227+  38B3 00          				.db			$00											; ................ 
0228+  38B4 00          				.db			$00											; ................ 
0229+  38B5 01          				.db			$01											; ..............## 
0230+  38B6 03          				.db			$03											; ............#### 
0231+  38B7 03          				.db			$03											; ............#### 
0232+  38B8             
0233+  38B8             L38b8:
0234+  38B8 00          				.db			$00											; ................ $17
0235+  38B9 C0          				.db			$c0											; ####............ 
0236+  38BA F0          				.db			$f0											; ########........ 
0237+  38BB FC          				.db			$fc											; ############.... 
0238+  38BC FC          				.db			$fc											; ############.... 
0239+  38BD F0          				.db			$f0											; ########........ 
0240+  38BE C0          				.db			$c0											; ####............ 
0241+  38BF 00          				.db			$00											; ................ 
0242+  38C0             
0243+  38C0             L38c0:
0244+  38C0 00          				.db			$00											; ................ $18
0245+  38C1 00          				.db			$00											; ................ 
0246+  38C2 00          				.db			$00											; ................ 
0247+  38C3 00          				.db			$00											; ................ 
0248+  38C4 00          				.db			$00											; ................ 
0249+  38C5 00          				.db			$00											; ................ 
0250+  38C6 00          				.db			$00											; ................ 
0251+  38C7 00          				.db			$00											; ................ 
0252+  38C8             
0253+  38C8             L38c8:
0254+  38C8 03          				.db			$03											; ............#### $19
0255+  38C9 0F          				.db			$0f											; ........######## 
0256+  38CA 3E          				.db			$3e											; ....##########.. 
0257+  38CB FC          				.db			$fc											; ############.... 
0258+  38CC FC          				.db			$fc											; ############.... 
0259+  38CD 3E          				.db			$3e											; ....##########.. 
0260+  38CE 0F          				.db			$0f											; ........######## 
0261+  38CF 03          				.db			$03											; ............#### 
0262+  38D0             
0263+  38D0             L38d0:
0264+  38D0 00          				.db			$00											; ................ $1a
0265+  38D1 00          				.db			$00											; ................ 
0266+  38D2 00          				.db			$00											; ................ 
0267+  38D3 03          				.db			$03											; ............#### 
0268+  38D4 03          				.db			$03											; ............#### 
0269+  38D5 00          				.db			$00											; ................ 
0270+  38D6 00          				.db			$00											; ................ 
0271+  38D7 00          				.db			$00											; ................ 
0272+  38D8             
0273+  38D8             L38d8:
0274+  38D8 0C          				.db			$0c											; ........####.... $1b
0275+  38D9 3C          				.db			$3c											; ....########.... 
0276+  38DA F8          				.db			$f8											; ##########...... 
0277+  38DB F0          				.db			$f0											; ########........ 
0278+  38DC F0          				.db			$f0											; ########........ 
0279+  38DD F8          				.db			$f8											; ##########...... 
0280+  38DE 3C          				.db			$3c											; ....########.... 
0281+  38DF 0C          				.db			$0c											; ........####.... 
0282+  38E0             
0283+  38E0             L38e0:
0284+  38E0 00          				.db			$00											; ................ $!c
0285+  38E1 00          				.db			$00											; ................ 
0286+  38E2 03          				.db			$03											; ............#### 
0287+  38E3 0F          				.db			$0f											; ........######## 
0288+  38E4 0F          				.db			$0f											; ........######## 
0289+  38E5 03          				.db			$03											; ............#### 
0290+  38E6 00          				.db			$00											; ................ 
0291+  38E7 00          				.db			$00											; ................ 
0292+  38E8             
0293+  38E8             L38e8:
0294+  38E8 30          				.db			$30											; ....####........ $!d
0295+  38E9 F0          				.db			$f0											; ########........ 
0296+  38EA E0          				.db			$e0											; ######.......... 
0297+  38EB C0          				.db			$c0											; ####............ 
0298+  38EC C0          				.db			$c0											; ####............ 
0299+  38ED E0          				.db			$e0											; ######.......... 
0300+  38EE F0          				.db			$f0											; ########........ 
0301+  38EF 30          				.db			$30											; ....####........ 
0302+  38F0             
0303+  38F0             L38f0:
0304+  38F0 00          				.db			$00											; ................ $1e
0305+  38F1 03          				.db			$03											; ............#### 
0306+  38F2 0F          				.db			$0f											; ........######## 
0307+  38F3 3F          				.db			$3f											; ....############ 
0308+  38F4 3F          				.db			$3f											; ....############ 
0309+  38F5 0F          				.db			$0f											; ........######## 
0310+  38F6 03          				.db			$03											; ............#### 
0311+  38F7 00          				.db			$00											; ................ 
0312+  38F8             
0313+  38F8             L38f8:
0314+  38F8 C0          				.db			$c0											; ####............ $1f
0315+  38F9 C0          				.db			$c0											; ####............ 
0316+  38FA 80          				.db			$80											; ##.............. 
0317+  38FB 00          				.db			$00											; ................ 
0318+  38FC 00          				.db			$00											; ................ 
0319+  38FD 80          				.db			$80											; ##.............. 
0320+  38FE C0          				.db			$c0											; ####............ 
0321+  38FF C0          				.db			$c0											; ####............ 
0322+  3900             
0323+  3900             L3900:
0324+  3900 00          				.db			$00											; ................ $20
0325+  3901 00          				.db			$00											; ................ 
0326+  3902 00          				.db			$00											; ................ 
0327+  3903 00          				.db			$00											; ................ 
0328+  3904 00          				.db			$00											; ................ 
0329+  3905 00          				.db			$00											; ................ 
0330+  3906 00          				.db			$00											; ................ 
0331+  3907 00          				.db			$00											; ................ 
0332+  3908             
0333+  3908             L3908:
0334+  3908 14          				.db			$14											; ......##..##.... $21
0335+  3909 8A          				.db			$8a											; ##......##..##.. 
0336+  390A A1          				.db			$a1											; ##..##........## 
0337+  390B 29          				.db			$29											; ....##..##....## 
0338+  390C D3          				.db			$d3											; ####..##....#### 
0339+  390D 52          				.db			$52											; ..##..##....##.. 
0340+  390E 61          				.db			$61											; ..####........## 
0341+  390F 3A          				.db			$3a											; ....######..##.. 
0342+  3910             
0343+  3910             L3910:
0344+  3910 31          				.db			$31											; ....####......## $22
0345+  3911 55          				.db			$55											; ..##..##..##..## 
0346+  3912 61          				.db			$61											; ..####........## 
0347+  3913 A1          				.db			$a1											; ##..##........## 
0348+  3914 22          				.db			$22											; ....##......##.. 
0349+  3915 44          				.db			$44											; ..##......##.... 
0350+  3916 91          				.db			$91											; ##....##......## 
0351+  3917 CA          				.db			$ca											; ####....##..##.. 
0352+  3918             
0353+  3918             L3918:
0354+  3918 00          				.db			$00											; ................ $23
0355+  3919 00          				.db			$00											; ................ 
0356+  391A 00          				.db			$00											; ................ 
0357+  391B 00          				.db			$00											; ................ 
0358+  391C 00          				.db			$00											; ................ 
0359+  391D 00          				.db			$00											; ................ 
0360+  391E 00          				.db			$00											; ................ 
0361+  391F 00          				.db			$00											; ................ 
0362+  3920             
0363+  3920             L3920:
0364+  3920 00          				.db			$00											; ................ $24
0365+  3921 00          				.db			$00											; ................ 
0366+  3922 00          				.db			$00											; ................ 
0367+  3923 00          				.db			$00											; ................ 
0368+  3924 00          				.db			$00											; ................ 
0369+  3925 00          				.db			$00											; ................ 
0370+  3926 00          				.db			$00											; ................ 
0371+  3927 00          				.db			$00											; ................ 
0372+  3928             
0373+  3928             L3928:
0374+  3928 00          				.db			$00											; ................ $25
0375+  3929 00          				.db			$00											; ................ 
0376+  392A 00          				.db			$00											; ................ 
0377+  392B 00          				.db			$00											; ................ 
0378+  392C 00          				.db			$00											; ................ 
0379+  392D 00          				.db			$00											; ................ 
0380+  392E 00          				.db			$00											; ................ 
0381+  392F 00          				.db			$00											; ................ 
0382+  3930             
0383+  3930             L3930:
0384+  3930 00          				.db			$00											; ................ $26
0385+  3931 00          				.db			$00											; ................ 
0386+  3932 00          				.db			$00											; ................ 
0387+  3933 00          				.db			$00											; ................ 
0388+  3934 00          				.db			$00											; ................ 
0389+  3935 00          				.db			$00											; ................ 
0390+  3936 00          				.db			$00											; ................ 
0391+  3937 00          				.db			$00											; ................ 
0392+  3938             
0393+  3938             L3938:
0394+  3938 00          				.db			$00											; ................ $27
0395+  3939 00          				.db			$00											; ................ 
0396+  393A 00          				.db			$00											; ................ 
0397+  393B 00          				.db			$00											; ................ 
0398+  393C 00          				.db			$00											; ................ 
0399+  393D 00          				.db			$00											; ................ 
0400+  393E 00          				.db			$00											; ................ 
0401+  393F 00          				.db			$00											; ................ 
0402+  3940             
0403+  3940             L3940:
0404+  3940 00          				.db			$00											; ................ $28
0405+  3941 00          				.db			$00											; ................ 
0406+  3942 00          				.db			$00											; ................ 
0407+  3943 00          				.db			$00											; ................ 
0408+  3944 00          				.db			$00											; ................ 
0409+  3945 00          				.db			$00											; ................ 
0410+  3946 00          				.db			$00											; ................ 
0411+  3947 00          				.db			$00											; ................ 
0412+  3948             
0413+  3948             L3948:
0414+  3948 00          				.db			$00											; ................ $29
0415+  3949 00          				.db			$00											; ................ 
0416+  394A 00          				.db			$00											; ................ 
0417+  394B 00          				.db			$00											; ................ 
0418+  394C 00          				.db			$00											; ................ 
0419+  394D 00          				.db			$00											; ................ 
0420+  394E 00          				.db			$00											; ................ 
0421+  394F 00          				.db			$00											; ................ 
0422+  3950             
0423+  3950             L3950:
0424+  3950 00          				.db			$00											; ................ $2a
0425+  3951 00          				.db			$00											; ................ 
0426+  3952 00          				.db			$00											; ................ 
0427+  3953 00          				.db			$00											; ................ 
0428+  3954 00          				.db			$00											; ................ 
0429+  3955 00          				.db			$00											; ................ 
0430+  3956 00          				.db			$00											; ................ 
0431+  3957 00          				.db			$00											; ................ 
0432+  3958             
0433+  3958             L3958:
0434+  3958 00          				.db			$00											; ................ $2b
0435+  3959 00          				.db			$00											; ................ 
0436+  395A 00          				.db			$00											; ................ 
0437+  395B 00          				.db			$00											; ................ 
0438+  395C 00          				.db			$00											; ................ 
0439+  395D 00          				.db			$00											; ................ 
0440+  395E 00          				.db			$00											; ................ 
0441+  395F 00          				.db			$00											; ................ 
0442+  3960             
0443+  3960             L3960:
0444+  3960 00          				.db			$00											; ................ $2c
0445+  3961 00          				.db			$00											; ................ 
0446+  3962 00          				.db			$00											; ................ 
0447+  3963 00          				.db			$00											; ................ 
0448+  3964 00          				.db			$00											; ................ 
0449+  3965 00          				.db			$00											; ................ 
0450+  3966 00          				.db			$00											; ................ 
0451+  3967 00          				.db			$00											; ................ 
0452+  3968             
0453+  3968             L3968:
0454+  3968 00          				.db			$00											; ................ $2d
0455+  3969 00          				.db			$00											; ................ 
0456+  396A 00          				.db			$00											; ................ 
0457+  396B 00          				.db			$00											; ................ 
0458+  396C 00          				.db			$00											; ................ 
0459+  396D 00          				.db			$00											; ................ 
0460+  396E 00          				.db			$00											; ................ 
0461+  396F 00          				.db			$00											; ................ 
0462+  3970             
0463+  3970             L3970:
0464+  3970 00          				.db			$00											; ................ $2e
0465+  3971 00          				.db			$00											; ................ 
0466+  3972 00          				.db			$00											; ................ 
0467+  3973 00          				.db			$00											; ................ 
0468+  3974 00          				.db			$00											; ................ 
0469+  3975 00          				.db			$00											; ................ 
0470+  3976 00          				.db			$00											; ................ 
0471+  3977 00          				.db			$00											; ................ 
0472+  3978             
0473+  3978             L3978:
0474+  3978 00          				.db			$00											; ................ $2f
0475+  3979 00          				.db			$00											; ................ 
0476+  397A 00          				.db			$00											; ................ 
0477+  397B 00          				.db			$00											; ................ 
0478+  397C 00          				.db			$00											; ................ 
0479+  397D 00          				.db			$00											; ................ 
0480+  397E 00          				.db			$00											; ................ 
0481+  397F 00          				.db			$00											; ................ 
0482+  3980             
0483+  3980             L3980:
0484+  3980 00          				.db			$00											; ................ $30
0485+  3981 38          				.db			$38											; ....######...... 
0486+  3982 44          				.db			$44											; ..##......##.... 
0487+  3983 44          				.db			$44											; ..##......##.... 
0488+  3984 44          				.db			$44											; ..##......##.... 
0489+  3985 44          				.db			$44											; ..##......##.... 
0490+  3986 44          				.db			$44											; ..##......##.... 
0491+  3987 38          				.db			$38											; ....######...... 
0492+  3988             
0493+  3988             L3988:
0494+  3988 00          				.db			$00											; ................ $31
0495+  3989 10          				.db			$10											; ......##........ 
0496+  398A 30          				.db			$30											; ....####........ 
0497+  398B 10          				.db			$10											; ......##........ 
0498+  398C 10          				.db			$10											; ......##........ 
0499+  398D 10          				.db			$10											; ......##........ 
0500+  398E 10          				.db			$10											; ......##........ 
0501+  398F 38          				.db			$38											; ....######...... 
0502+  3990             
0503+  3990             L3990:
0504+  3990 00          				.db			$00											; ................ $32
0505+  3991 38          				.db			$38											; ....######...... 
0506+  3992 44          				.db			$44											; ..##......##.... 
0507+  3993 04          				.db			$04											; ..........##.... 
0508+  3994 18          				.db			$18											; ......####...... 
0509+  3995 20          				.db			$20											; ....##.......... 
0510+  3996 40          				.db			$40											; ..##............ 
0511+  3997 7C          				.db			$7c											; ..##########.... 
0512+  3998             
0513+  3998             L3998:
0514+  3998 00          				.db			$00											; ................ $33
0515+  3999 7C          				.db			$7c											; ..##########.... 
0516+  399A 04          				.db			$04											; ..........##.... 
0517+  399B 08          				.db			$08											; ........##...... 
0518+  399C 18          				.db			$18											; ......####...... 
0519+  399D 04          				.db			$04											; ..........##.... 
0520+  399E 44          				.db			$44											; ..##......##.... 
0521+  399F 38          				.db			$38											; ....######...... 
0522+  39A0             
0523+  39A0             L39a0:
0524+  39A0 00          				.db			$00											; ................ $34
0525+  39A1 08          				.db			$08											; ........##...... 
0526+  39A2 18          				.db			$18											; ......####...... 
0527+  39A3 28          				.db			$28											; ....##..##...... 
0528+  39A4 48          				.db			$48											; ..##....##...... 
0529+  39A5 7C          				.db			$7c											; ..##########.... 
0530+  39A6 08          				.db			$08											; ........##...... 
0531+  39A7 08          				.db			$08											; ........##...... 
0532+  39A8             
0533+  39A8             L39a8:
0534+  39A8 00          				.db			$00											; ................ $35
0535+  39A9 7C          				.db			$7c											; ..##########.... 
0536+  39AA 40          				.db			$40											; ..##............ 
0537+  39AB 78          				.db			$78											; ..########...... 
0538+  39AC 04          				.db			$04											; ..........##.... 
0539+  39AD 04          				.db			$04											; ..........##.... 
0540+  39AE 44          				.db			$44											; ..##......##.... 
0541+  39AF 38          				.db			$38											; ....######...... 
0542+  39B0             
0543+  39B0             L39b0:
0544+  39B0 00          				.db			$00											; ................ $36
0545+  39B1 1C          				.db			$1c											; ......######.... 
0546+  39B2 20          				.db			$20											; ....##.......... 
0547+  39B3 40          				.db			$40											; ..##............ 
0548+  39B4 78          				.db			$78											; ..########...... 
0549+  39B5 44          				.db			$44											; ..##......##.... 
0550+  39B6 44          				.db			$44											; ..##......##.... 
0551+  39B7 38          				.db			$38											; ....######...... 
0552+  39B8             
0553+  39B8             L39b8:
0554+  39B8 00          				.db			$00											; ................ $37
0555+  39B9 7C          				.db			$7c											; ..##########.... 
0556+  39BA 04          				.db			$04											; ..........##.... 
0557+  39BB 08          				.db			$08											; ........##...... 
0558+  39BC 10          				.db			$10											; ......##........ 
0559+  39BD 20          				.db			$20											; ....##.......... 
0560+  39BE 20          				.db			$20											; ....##.......... 
0561+  39BF 20          				.db			$20											; ....##.......... 
0562+  39C0             
0563+  39C0             L39c0:
0564+  39C0 00          				.db			$00											; ................ $38
0565+  39C1 38          				.db			$38											; ....######...... 
0566+  39C2 44          				.db			$44											; ..##......##.... 
0567+  39C3 44          				.db			$44											; ..##......##.... 
0568+  39C4 38          				.db			$38											; ....######...... 
0569+  39C5 44          				.db			$44											; ..##......##.... 
0570+  39C6 44          				.db			$44											; ..##......##.... 
0571+  39C7 38          				.db			$38											; ....######...... 
0572+  39C8             
0573+  39C8             L39c8:
0574+  39C8 00          				.db			$00											; ................ $39
0575+  39C9 38          				.db			$38											; ....######...... 
0576+  39CA 44          				.db			$44											; ..##......##.... 
0577+  39CB 44          				.db			$44											; ..##......##.... 
0578+  39CC 3C          				.db			$3c											; ....########.... 
0579+  39CD 04          				.db			$04											; ..........##.... 
0580+  39CE 08          				.db			$08											; ........##...... 
0581+  39CF 70          				.db			$70											; ..######........ 
0582+  39D0             
0583+  39D0             L39d0:
0584+  39D0 00          				.db			$00											; ................ $3a
0585+  39D1 00          				.db			$00											; ................ 
0586+  39D2 00          				.db			$00											; ................ 
0587+  39D3 00          				.db			$00											; ................ 
0588+  39D4 00          				.db			$00											; ................ 
0589+  39D5 00          				.db			$00											; ................ 
0590+  39D6 00          				.db			$00											; ................ 
0591+  39D7 00          				.db			$00											; ................ 
0592+  39D8             
0593+  39D8             L39d8:
0594+  39D8 00          				.db			$00											; ................ $3b
0595+  39D9 00          				.db			$00											; ................ 
0596+  39DA 00          				.db			$00											; ................ 
0597+  39DB 00          				.db			$00											; ................ 
0598+  39DC 00          				.db			$00											; ................ 
0599+  39DD 00          				.db			$00											; ................ 
0600+  39DE 00          				.db			$00											; ................ 
0601+  39DF 00          				.db			$00											; ................ 
0602+  39E0             
0603+  39E0             L39e0:
0604+  39E0 00          				.db			$00											; ................ $3c
0605+  39E1 00          				.db			$00											; ................ 
0606+  39E2 00          				.db			$00											; ................ 
0607+  39E3 00          				.db			$00											; ................ 
0608+  39E4 00          				.db			$00											; ................ 
0609+  39E5 00          				.db			$00											; ................ 
0610+  39E6 00          				.db			$00											; ................ 
0611+  39E7 00          				.db			$00											; ................ 
0612+  39E8             
0613+  39E8             L39e8:
0614+  39E8 FF          				.db			$ff											; ################ $3d
0615+  39E9 FF          				.db			$ff											; ################ 
0616+  39EA FF          				.db			$ff											; ################ 
0617+  39EB FF          				.db			$ff											; ################ 
0618+  39EC FF          				.db			$ff											; ################ 
0619+  39ED FF          				.db			$ff											; ################ 
0620+  39EE FF          				.db			$ff											; ################ 
0621+  39EF FF          				.db			$ff											; ################ 
0622+  39F0             
0623+  39F0             L39f0:
0624+  39F0 00          				.db			$00											; ................ $3e
0625+  39F1 00          				.db			$00											; ................ 
0626+  39F2 00          				.db			$00											; ................ 
0627+  39F3 00          				.db			$00											; ................ 
0628+  39F4 00          				.db			$00											; ................ 
0629+  39F5 00          				.db			$00											; ................ 
0630+  39F6 00          				.db			$00											; ................ 
0631+  39F7 00          				.db			$00											; ................ 
0632+  39F8             
0633+  39F8             L39f8:
0634+  39F8 00          				.db			$00											; ................ $3f
0635+  39F9 00          				.db			$00											; ................ 
0636+  39FA 00          				.db			$00											; ................ 
0637+  39FB 00          				.db			$00											; ................ 
0638+  39FC 00          				.db			$00											; ................ 
0639+  39FD 00          				.db			$00											; ................ 
0640+  39FE 00          				.db			$00											; ................ 
0641+  39FF 00          				.db			$00											; ................ 
0642+  3A00             
0643+  3A00             L3a00:
0644+  3A00 00          				.db			$00											; ................ $40
0645+  3A01 00          				.db			$00											; ................ 
0646+  3A02 00          				.db			$00											; ................ 
0647+  3A03 00          				.db			$00											; ................ 
0648+  3A04 00          				.db			$00											; ................ 
0649+  3A05 00          				.db			$00											; ................ 
0650+  3A06 00          				.db			$00											; ................ 
0651+  3A07 00          				.db			$00											; ................ 
0652+  3A08             
0653+  3A08             L3a08:
0654+  3A08 00          				.db			$00											; ................ $41
0655+  3A09 10          				.db			$10											; ......##........ 
0656+  3A0A 28          				.db			$28											; ....##..##...... 
0657+  3A0B 44          				.db			$44											; ..##......##.... 
0658+  3A0C 44          				.db			$44											; ..##......##.... 
0659+  3A0D 7C          				.db			$7c											; ..##########.... 
0660+  3A0E 44          				.db			$44											; ..##......##.... 
0661+  3A0F 44          				.db			$44											; ..##......##.... 
0662+  3A10             
0663+  3A10             L3a10:
0664+  3A10 00          				.db			$00											; ................ $42
0665+  3A11 78          				.db			$78											; ..########...... 
0666+  3A12 44          				.db			$44											; ..##......##.... 
0667+  3A13 44          				.db			$44											; ..##......##.... 
0668+  3A14 78          				.db			$78											; ..########...... 
0669+  3A15 44          				.db			$44											; ..##......##.... 
0670+  3A16 44          				.db			$44											; ..##......##.... 
0671+  3A17 78          				.db			$78											; ..########...... 
0672+  3A18             
0673+  3A18             L3a18:
0674+  3A18 00          				.db			$00											; ................ 
0675+  3A19 38          				.db			$38											; ....######...... 
0676+  3A1A 44          				.db			$44											; ..##......##.... 
0677+  3A1B 40          				.db			$40											; ..##............ 
0678+  3A1C 40          				.db			$40											; ..##............ 
0679+  3A1D 40          				.db			$40											; ..##............ 
0680+  3A1E 44          				.db			$44											; ..##......##.... 
0681+  3A1F 38          				.db			$38											; ....######...... 
0682+  3A20             
0683+  3A20             L3a20:
0684+  3A20 00          				.db			$00											; ................ 
0685+  3A21 78          				.db			$78											; ..########...... 
0686+  3A22 44          				.db			$44											; ..##......##.... 
0687+  3A23 44          				.db			$44											; ..##......##.... 
0688+  3A24 44          				.db			$44											; ..##......##.... 
0689+  3A25 44          				.db			$44											; ..##......##.... 
0690+  3A26 44          				.db			$44											; ..##......##.... 
0691+  3A27 78          				.db			$78											; ..########...... 
0692+  3A28             
0693+  3A28             L3a28:
0694+  3A28 00          				.db			$00											; ................ 
0695+  3A29 7C          				.db			$7c											; ..##########.... 
0696+  3A2A 40          				.db			$40											; ..##............ 
0697+  3A2B 40          				.db			$40											; ..##............ 
0698+  3A2C 78          				.db			$78											; ..########...... 
0699+  3A2D 40          				.db			$40											; ..##............ 
0700+  3A2E 40          				.db			$40											; ..##............ 
0701+  3A2F 7C          				.db			$7c											; ..##########.... 
0702+  3A30             
0703+  3A30             L3a30:
0704+  3A30 00          				.db			$00											; ................ 
0705+  3A31 7C          				.db			$7c											; ..##########.... 
0706+  3A32 40          				.db			$40											; ..##............ 
0707+  3A33 40          				.db			$40											; ..##............ 
0708+  3A34 78          				.db			$78											; ..########...... 
0709+  3A35 40          				.db			$40											; ..##............ 
0710+  3A36 40          				.db			$40											; ..##............ 
0711+  3A37 40          				.db			$40											; ..##............ 
0712+  3A38             
0713+  3A38             L3a38:
0714+  3A38 00          				.db			$00											; ................ 
0715+  3A39 3C          				.db			$3c											; ....########.... 
0716+  3A3A 40          				.db			$40											; ..##............ 
0717+  3A3B 40          				.db			$40											; ..##............ 
0718+  3A3C 40          				.db			$40											; ..##............ 
0719+  3A3D 4C          				.db			$4c											; ..##....####.... 
0720+  3A3E 44          				.db			$44											; ..##......##.... 
0721+  3A3F 3C          				.db			$3c											; ....########.... 
0722+  3A40             
0723+  3A40             L3a40:
0724+  3A40 00          				.db			$00											; ................ 
0725+  3A41 44          				.db			$44											; ..##......##.... 
0726+  3A42 44          				.db			$44											; ..##......##.... 
0727+  3A43 44          				.db			$44											; ..##......##.... 
0728+  3A44 7C          				.db			$7c											; ..##########.... 
0729+  3A45 44          				.db			$44											; ..##......##.... 
0730+  3A46 44          				.db			$44											; ..##......##.... 
0731+  3A47 44          				.db			$44											; ..##......##.... 
0732+  3A48             
0733+  3A48             L3a48:
0734+  3A48 00          				.db			$00											; ................ 
0735+  3A49 38          				.db			$38											; ....######...... 
0736+  3A4A 10          				.db			$10											; ......##........ 
0737+  3A4B 10          				.db			$10											; ......##........ 
0738+  3A4C 10          				.db			$10											; ......##........ 
0739+  3A4D 10          				.db			$10											; ......##........ 
0740+  3A4E 10          				.db			$10											; ......##........ 
0741+  3A4F 38          				.db			$38											; ....######...... 
0742+  3A50             
0743+  3A50             L3a50:
0744+  3A50 00          				.db			$00											; ................ 
0745+  3A51 04          				.db			$04											; ..........##.... 
0746+  3A52 04          				.db			$04											; ..........##.... 
0747+  3A53 04          				.db			$04											; ..........##.... 
0748+  3A54 04          				.db			$04											; ..........##.... 
0749+  3A55 04          				.db			$04											; ..........##.... 
0750+  3A56 44          				.db			$44											; ..##......##.... 
0751+  3A57 38          				.db			$38											; ....######...... 
0752+  3A58             
0753+  3A58             L3a58:
0754+  3A58 00          				.db			$00											; ................ 
0755+  3A59 44          				.db			$44											; ..##......##.... 
0756+  3A5A 48          				.db			$48											; ..##....##...... 
0757+  3A5B 50          				.db			$50											; ..##..##........ 
0758+  3A5C 70          				.db			$70											; ..######........ 
0759+  3A5D 50          				.db			$50											; ..##..##........ 
0760+  3A5E 48          				.db			$48											; ..##....##...... 
0761+  3A5F 44          				.db			$44											; ..##......##.... 
0762+  3A60             
0763+  3A60             L3a60:
0764+  3A60 00          				.db			$00											; ................ 
0765+  3A61 40          				.db			$40											; ..##............ 
0766+  3A62 40          				.db			$40											; ..##............ 
0767+  3A63 40          				.db			$40											; ..##............ 
0768+  3A64 40          				.db			$40											; ..##............ 
0769+  3A65 40          				.db			$40											; ..##............ 
0770+  3A66 40          				.db			$40											; ..##............ 
0771+  3A67 7C          				.db			$7c											; ..##########.... 
0772+  3A68             
0773+  3A68             L3a68:
0774+  3A68 00          				.db			$00											; ................ 
0775+  3A69 44          				.db			$44											; ..##......##.... 
0776+  3A6A 6C          				.db			$6c											; ..####..####.... 
0777+  3A6B 54          				.db			$54											; ..##..##..##.... 
0778+  3A6C 54          				.db			$54											; ..##..##..##.... 
0779+  3A6D 44          				.db			$44											; ..##......##.... 
0780+  3A6E 44          				.db			$44											; ..##......##.... 
0781+  3A6F 44          				.db			$44											; ..##......##.... 
0782+  3A70             
0783+  3A70             L3a70:
0784+  3A70 00          				.db			$00											; ................ 
0785+  3A71 44          				.db			$44											; ..##......##.... 
0786+  3A72 44          				.db			$44											; ..##......##.... 
0787+  3A73 64          				.db			$64											; ..####....##.... 
0788+  3A74 54          				.db			$54											; ..##..##..##.... 
0789+  3A75 4C          				.db			$4c											; ..##....####.... 
0790+  3A76 44          				.db			$44											; ..##......##.... 
0791+  3A77 44          				.db			$44											; ..##......##.... 
0792+  3A78             
0793+  3A78             L3a78:
0794+  3A78 00          				.db			$00											; ................ 
0795+  3A79 38          				.db			$38											; ....######...... 
0796+  3A7A 44          				.db			$44											; ..##......##.... 
0797+  3A7B 44          				.db			$44											; ..##......##.... 
0798+  3A7C 44          				.db			$44											; ..##......##.... 
0799+  3A7D 44          				.db			$44											; ..##......##.... 
0800+  3A7E 44          				.db			$44											; ..##......##.... 
0801+  3A7F 38          				.db			$38											; ....######...... 
0802+  3A80             
0803+  3A80             L3a80:
0804+  3A80 00          				.db			$00											; ................ 
0805+  3A81 78          				.db			$78											; ..########...... 
0806+  3A82 44          				.db			$44											; ..##......##.... 
0807+  3A83 44          				.db			$44											; ..##......##.... 
0808+  3A84 78          				.db			$78											; ..########...... 
0809+  3A85 40          				.db			$40											; ..##............ 
0810+  3A86 40          				.db			$40											; ..##............ 
0811+  3A87 40          				.db			$40											; ..##............ 
0812+  3A88             
0813+  3A88             L3a88:
0814+  3A88 00          				.db			$00											; ................ 
0815+  3A89 38          				.db			$38											; ....######...... 
0816+  3A8A 44          				.db			$44											; ..##......##.... 
0817+  3A8B 44          				.db			$44											; ..##......##.... 
0818+  3A8C 44          				.db			$44											; ..##......##.... 
0819+  3A8D 54          				.db			$54											; ..##..##..##.... 
0820+  3A8E 48          				.db			$48											; ..##....##...... 
0821+  3A8F 34          				.db			$34											; ....####..##.... 
0822+  3A90             
0823+  3A90             L3a90:
0824+  3A90 00          				.db			$00											; ................ 
0825+  3A91 78          				.db			$78											; ..########...... 
0826+  3A92 44          				.db			$44											; ..##......##.... 
0827+  3A93 44          				.db			$44											; ..##......##.... 
0828+  3A94 78          				.db			$78											; ..########...... 
0829+  3A95 50          				.db			$50											; ..##..##........ 
0830+  3A96 48          				.db			$48											; ..##....##...... 
0831+  3A97 44          				.db			$44											; ..##......##.... 
0832+  3A98             
0833+  3A98             L3a98:
0834+  3A98 00          				.db			$00											; ................ 
0835+  3A99 38          				.db			$38											; ....######...... 
0836+  3A9A 44          				.db			$44											; ..##......##.... 
0837+  3A9B 40          				.db			$40											; ..##............ 
0838+  3A9C 38          				.db			$38											; ....######...... 
0839+  3A9D 04          				.db			$04											; ..........##.... 
0840+  3A9E 44          				.db			$44											; ..##......##.... 
0841+  3A9F 38          				.db			$38											; ....######...... 
0842+  3AA0             
0843+  3AA0             L3aa0:
0844+  3AA0 00          				.db			$00											; ................ 
0845+  3AA1 7C          				.db			$7c											; ..##########.... 
0846+  3AA2 10          				.db			$10											; ......##........ 
0847+  3AA3 10          				.db			$10											; ......##........ 
0848+  3AA4 10          				.db			$10											; ......##........ 
0849+  3AA5 10          				.db			$10											; ......##........ 
0850+  3AA6 10          				.db			$10											; ......##........ 
0851+  3AA7 10          				.db			$10											; ......##........ 
0852+  3AA8             
0853+  3AA8             L3aa8:
0854+  3AA8 00          				.db			$00											; ................ 
0855+  3AA9 44          				.db			$44											; ..##......##.... 
0856+  3AAA 44          				.db			$44											; ..##......##.... 
0857+  3AAB 44          				.db			$44											; ..##......##.... 
0858+  3AAC 44          				.db			$44											; ..##......##.... 
0859+  3AAD 44          				.db			$44											; ..##......##.... 
0860+  3AAE 44          				.db			$44											; ..##......##.... 
0861+  3AAF 38          				.db			$38											; ....######...... 
0862+  3AB0             
0863+  3AB0             L3ab0:
0864+  3AB0 00          				.db			$00											; ................ 
0865+  3AB1 44          				.db			$44											; ..##......##.... 
0866+  3AB2 44          				.db			$44											; ..##......##.... 
0867+  3AB3 44          				.db			$44											; ..##......##.... 
0868+  3AB4 44          				.db			$44											; ..##......##.... 
0869+  3AB5 44          				.db			$44											; ..##......##.... 
0870+  3AB6 28          				.db			$28											; ....##..##...... 
0871+  3AB7 10          				.db			$10											; ......##........ 
0872+  3AB8             
0873+  3AB8             L3ab8:
0874+  3AB8 00          				.db			$00											; ................ 
0875+  3AB9 44          				.db			$44											; ..##......##.... 
0876+  3ABA 44          				.db			$44											; ..##......##.... 
0877+  3ABB 44          				.db			$44											; ..##......##.... 
0878+  3ABC 54          				.db			$54											; ..##..##..##.... 
0879+  3ABD 54          				.db			$54											; ..##..##..##.... 
0880+  3ABE 6C          				.db			$6c											; ..####..####.... 
0881+  3ABF 44          				.db			$44											; ..##......##.... 
0882+  3AC0             
0883+  3AC0             L3ac0:
0884+  3AC0 00          				.db			$00											; ................ 
0885+  3AC1 44          				.db			$44											; ..##......##.... 
0886+  3AC2 44          				.db			$44											; ..##......##.... 
0887+  3AC3 28          				.db			$28											; ....##..##...... 
0888+  3AC4 10          				.db			$10											; ......##........ 
0889+  3AC5 28          				.db			$28											; ....##..##...... 
0890+  3AC6 44          				.db			$44											; ..##......##.... 
0891+  3AC7 44          				.db			$44											; ..##......##.... 
0892+  3AC8             
0893+  3AC8             L3ac8:
0894+  3AC8 00          				.db			$00											; ................ 
0895+  3AC9 44          				.db			$44											; ..##......##.... 
0896+  3ACA 44          				.db			$44											; ..##......##.... 
0897+  3ACB 28          				.db			$28											; ....##..##...... 
0898+  3ACC 10          				.db			$10											; ......##........ 
0899+  3ACD 10          				.db			$10											; ......##........ 
0900+  3ACE 10          				.db			$10											; ......##........ 
0901+  3ACF 10          				.db			$10											; ......##........ 
0902+  3AD0             
0903+  3AD0             L3ad0:
0904+  3AD0 00          				.db			$00											; ................ 
0905+  3AD1 7C          				.db			$7c											; ..##########.... 
0906+  3AD2 04          				.db			$04											; ..........##.... 
0907+  3AD3 08          				.db			$08											; ........##...... 
0908+  3AD4 10          				.db			$10											; ......##........ 
0909+  3AD5 20          				.db			$20											; ....##.......... 
0910+  3AD6 40          				.db			$40											; ..##............ 
0911+  3AD7 7C          				.db			$7c											; ..##########.... 
0912+  3AD8             
0913+  3AD8             L3ad8:
0914+  3AD8 80          				.db			$80											; ##.............. 
0915+  3AD9 80          				.db			$80											; ##.............. 
0916+  3ADA 80          				.db			$80											; ##.............. 
0917+  3ADB 80          				.db			$80											; ##.............. 
0918+  3ADC 80          				.db			$80											; ##.............. 
0919+  3ADD 80          				.db			$80											; ##.............. 
0920+  3ADE 80          				.db			$80											; ##.............. 
0921+  3ADF 80          				.db			$80											; ##.............. 
0922+  3AE0             
0923+  3AE0             L3ae0:
0924+  3AE0 FF          				.db			$ff											; ################ 
0925+  3AE1 DF          				.db			$df											; ####..########## 
0926+  3AE2 4E          				.db			$4e											; ..##....######.. 
0927+  3AE3 FF          				.db			$ff											; ################ 
0928+  3AE4 FF          				.db			$ff											; ################ 
0929+  3AE5 FF          				.db			$ff											; ################ 
0930+  3AE6 DF          				.db			$df											; ####..########## 
0931+  3AE7 DF          				.db			$df											; ####..########## 
0932+  3AE8             
0933+  3AE8             L3ae8:
0934+  3AE8 FF          				.db			$ff											; ################ 
0935+  3AE9 FF          				.db			$ff											; ################ 
0936+  3AEA FF          				.db			$ff											; ################ 
0937+  3AEB FF          				.db			$ff											; ################ 
0938+  3AEC DF          				.db			$df											; ####..########## 
0939+  3AED FF          				.db			$ff											; ################ 
0940+  3AEE DF          				.db			$df											; ####..########## 
0941+  3AEF FF          				.db			$ff											; ################ 
0942+  3AF0             
0943+  3AF0             L3af0:
0944+  3AF0 FF          				.db			$ff											; ################ 
0945+  3AF1 FF          				.db			$ff											; ################ 
0946+  3AF2 FF          				.db			$ff											; ################ 
0947+  3AF3 FF          				.db			$ff											; ################ 
0948+  3AF4 FF          				.db			$ff											; ################ 
0949+  3AF5 FF          				.db			$ff											; ################ 
0950+  3AF6 DF          				.db			$df											; ####..########## 
0951+  3AF7 FF          				.db			$ff											; ################ 
0952+  3AF8             
0953+  3AF8             L3af8:
0954+  3AF8 FF          				.db			$ff											; ################ 
0955+  3AF9 DF          				.db			$df											; ####..########## 
0956+  3AFA DF          				.db			$df											; ####..########## 
0957+  3AFB AF          				.db			$af											; ##..##..######## 
0958+  3AFC FF          				.db			$ff											; ################ 
0959+  3AFD DF          				.db			$df											; ####..########## 
0960+  3AFE FF          				.db			$ff											; ################ 
0961+  3AFF FF          				.db			$ff											; ################ 
0962+  3B00             
0963+  3B00             L3b00:
0964+  3B00 00          				.db			$00											; ................ 
0965+  3B01 00          				.db			$00											; ................ 
0966+  3B02 00          				.db			$00											; ................ 
0967+  3B03 00          				.db			$00											; ................ 
0968+  3B04 00          				.db			$00											; ................ 
0969+  3B05 00          				.db			$00											; ................ 
0970+  3B06 00          				.db			$00											; ................ 
0971+  3B07 FF          				.db			$ff											; ################ 
0972+  3B08             
0973+  3B08             L3b08:
0974+  3B08 FF          				.db			$ff											; ################ 
0975+  3B09 00          				.db			$00											; ................ 
0976+  3B0A 00          				.db			$00											; ................ 
0977+  3B0B 00          				.db			$00											; ................ 
0978+  3B0C 00          				.db			$00											; ................ 
0979+  3B0D 00          				.db			$00											; ................ 
0980+  3B0E 00          				.db			$00											; ................ 
0981+  3B0F 00          				.db			$00											; ................ 
0982+  3B10             
0983+  3B10             L3b10:
0984+  3B10 01          				.db			$01											; ..............## 
0985+  3B11 01          				.db			$01											; ..............## 
0986+  3B12 01          				.db			$01											; ..............## 
0987+  3B13 01          				.db			$01											; ..............## 
0988+  3B14 01          				.db			$01											; ..............## 
0989+  3B15 01          				.db			$01											; ..............## 
0990+  3B16 01          				.db			$01											; ..............## 
0991+  3B17 01          				.db			$01											; ..............## 
0992+  3B18             
0993+  3B18             L3b18:
0994+  3B18 80          				.db			$80											; ##.............. 
0995+  3B19 80          				.db			$80											; ##.............. 
0996+  3B1A 80          				.db			$80											; ##.............. 
0997+  3B1B 80          				.db			$80											; ##.............. 
0998+  3B1C 80          				.db			$80											; ##.............. 
0999+  3B1D 80          				.db			$80											; ##.............. 
1000+  3B1E 80          				.db			$80											; ##.............. 
1001+  3B1F 80          				.db			$80											; ##.............. 
1002+  3B20             
1003+  3B20             L3b20:
1004+  3B20 3C          				.db			$3c											; ....########.... 
1005+  3B21 A5          				.db			$a5											; ##..##....##..## 
1006+  3B22 FF          				.db			$ff											; ################ 
1007+  3B23 BD          				.db			$bd											; ##..########..## 
1008+  3B24 3C          				.db			$3c											; ....########.... 
1009+  3B25 BD          				.db			$bd											; ##..########..## 
1010+  3B26 FF          				.db			$ff											; ################ 
1011+  3B27 BD          				.db			$bd											; ##..########..## 
1012+  3B28             
1013+  3B28             L3b28:
1014+  3B28 BD          				.db			$bd											; ##..########..## 
1015+  3B29 FF          				.db			$ff											; ################ 
1016+  3B2A BD          				.db			$bd											; ##..########..## 
1017+  3B2B 3C          				.db			$3c											; ....########.... 
1018+  3B2C BD          				.db			$bd											; ##..########..## 
1019+  3B2D FF          				.db			$ff											; ################ 
1020+  3B2E A5          				.db			$a5											; ##..##....##..## 
1021+  3B2F 3C          				.db			$3c											; ....########.... 
1022+  3B30             
1023+  3B30             L3b30:
1024+  3B30 EE          				.db			$ee											; ######..######.. 
1025+  3B31 44          				.db			$44											; ..##......##.... 
1026+  3B32 FF          				.db			$ff											; ################ 
1027+  3B33 FD          				.db			$fd											; ############..## 
1028+  3B34 FD          				.db			$fd											; ############..## 
1029+  3B35 FF          				.db			$ff											; ################ 
1030+  3B36 44          				.db			$44											; ..##......##.... 
1031+  3B37 EE          				.db			$ee											; ######..######.. 
1032+  3B38             
1033+  3B38             L3b38:
1034+  3B38 77          				.db			$77											; ..######..###### 
1035+  3B39 22          				.db			$22											; ....##......##.. 
1036+  3B3A FF          				.db			$ff											; ################ 
1037+  3B3B BF          				.db			$bf											; ##..############ 
1038+  3B3C BF          				.db			$bf											; ##..############ 
1039+  3B3D FF          				.db			$ff											; ################ 
1040+  3B3E 22          				.db			$22											; ....##......##.. 
1041+  3B3F 77          				.db			$77											; ..######..###### 
1042+  3B40             
1043+  3B40             L3b40:
1044+  3B40 00          				.db			$00											; ................ 
1045+  3B41 00          				.db			$00											; ................ 
1046+  3B42 00          				.db			$00											; ................ 
1047+  3B43 00          				.db			$00											; ................ 
1048+  3B44 00          				.db			$00											; ................ 
1049+  3B45 00          				.db			$00											; ................ 
1050+  3B46 00          				.db			$00											; ................ 
1051+  3B47 00          				.db			$00											; ................ 
1052+  3B48             
1053+  3B48             L3b48:
1054+  3B48 00          				.db			$00											; ................ 
1055+  3B49 00          				.db			$00											; ................ 
1056+  3B4A 00          				.db			$00											; ................ 
1057+  3B4B 00          				.db			$00											; ................ 
1058+  3B4C 00          				.db			$00											; ................ 
1059+  3B4D 00          				.db			$00											; ................ 
1060+  3B4E 00          				.db			$00											; ................ 
1061+  3B4F 00          				.db			$00											; ................ 
1062+  3B50             
1063+  3B50             L3b50:
1064+  3B50 00          				.db			$00											; ................ 
1065+  3B51 00          				.db			$00											; ................ 
1066+  3B52 00          				.db			$00											; ................ 
1067+  3B53 00          				.db			$00											; ................ 
1068+  3B54 00          				.db			$00											; ................ 
1069+  3B55 00          				.db			$00											; ................ 
1070+  3B56 00          				.db			$00											; ................ 
1071+  3B57 00          				.db			$00											; ................ 
1072+  3B58             
1073+  3B58             L3b58:
1074+  3B58 00          				.db			$00											; ................ 
1075+  3B59 00          				.db			$00											; ................ 
1076+  3B5A 00          				.db			$00											; ................ 
1077+  3B5B 00          				.db			$00											; ................ 
1078+  3B5C 00          				.db			$00											; ................ 
1079+  3B5D 00          				.db			$00											; ................ 
1080+  3B5E 00          				.db			$00											; ................ 
1081+  3B5F 00          				.db			$00											; ................ 
1082+  3B60             
1083+  3B60             L3b60:
1084+  3B60 00          				.db			$00											; ................ 
1085+  3B61 00          				.db			$00											; ................ 
1086+  3B62 00          				.db			$00											; ................ 
1087+  3B63 00          				.db			$00											; ................ 
1088+  3B64 00          				.db			$00											; ................ 
1089+  3B65 00          				.db			$00											; ................ 
1090+  3B66 00          				.db			$00											; ................ 
1091+  3B67 00          				.db			$00											; ................ 
1092+  3B68             
1093+  3B68             L3b68:
1094+  3B68 00          				.db			$00											; ................ 
1095+  3B69 00          				.db			$00											; ................ 
1096+  3B6A 00          				.db			$00											; ................ 
1097+  3B6B 00          				.db			$00											; ................ 
1098+  3B6C 00          				.db			$00											; ................ 
1099+  3B6D 00          				.db			$00											; ................ 
1100+  3B6E 00          				.db			$00											; ................ 
1101+  3B6F 00          				.db			$00											; ................ 
1102+  3B70             
1103+  3B70             L3b70:
1104+  3B70 00          				.db			$00											; ................ 
1105+  3B71 00          				.db			$00											; ................ 
1106+  3B72 00          				.db			$00											; ................ 
1107+  3B73 00          				.db			$00											; ................ 
1108+  3B74 00          				.db			$00											; ................ 
1109+  3B75 00          				.db			$00											; ................ 
1110+  3B76 00          				.db			$00											; ................ 
1111+  3B77 00          				.db			$00											; ................ 
1112+  3B78             
1113+  3B78             L3b78:
1114+  3B78 00          				.db			$00											; ................ 
1115+  3B79 00          				.db			$00											; ................ 
1116+  3B7A 00          				.db			$00											; ................ 
1117+  3B7B 00          				.db			$00											; ................ 
1118+  3B7C 00          				.db			$00											; ................ 
1119+  3B7D 00          				.db			$00											; ................ 
1120+  3B7E 00          				.db			$00											; ................ 
1121+  3B7F 00          				.db			$00											; ................ 
1122+  3B80             
1123+  3B80             L3b80:
1124+  3B80 00          				.db			$00											; ................ 
1125+  3B81 00          				.db			$00											; ................ 
1126+  3B82 00          				.db			$00											; ................ 
1127+  3B83 00          				.db			$00											; ................ 
1128+  3B84 00          				.db			$00											; ................ 
1129+  3B85 00          				.db			$00											; ................ 
1130+  3B86 00          				.db			$00											; ................ 
1131+  3B87 00          				.db			$00											; ................ 
1132+  3B88             
1133+  3B88             L3b88:
1134+  3B88 00          				.db			$00											; ................ 
1135+  3B89 00          				.db			$00											; ................ 
1136+  3B8A 00          				.db			$00											; ................ 
1137+  3B8B 00          				.db			$00											; ................ 
1138+  3B8C 00          				.db			$00											; ................ 
1139+  3B8D 00          				.db			$00											; ................ 
1140+  3B8E 00          				.db			$00											; ................ 
1141+  3B8F 00          				.db			$00											; ................ 
1142+  3B90             
1143+  3B90             L3b90:
1144+  3B90 00          				.db			$00											; ................ 
1145+  3B91 00          				.db			$00											; ................ 
1146+  3B92 00          				.db			$00											; ................ 
1147+  3B93 00          				.db			$00											; ................ 
1148+  3B94 00          				.db			$00											; ................ 
1149+  3B95 00          				.db			$00											; ................ 
1150+  3B96 00          				.db			$00											; ................ 
1151+  3B97 00          				.db			$00											; ................ 
1152+  3B98             
1153+  3B98             L3b98:
1154+  3B98 00          				.db			$00											; ................ 
1155+  3B99 00          				.db			$00											; ................ 
1156+  3B9A 00          				.db			$00											; ................ 
1157+  3B9B 00          				.db			$00											; ................ 
1158+  3B9C 00          				.db			$00											; ................ 
1159+  3B9D 00          				.db			$00											; ................ 
1160+  3B9E 00          				.db			$00											; ................ 
1161+  3B9F 00          				.db			$00											; ................ 
1162+  3BA0             
1163+  3BA0             L3ba0:
1164+  3BA0 00          				.db			$00											; ................ 
1165+  3BA1 00          				.db			$00											; ................ 
1166+  3BA2 00          				.db			$00											; ................ 
1167+  3BA3 00          				.db			$00											; ................ 
1168+  3BA4 00          				.db			$00											; ................ 
1169+  3BA5 00          				.db			$00											; ................ 
1170+  3BA6 00          				.db			$00											; ................ 
1171+  3BA7 00          				.db			$00											; ................ 
1172+  3BA8             
1173+  3BA8             L3ba8:
1174+  3BA8 00          				.db			$00											; ................ 
1175+  3BA9 00          				.db			$00											; ................ 
1176+  3BAA 00          				.db			$00											; ................ 
1177+  3BAB 00          				.db			$00											; ................ 
1178+  3BAC 00          				.db			$00											; ................ 
1179+  3BAD 00          				.db			$00											; ................ 
1180+  3BAE 00          				.db			$00											; ................ 
1181+  3BAF 00          				.db			$00											; ................ 
1182+  3BB0             
1183+  3BB0             L3bb0:
1184+  3BB0 00          				.db			$00											; ................ 
1185+  3BB1 00          				.db			$00											; ................ 
1186+  3BB2 00          				.db			$00											; ................ 
1187+  3BB3 00          				.db			$00											; ................ 
1188+  3BB4 00          				.db			$00											; ................ 
1189+  3BB5 00          				.db			$00											; ................ 
1190+  3BB6 00          				.db			$00											; ................ 
1191+  3BB7 00          				.db			$00											; ................ 
1192+  3BB8             
1193+  3BB8             L3bb8:
1194+  3BB8 00          				.db			$00											; ................ 
1195+  3BB9 00          				.db			$00											; ................ 
1196+  3BBA 00          				.db			$00											; ................ 
1197+  3BBB 00          				.db			$00											; ................ 
1198+  3BBC 00          				.db			$00											; ................ 
1199+  3BBD 00          				.db			$00											; ................ 
1200+  3BBE 00          				.db			$00											; ................ 
1201+  3BBF 00          				.db			$00											; ................ 
1202+  3BC0             
1203+  3BC0             L3bc0:
1204+  3BC0 00          				.db			$00											; ................ 
1205+  3BC1 00          				.db			$00											; ................ 
1206+  3BC2 00          				.db			$00											; ................ 
1207+  3BC3 00          				.db			$00											; ................ 
1208+  3BC4 00          				.db			$00											; ................ 
1209+  3BC5 00          				.db			$00											; ................ 
1210+  3BC6 00          				.db			$00											; ................ 
1211+  3BC7 00          				.db			$00											; ................ 
1212+  3BC8             
1213+  3BC8             L3bc8:
1214+  3BC8 00          				.db			$00											; ................ 
1215+  3BC9 00          				.db			$00											; ................ 
1216+  3BCA 00          				.db			$00											; ................ 
1217+  3BCB 00          				.db			$00											; ................ 
1218+  3BCC 00          				.db			$00											; ................ 
1219+  3BCD 00          				.db			$00											; ................ 
1220+  3BCE 00          				.db			$00											; ................ 
1221+  3BCF 00          				.db			$00											; ................ 
1222+  3BD0             
1223+  3BD0             L3bd0:
1224+  3BD0 00          				.db			$00											; ................ 
1225+  3BD1 00          				.db			$00											; ................ 
1226+  3BD2 00          				.db			$00											; ................ 
1227+  3BD3 00          				.db			$00											; ................ 
1228+  3BD4 00          				.db			$00											; ................ 
1229+  3BD5 00          				.db			$00											; ................ 
1230+  3BD6 00          				.db			$00											; ................ 
1231+  3BD7 00          				.db			$00											; ................ 
1232+  3BD8             
1233+  3BD8             L3bd8:
1234+  3BD8 00          				.db			$00											; ................ 
1235+  3BD9 00          				.db			$00											; ................ 
1236+  3BDA 00          				.db			$00											; ................ 
1237+  3BDB 00          				.db			$00											; ................ 
1238+  3BDC 00          				.db			$00											; ................ 
1239+  3BDD 00          				.db			$00											; ................ 
1240+  3BDE 00          				.db			$00											; ................ 
1241+  3BDF 00          				.db			$00											; ................ 
1242+  3BE0             
1243+  3BE0             L3be0:
1244+  3BE0 00          				.db			$00											; ................ 
1245+  3BE1 00          				.db			$00											; ................ 
1246+  3BE2 00          				.db			$00											; ................ 
1247+  3BE3 00          				.db			$00											; ................ 
1248+  3BE4 00          				.db			$00											; ................ 
1249+  3BE5 00          				.db			$00											; ................ 
1250+  3BE6 00          				.db			$00											; ................ 
1251+  3BE7 00          				.db			$00											; ................ 
1252+  3BE8             
1253+  3BE8             L3be8:
1254+  3BE8 00          				.db			$00											; ................ 
1255+  3BE9 00          				.db			$00											; ................ 
1256+  3BEA 00          				.db			$00											; ................ 
1257+  3BEB 00          				.db			$00											; ................ 
1258+  3BEC 00          				.db			$00											; ................ 
1259+  3BED 00          				.db			$00											; ................ 
1260+  3BEE 00          				.db			$00											; ................ 
1261+  3BEF 00          				.db			$00											; ................ 
1262+  3BF0             
1263+  3BF0             L3bf0:
1264+  3BF0 00          				.db			$00											; ................ 
1265+  3BF1 00          				.db			$00											; ................ 
1266+  3BF2 00          				.db			$00											; ................ 
1267+  3BF3 00          				.db			$00											; ................ 
1268+  3BF4 00          				.db			$00											; ................ 
1269+  3BF5 00          				.db			$00											; ................ 
1270+  3BF6 00          				.db			$00											; ................ 
1271+  3BF7 00          				.db			$00											; ................ 
1272+  3BF8             
1273+  3BF8             L3bf8:
1274+  3BF8 00          				.db			$00											; ................ 
1275+  3BF9 00          				.db			$00											; ................ 
1276+  3BFA 00          				.db			$00											; ................ 
1277+  3BFB 00          				.db			$00											; ................ 
1278+  3BFC 00          				.db			$00											; ................ 
1279+  3BFD 00          				.db			$00											; ................ 
1280+  3BFE 00          				.db			$00											; ................ 
1281+  3BFF 00          				.db			$00											; ................ 
1282+  3C00             
1283+  3C00             L3c00:
1284+  3C00 00          				.db			$00											; ................ 
1285+  3C01 7F          				.db			$7f											; ..############## 
1286+  3C02 7F          				.db			$7f											; ..############## 
1287+  3C03 7F          				.db			$7f											; ..############## 
1288+  3C04 7F          				.db			$7f											; ..############## 
1289+  3C05 7F          				.db			$7f											; ..############## 
1290+  3C06 7F          				.db			$7f											; ..############## 
1291+  3C07 7E          				.db			$7e											; ..############.. 
1292+  3C08             
1293+  3C08             L3c08:
1294+  3C08 00          				.db			$00											; ................ 
1295+  3C09 FE          				.db			$fe											; ##############.. 
1296+  3C0A FE          				.db			$fe											; ##############.. 
1297+  3C0B FE          				.db			$fe											; ##############.. 
1298+  3C0C FE          				.db			$fe											; ##############.. 
1299+  3C0D FE          				.db			$fe											; ##############.. 
1300+  3C0E FE          				.db			$fe											; ##############.. 
1301+  3C0F 7E          				.db			$7e											; ..############.. 
1302+  3C10             
1303+  3C10             L3c10:
1304+  3C10 7E          				.db			$7e											; ..############.. 
1305+  3C11 7F          				.db			$7f											; ..############## 
1306+  3C12 7F          				.db			$7f											; ..############## 
1307+  3C13 7F          				.db			$7f											; ..############## 
1308+  3C14 7F          				.db			$7f											; ..############## 
1309+  3C15 7F          				.db			$7f											; ..############## 
1310+  3C16 7F          				.db			$7f											; ..############## 
1311+  3C17 00          				.db			$00											; ................ 
1312+  3C18             
1313+  3C18             L3c18:
1314+  3C18 7E          				.db			$7e											; ..############.. 
1315+  3C19 FE          				.db			$fe											; ##############.. 
1316+  3C1A FE          				.db			$fe											; ##############.. 
1317+  3C1B FE          				.db			$fe											; ##############.. 
1318+  3C1C FE          				.db			$fe											; ##############.. 
1319+  3C1D FE          				.db			$fe											; ##############.. 
1320+  3C1E FE          				.db			$fe											; ##############.. 
1321+  3C1F 00          				.db			$00											; ................ 
1322+  3C20             
1323+  3C20             L3c20:
1324+  3C20 00          				.db			$00											; ................ 
1325+  3C21 7F          				.db			$7f											; ..############## 
1326+  3C22 7F          				.db			$7f											; ..############## 
1327+  3C23 7F          				.db			$7f											; ..############## 
1328+  3C24 7F          				.db			$7f											; ..############## 
1329+  3C25 78          				.db			$78											; ..########...... 
1330+  3C26 78          				.db			$78											; ..########...... 
1331+  3C27 78          				.db			$78											; ..########...... 
1332+  3C28             
1333+  3C28             L3c28:
1334+  3C28 00          				.db			$00											; ................ 
1335+  3C29 FE          				.db			$fe											; ##############.. 
1336+  3C2A FE          				.db			$fe											; ##############.. 
1337+  3C2B FE          				.db			$fe											; ##############.. 
1338+  3C2C FE          				.db			$fe											; ##############.. 
1339+  3C2D 1E          				.db			$1e											; ......########.. 
1340+  3C2E 1E          				.db			$1e											; ......########.. 
1341+  3C2F 1E          				.db			$1e											; ......########.. 
1342+  3C30             
1343+  3C30             L3c30:
1344+  3C30 78          				.db			$78											; ..########...... 
1345+  3C31 78          				.db			$78											; ..########...... 
1346+  3C32 78          				.db			$78											; ..########...... 
1347+  3C33 7F          				.db			$7f											; ..############## 
1348+  3C34 7F          				.db			$7f											; ..############## 
1349+  3C35 7F          				.db			$7f											; ..############## 
1350+  3C36 7F          				.db			$7f											; ..############## 
1351+  3C37 00          				.db			$00											; ................ 
1352+  3C38             
1353+  3C38             L3c38:
1354+  3C38 1E          				.db			$1e											; ......########.. 
1355+  3C39 1E          				.db			$1e											; ......########.. 
1356+  3C3A 1E          				.db			$1e											; ......########.. 
1357+  3C3B FE          				.db			$fe											; ##############.. 
1358+  3C3C FE          				.db			$fe											; ##############.. 
1359+  3C3D FE          				.db			$fe											; ##############.. 
1360+  3C3E FE          				.db			$fe											; ##############.. 
1361+  3C3F 00          				.db			$00											; ................ 
1362+  3C40             
1363+  3C40             L3c40:
1364+  3C40 00          				.db			$00											; ................ 
1365+  3C41 7F          				.db			$7f											; ..############## 
1366+  3C42 7F          				.db			$7f											; ..############## 
1367+  3C43 60          				.db			$60											; ..####.......... 
1368+  3C44 60          				.db			$60											; ..####.......... 
1369+  3C45 60          				.db			$60											; ..####.......... 
1370+  3C46 60          				.db			$60											; ..####.......... 
1371+  3C47 60          				.db			$60											; ..####.......... 
1372+  3C48             
1373+  3C48             L3c48:
1374+  3C48 00          				.db			$00											; ................ 
1375+  3C49 FE          				.db			$fe											; ##############.. 
1376+  3C4A FE          				.db			$fe											; ##############.. 
1377+  3C4B 06          				.db			$06											; ..........####.. 
1378+  3C4C 06          				.db			$06											; ..........####.. 
1379+  3C4D 06          				.db			$06											; ..........####.. 
1380+  3C4E 06          				.db			$06											; ..........####.. 
1381+  3C4F 06          				.db			$06											; ..........####.. 
1382+  3C50             
1383+  3C50             L3c50:
1384+  3C50 60          				.db			$60											; ..####.......... 
1385+  3C51 60          				.db			$60											; ..####.......... 
1386+  3C52 60          				.db			$60											; ..####.......... 
1387+  3C53 60          				.db			$60											; ..####.......... 
1388+  3C54 60          				.db			$60											; ..####.......... 
1389+  3C55 7F          				.db			$7f											; ..############## 
1390+  3C56 7F          				.db			$7f											; ..############## 
1391+  3C57 00          				.db			$00											; ................ 
1392+  3C58             
1393+  3C58             L3c58:
1394+  3C58 06          				.db			$06											; ..........####.. 
1395+  3C59 06          				.db			$06											; ..........####.. 
1396+  3C5A 06          				.db			$06											; ..........####.. 
1397+  3C5B 06          				.db			$06											; ..........####.. 
1398+  3C5C 06          				.db			$06											; ..........####.. 
1399+  3C5D FE          				.db			$fe											; ##############.. 
1400+  3C5E FE          				.db			$fe											; ##############.. 
1401+  3C5F 00          				.db			$00											; ................ 
1402+  3C60             
1403+  3C60             L3c60:
1404+  3C60 00          				.db			$00											; ................ 
1405+  3C61 7F          				.db			$7f											; ..############## 
1406+  3C62 7F          				.db			$7f											; ..############## 
1407+  3C63 7F          				.db			$7f											; ..############## 
1408+  3C64 7F          				.db			$7f											; ..############## 
1409+  3C65 7F          				.db			$7f											; ..############## 
1410+  3C66 7F          				.db			$7f											; ..############## 
1411+  3C67 7F          				.db			$7f											; ..############## 
1412+  3C68             
1413+  3C68             L3c68:
1414+  3C68 00          				.db			$00											; ................ 
1415+  3C69 FE          				.db			$fe											; ##############.. 
1416+  3C6A FE          				.db			$fe											; ##############.. 
1417+  3C6B FE          				.db			$fe											; ##############.. 
1418+  3C6C FE          				.db			$fe											; ##############.. 
1419+  3C6D FE          				.db			$fe											; ##############.. 
1420+  3C6E FE          				.db			$fe											; ##############.. 
1421+  3C6F FE          				.db			$fe											; ##############.. 
1422+  3C70             
1423+  3C70             L3c70:
1424+  3C70 7F          				.db			$7f											; ..############## 
1425+  3C71 7F          				.db			$7f											; ..############## 
1426+  3C72 7F          				.db			$7f											; ..############## 
1427+  3C73 7F          				.db			$7f											; ..############## 
1428+  3C74 7F          				.db			$7f											; ..############## 
1429+  3C75 7F          				.db			$7f											; ..############## 
1430+  3C76 7F          				.db			$7f											; ..############## 
1431+  3C77 00          				.db			$00											; ................ 
1432+  3C78             
1433+  3C78             L3c78:
1434+  3C78 FE          				.db			$fe											; ##############.. 
1435+  3C79 FE          				.db			$fe											; ##############.. 
1436+  3C7A FE          				.db			$fe											; ##############.. 
1437+  3C7B FE          				.db			$fe											; ##############.. 
1438+  3C7C FE          				.db			$fe											; ##############.. 
1439+  3C7D FE          				.db			$fe											; ##############.. 
1440+  3C7E FE          				.db			$fe											; ##############.. 
1441+  3C7F 00          				.db			$00											; ................ 
1442+  3C80             
1443+  3C80             L3c80:
1444+  3C80 00          				.db			$00											; ................ 
1445+  3C81 00          				.db			$00											; ................ 
1446+  3C82 00          				.db			$00											; ................ 
1447+  3C83 00          				.db			$00											; ................ 
1448+  3C84 00          				.db			$00											; ................ 
1449+  3C85 00          				.db			$00											; ................ 
1450+  3C86 00          				.db			$00											; ................ 
1451+  3C87 00          				.db			$00											; ................ 
1452+  3C88             
1453+  3C88             L3c88:
1454+  3C88 18          				.db			$18											; ......####...... 
1455+  3C89 24          				.db			$24											; ....##....##.... 
1456+  3C8A 24          				.db			$24											; ....##....##.... 
1457+  3C8B 18          				.db			$18											; ......####...... 
1458+  3C8C 2C          				.db			$2c											; ....##..####.... 
1459+  3C8D 76          				.db			$76											; ..######..####.. 
1460+  3C8E BD          				.db			$bd											; ##..########..## 
1461+  3C8F 81          				.db			$81											; ##............## 
1462+  3C90             
1463+  3C90             L3c90:
1464+  3C90 00          				.db			$00											; ................ 
1465+  3C91 00          				.db			$00											; ................ 
1466+  3C92 00          				.db			$00											; ................ 
1467+  3C93 00          				.db			$00											; ................ 
1468+  3C94 00          				.db			$00											; ................ 
1469+  3C95 00          				.db			$00											; ................ 
1470+  3C96 00          				.db			$00											; ................ 
1471+  3C97 00          				.db			$00											; ................ 
1472+  3C98             
1473+  3C98             L3c98:
1474+  3C98 00          				.db			$00											; ................ 
1475+  3C99 00          				.db			$00											; ................ 
1476+  3C9A 00          				.db			$00											; ................ 
1477+  3C9B 00          				.db			$00											; ................ 
1478+  3C9C 00          				.db			$00											; ................ 
1479+  3C9D 00          				.db			$00											; ................ 
1480+  3C9E 00          				.db			$00											; ................ 
1481+  3C9F 00          				.db			$00											; ................ 
1482+  3CA0             
1483+  3CA0             L3ca0:
1484+  3CA0 00          				.db			$00											; ................ 
1485+  3CA1 00          				.db			$00											; ................ 
1486+  3CA2 00          				.db			$00											; ................ 
1487+  3CA3 00          				.db			$00											; ................ 
1488+  3CA4 00          				.db			$00											; ................ 
1489+  3CA5 00          				.db			$00											; ................ 
1490+  3CA6 00          				.db			$00											; ................ 
1491+  3CA7 00          				.db			$00											; ................ 
1492+  3CA8             
1493+  3CA8             L3ca8:
1494+  3CA8 00          				.db			$00											; ................ 
1495+  3CA9 00          				.db			$00											; ................ 
1496+  3CAA 00          				.db			$00											; ................ 
1497+  3CAB 00          				.db			$00											; ................ 
1498+  3CAC 00          				.db			$00											; ................ 
1499+  3CAD 00          				.db			$00											; ................ 
1500+  3CAE 00          				.db			$00											; ................ 
1501+  3CAF 00          				.db			$00											; ................ 
1502+  3CB0             
1503+  3CB0             L3cb0:
1504+  3CB0 00          				.db			$00											; ................ 
1505+  3CB1 00          				.db			$00											; ................ 
1506+  3CB2 00          				.db			$00											; ................ 
1507+  3CB3 00          				.db			$00											; ................ 
1508+  3CB4 00          				.db			$00											; ................ 
1509+  3CB5 00          				.db			$00											; ................ 
1510+  3CB6 00          				.db			$00											; ................ 
1511+  3CB7 00          				.db			$00											; ................ 
1512+  3CB8             
1513+  3CB8             L3cb8:
1514+  3CB8 00          				.db			$00											; ................ 
1515+  3CB9 00          				.db			$00											; ................ 
1516+  3CBA 00          				.db			$00											; ................ 
1517+  3CBB 00          				.db			$00											; ................ 
1518+  3CBC 00          				.db			$00											; ................ 
1519+  3CBD 00          				.db			$00											; ................ 
1520+  3CBE 00          				.db			$00											; ................ 
1521+  3CBF 00          				.db			$00											; ................ 
1522+  3CC0             
1523+  3CC0             L3cc0:
1524+  3CC0 00          				.db			$00											; ................ 
1525+  3CC1 00          				.db			$00											; ................ 
1526+  3CC2 00          				.db			$00											; ................ 
1527+  3CC3 00          				.db			$00											; ................ 
1528+  3CC4 00          				.db			$00											; ................ 
1529+  3CC5 00          				.db			$00											; ................ 
1530+  3CC6 00          				.db			$00											; ................ 
1531+  3CC7 00          				.db			$00											; ................ 
1532+  3CC8             
1533+  3CC8             L3cc8:
1534+  3CC8 00          				.db			$00											; ................ 
1535+  3CC9 00          				.db			$00											; ................ 
1536+  3CCA 00          				.db			$00											; ................ 
1537+  3CCB 00          				.db			$00											; ................ 
1538+  3CCC 00          				.db			$00											; ................ 
1539+  3CCD 00          				.db			$00											; ................ 
1540+  3CCE 00          				.db			$00											; ................ 
1541+  3CCF 00          				.db			$00											; ................ 
1542+  3CD0             
1543+  3CD0             L3cd0:
1544+  3CD0 00          				.db			$00											; ................ 
1545+  3CD1 00          				.db			$00											; ................ 
1546+  3CD2 00          				.db			$00											; ................ 
1547+  3CD3 00          				.db			$00											; ................ 
1548+  3CD4 00          				.db			$00											; ................ 
1549+  3CD5 00          				.db			$00											; ................ 
1550+  3CD6 00          				.db			$00											; ................ 
1551+  3CD7 00          				.db			$00											; ................ 
1552+  3CD8             
1553+  3CD8             L3cd8:
1554+  3CD8 00          				.db			$00											; ................ 
1555+  3CD9 00          				.db			$00											; ................ 
1556+  3CDA 00          				.db			$00											; ................ 
1557+  3CDB 00          				.db			$00											; ................ 
1558+  3CDC 00          				.db			$00											; ................ 
1559+  3CDD 00          				.db			$00											; ................ 
1560+  3CDE 00          				.db			$00											; ................ 
1561+  3CDF 00          				.db			$00											; ................ 
1562+  3CE0             
1563+  3CE0             L3ce0:
1564+  3CE0 00          				.db			$00											; ................ 
1565+  3CE1 00          				.db			$00											; ................ 
1566+  3CE2 00          				.db			$00											; ................ 
1567+  3CE3 00          				.db			$00											; ................ 
1568+  3CE4 00          				.db			$00											; ................ 
1569+  3CE5 00          				.db			$00											; ................ 
1570+  3CE6 00          				.db			$00											; ................ 
1571+  3CE7 00          				.db			$00											; ................ 
1572+  3CE8             
1573+  3CE8             L3ce8:
1574+  3CE8 00          				.db			$00											; ................ 
1575+  3CE9 00          				.db			$00											; ................ 
1576+  3CEA 00          				.db			$00											; ................ 
1577+  3CEB 00          				.db			$00											; ................ 
1578+  3CEC 00          				.db			$00											; ................ 
1579+  3CED 00          				.db			$00											; ................ 
1580+  3CEE 00          				.db			$00											; ................ 
1581+  3CEF 00          				.db			$00											; ................ 
1582+  3CF0             
1583+  3CF0             L3cf0:
1584+  3CF0 00          				.db			$00											; ................ 
1585+  3CF1 00          				.db			$00											; ................ 
1586+  3CF2 00          				.db			$00											; ................ 
1587+  3CF3 00          				.db			$00											; ................ 
1588+  3CF4 00          				.db			$00											; ................ 
1589+  3CF5 00          				.db			$00											; ................ 
1590+  3CF6 00          				.db			$00											; ................ 
1591+  3CF7 00          				.db			$00											; ................ 
1592+  3CF8             
1593+  3CF8             L3cf8:
1594+  3CF8 00          				.db			$00											; ................ 
1595+  3CF9 00          				.db			$00											; ................ 
1596+  3CFA 00          				.db			$00											; ................ 
1597+  3CFB 00          				.db			$00											; ................ 
1598+  3CFC 00          				.db			$00											; ................ 
1599+  3CFD 00          				.db			$00											; ................ 
1600+  3CFE 00          				.db			$00											; ................ 
1601+  3CFF 00          				.db			$00											; ................ 
1602+  3D00             
1603+  3D00             L3d00:
1604+  3D00 00          				.db			$00											; ................ 
1605+  3D01 00          				.db			$00											; ................ 
1606+  3D02 00          				.db			$00											; ................ 
1607+  3D03 00          				.db			$00											; ................ 
1608+  3D04 00          				.db			$00											; ................ 
1609+  3D05 00          				.db			$00											; ................ 
1610+  3D06 00          				.db			$00											; ................ 
1611+  3D07 00          				.db			$00											; ................ 
1612+  3D08             
1613+  3D08             L3d08:
1614+  3D08 00          				.db			$00											; ................ 
1615+  3D09 00          				.db			$00											; ................ 
1616+  3D0A 00          				.db			$00											; ................ 
1617+  3D0B 00          				.db			$00											; ................ 
1618+  3D0C 00          				.db			$00											; ................ 
1619+  3D0D 00          				.db			$00											; ................ 
1620+  3D0E 00          				.db			$00											; ................ 
1621+  3D0F 00          				.db			$00											; ................ 
1622+  3D10             
1623+  3D10             L3d10:
1624+  3D10 00          				.db			$00											; ................ 
1625+  3D11 00          				.db			$00											; ................ 
1626+  3D12 00          				.db			$00											; ................ 
1627+  3D13 00          				.db			$00											; ................ 
1628+  3D14 00          				.db			$00											; ................ 
1629+  3D15 00          				.db			$00											; ................ 
1630+  3D16 00          				.db			$00											; ................ 
1631+  3D17 00          				.db			$00											; ................ 
1632+  3D18             
1633+  3D18             L3d18:
1634+  3D18 00          				.db			$00											; ................ 
1635+  3D19 00          				.db			$00											; ................ 
1636+  3D1A 00          				.db			$00											; ................ 
1637+  3D1B 00          				.db			$00											; ................ 
1638+  3D1C 00          				.db			$00											; ................ 
1639+  3D1D 00          				.db			$00											; ................ 
1640+  3D1E 00          				.db			$00											; ................ 
1641+  3D1F 00          				.db			$00											; ................ 
1642+  3D20             
1643+  3D20             L3d20:
1644+  3D20 00          				.db			$00											; ................ 
1645+  3D21 00          				.db			$00											; ................ 
1646+  3D22 00          				.db			$00											; ................ 
1647+  3D23 00          				.db			$00											; ................ 
1648+  3D24 00          				.db			$00											; ................ 
1649+  3D25 00          				.db			$00											; ................ 
1650+  3D26 00          				.db			$00											; ................ 
1651+  3D27 00          				.db			$00											; ................ 
1652+  3D28             
1653+  3D28             L3d28:
1654+  3D28 00          				.db			$00											; ................ 
1655+  3D29 00          				.db			$00											; ................ 
1656+  3D2A 00          				.db			$00											; ................ 
1657+  3D2B 00          				.db			$00											; ................ 
1658+  3D2C 00          				.db			$00											; ................ 
1659+  3D2D 00          				.db			$00											; ................ 
1660+  3D2E 00          				.db			$00											; ................ 
1661+  3D2F 00          				.db			$00											; ................ 
1662+  3D30             
1663+  3D30             L3d30:
1664+  3D30 00          				.db			$00											; ................ 
1665+  3D31 00          				.db			$00											; ................ 
1666+  3D32 00          				.db			$00											; ................ 
1667+  3D33 00          				.db			$00											; ................ 
1668+  3D34 00          				.db			$00											; ................ 
1669+  3D35 00          				.db			$00											; ................ 
1670+  3D36 00          				.db			$00											; ................ 
1671+  3D37 00          				.db			$00											; ................ 
1672+  3D38             
1673+  3D38             L3d38:
1674+  3D38 00          				.db			$00											; ................ 
1675+  3D39 00          				.db			$00											; ................ 
1676+  3D3A 00          				.db			$00											; ................ 
1677+  3D3B 00          				.db			$00											; ................ 
1678+  3D3C 00          				.db			$00											; ................ 
1679+  3D3D 00          				.db			$00											; ................ 
1680+  3D3E 00          				.db			$00											; ................ 
1681+  3D3F 00          				.db			$00											; ................ 
1682+  3D40             
1683+  3D40             L3d40:
1684+  3D40 00          				.db			$00											; ................ 
1685+  3D41 00          				.db			$00											; ................ 
1686+  3D42 00          				.db			$00											; ................ 
1687+  3D43 00          				.db			$00											; ................ 
1688+  3D44 00          				.db			$00											; ................ 
1689+  3D45 00          				.db			$00											; ................ 
1690+  3D46 00          				.db			$00											; ................ 
1691+  3D47 00          				.db			$00											; ................ 
1692+  3D48             
1693+  3D48             L3d48:
1694+  3D48 00          				.db			$00											; ................ 
1695+  3D49 00          				.db			$00											; ................ 
1696+  3D4A 00          				.db			$00											; ................ 
1697+  3D4B 00          				.db			$00											; ................ 
1698+  3D4C 00          				.db			$00											; ................ 
1699+  3D4D 00          				.db			$00											; ................ 
1700+  3D4E 00          				.db			$00											; ................ 
1701+  3D4F 00          				.db			$00											; ................ 
1702+  3D50             
1703+  3D50             L3d50:
1704+  3D50 00          				.db			$00											; ................ 
1705+  3D51 00          				.db			$00											; ................ 
1706+  3D52 00          				.db			$00											; ................ 
1707+  3D53 00          				.db			$00											; ................ 
1708+  3D54 00          				.db			$00											; ................ 
1709+  3D55 00          				.db			$00											; ................ 
1710+  3D56 00          				.db			$00											; ................ 
1711+  3D57 00          				.db			$00											; ................ 
1712+  3D58             
1713+  3D58             L3d58:
1714+  3D58 00          				.db			$00											; ................ 
1715+  3D59 00          				.db			$00											; ................ 
1716+  3D5A 00          				.db			$00											; ................ 
1717+  3D5B 00          				.db			$00											; ................ 
1718+  3D5C 00          				.db			$00											; ................ 
1719+  3D5D 00          				.db			$00											; ................ 
1720+  3D5E 00          				.db			$00											; ................ 
1721+  3D5F 00          				.db			$00											; ................ 
1722+  3D60             
1723+  3D60             L3d60:
1724+  3D60 00          				.db			$00											; ................ 
1725+  3D61 00          				.db			$00											; ................ 
1726+  3D62 00          				.db			$00											; ................ 
1727+  3D63 00          				.db			$00											; ................ 
1728+  3D64 00          				.db			$00											; ................ 
1729+  3D65 00          				.db			$00											; ................ 
1730+  3D66 00          				.db			$00											; ................ 
1731+  3D67 00          				.db			$00											; ................ 
1732+  3D68             
1733+  3D68             L3d68:
1734+  3D68 00          				.db			$00											; ................ 
1735+  3D69 00          				.db			$00											; ................ 
1736+  3D6A 00          				.db			$00											; ................ 
1737+  3D6B 00          				.db			$00											; ................ 
1738+  3D6C 00          				.db			$00											; ................ 
1739+  3D6D 00          				.db			$00											; ................ 
1740+  3D6E 00          				.db			$00											; ................ 
1741+  3D6F 00          				.db			$00											; ................ 
1742+  3D70             
1743+  3D70             L3d70:
1744+  3D70 00          				.db			$00											; ................ 
1745+  3D71 00          				.db			$00											; ................ 
1746+  3D72 00          				.db			$00											; ................ 
1747+  3D73 00          				.db			$00											; ................ 
1748+  3D74 00          				.db			$00											; ................ 
1749+  3D75 00          				.db			$00											; ................ 
1750+  3D76 00          				.db			$00											; ................ 
1751+  3D77 00          				.db			$00											; ................ 
1752+  3D78             
1753+  3D78             L3d78:
1754+  3D78 00          				.db			$00											; ................ 
1755+  3D79 00          				.db			$00											; ................ 
1756+  3D7A 00          				.db			$00											; ................ 
1757+  3D7B 00          				.db			$00											; ................ 
1758+  3D7C 00          				.db			$00											; ................ 
1759+  3D7D 00          				.db			$00											; ................ 
1760+  3D7E 00          				.db			$00											; ................ 
1761+  3D7F 00          				.db			$00											; ................ 
1762+  3D80             
1763+  3D80             L3d80:
1764+  3D80 00          				.db			$00											; ................ 
1765+  3D81 00          				.db			$00											; ................ 
1766+  3D82 00          				.db			$00											; ................ 
1767+  3D83 00          				.db			$00											; ................ 
1768+  3D84 00          				.db			$00											; ................ 
1769+  3D85 00          				.db			$00											; ................ 
1770+  3D86 00          				.db			$00											; ................ 
1771+  3D87 00          				.db			$00											; ................ 
1772+  3D88             
1773+  3D88             L3d88:
1774+  3D88 00          				.db			$00											; ................ 
1775+  3D89 00          				.db			$00											; ................ 
1776+  3D8A 00          				.db			$00											; ................ 
1777+  3D8B 00          				.db			$00											; ................ 
1778+  3D8C 00          				.db			$00											; ................ 
1779+  3D8D 00          				.db			$00											; ................ 
1780+  3D8E 00          				.db			$00											; ................ 
1781+  3D8F 00          				.db			$00											; ................ 
1782+  3D90             
1783+  3D90             L3d90:
1784+  3D90 00          				.db			$00											; ................ 
1785+  3D91 00          				.db			$00											; ................ 
1786+  3D92 00          				.db			$00											; ................ 
1787+  3D93 00          				.db			$00											; ................ 
1788+  3D94 00          				.db			$00											; ................ 
1789+  3D95 00          				.db			$00											; ................ 
1790+  3D96 00          				.db			$00											; ................ 
1791+  3D97 00          				.db			$00											; ................ 
1792+  3D98             
1793+  3D98             L3d98:
1794+  3D98 00          				.db			$00											; ................ 
1795+  3D99 00          				.db			$00											; ................ 
1796+  3D9A 00          				.db			$00											; ................ 
1797+  3D9B 00          				.db			$00											; ................ 
1798+  3D9C 00          				.db			$00											; ................ 
1799+  3D9D 00          				.db			$00											; ................ 
1800+  3D9E 00          				.db			$00											; ................ 
1801+  3D9F 00          				.db			$00											; ................ 
1802+  3DA0             
1803+  3DA0             L3da0:
1804+  3DA0 00          				.db			$00											; ................ 
1805+  3DA1 00          				.db			$00											; ................ 
1806+  3DA2 00          				.db			$00											; ................ 
1807+  3DA3 00          				.db			$00											; ................ 
1808+  3DA4 00          				.db			$00											; ................ 
1809+  3DA5 00          				.db			$00											; ................ 
1810+  3DA6 00          				.db			$00											; ................ 
1811+  3DA7 00          				.db			$00											; ................ 
1812+  3DA8             
1813+  3DA8             L3da8:
1814+  3DA8 00          				.db			$00											; ................ 
1815+  3DA9 00          				.db			$00											; ................ 
1816+  3DAA 00          				.db			$00											; ................ 
1817+  3DAB 00          				.db			$00											; ................ 
1818+  3DAC 00          				.db			$00											; ................ 
1819+  3DAD 00          				.db			$00											; ................ 
1820+  3DAE 00          				.db			$00											; ................ 
1821+  3DAF 00          				.db			$00											; ................ 
1822+  3DB0             
1823+  3DB0             L3db0:
1824+  3DB0 00          				.db			$00											; ................ 
1825+  3DB1 00          				.db			$00											; ................ 
1826+  3DB2 00          				.db			$00											; ................ 
1827+  3DB3 00          				.db			$00											; ................ 
1828+  3DB4 00          				.db			$00											; ................ 
1829+  3DB5 00          				.db			$00											; ................ 
1830+  3DB6 00          				.db			$00											; ................ 
1831+  3DB7 00          				.db			$00											; ................ 
1832+  3DB8             
1833+  3DB8             L3db8:
1834+  3DB8 00          				.db			$00											; ................ 
1835+  3DB9 00          				.db			$00											; ................ 
1836+  3DBA 00          				.db			$00											; ................ 
1837+  3DBB 00          				.db			$00											; ................ 
1838+  3DBC 00          				.db			$00											; ................ 
1839+  3DBD 00          				.db			$00											; ................ 
1840+  3DBE 00          				.db			$00											; ................ 
1841+  3DBF 00          				.db			$00											; ................ 
1842+  3DC0             
1843+  3DC0             L3dc0:
1844+  3DC0 00          				.db			$00											; ................ 
1845+  3DC1 00          				.db			$00											; ................ 
1846+  3DC2 00          				.db			$00											; ................ 
1847+  3DC3 00          				.db			$00											; ................ 
1848+  3DC4 00          				.db			$00											; ................ 
1849+  3DC5 00          				.db			$00											; ................ 
1850+  3DC6 00          				.db			$00											; ................ 
1851+  3DC7 00          				.db			$00											; ................ 
1852+  3DC8             
1853+  3DC8             L3dc8:
1854+  3DC8 00          				.db			$00											; ................ 
1855+  3DC9 00          				.db			$00											; ................ 
1856+  3DCA 00          				.db			$00											; ................ 
1857+  3DCB 00          				.db			$00											; ................ 
1858+  3DCC 00          				.db			$00											; ................ 
1859+  3DCD 00          				.db			$00											; ................ 
1860+  3DCE 00          				.db			$00											; ................ 
1861+  3DCF 00          				.db			$00											; ................ 
1862+  3DD0             
1863+  3DD0             L3dd0:
1864+  3DD0 00          				.db			$00											; ................ 
1865+  3DD1 7F          				.db			$7f											; ..############## 
1866+  3DD2 7F          				.db			$7f											; ..############## 
1867+  3DD3 7F          				.db			$7f											; ..############## 
1868+  3DD4 7F          				.db			$7f											; ..############## 
1869+  3DD5 7F          				.db			$7f											; ..############## 
1870+  3DD6 7F          				.db			$7f											; ..############## 
1871+  3DD7 7F          				.db			$7f											; ..############## 
1872+  3DD8             
1873+  3DD8             L3dd8:
1874+  3DD8 00          				.db			$00											; ................ 
1875+  3DD9 FE          				.db			$fe											; ##############.. 
1876+  3DDA FE          				.db			$fe											; ##############.. 
1877+  3DDB FE          				.db			$fe											; ##############.. 
1878+  3DDC FE          				.db			$fe											; ##############.. 
1879+  3DDD FE          				.db			$fe											; ##############.. 
1880+  3DDE FE          				.db			$fe											; ##############.. 
1881+  3DDF FE          				.db			$fe											; ##############.. 
1882+  3DE0             
1883+  3DE0             L3de0:
1884+  3DE0 7F          				.db			$7f											; ..############## 
1885+  3DE1 7F          				.db			$7f											; ..############## 
1886+  3DE2 7F          				.db			$7f											; ..############## 
1887+  3DE3 7F          				.db			$7f											; ..############## 
1888+  3DE4 7F          				.db			$7f											; ..############## 
1889+  3DE5 7F          				.db			$7f											; ..############## 
1890+  3DE6 7F          				.db			$7f											; ..############## 
1891+  3DE7 00          				.db			$00											; ................ 
1892+  3DE8             
1893+  3DE8             L3de8:
1894+  3DE8 FE          				.db			$fe											; ##############.. 
1895+  3DE9 FE          				.db			$fe											; ##############.. 
1896+  3DEA FE          				.db			$fe											; ##############.. 
1897+  3DEB FE          				.db			$fe											; ##############.. 
1898+  3DEC FE          				.db			$fe											; ##############.. 
1899+  3DED FE          				.db			$fe											; ##############.. 
1900+  3DEE FE          				.db			$fe											; ##############.. 
1901+  3DEF 00          				.db			$00											; ................ 
1902+  3DF0             
1903+  3DF0             L3df0:
1904+  3DF0 00          				.db			$00											; ................ 
1905+  3DF1 00          				.db			$00											; ................ 
1906+  3DF2 00          				.db			$00											; ................ 
1907+  3DF3 00          				.db			$00											; ................ 
1908+  3DF4 00          				.db			$00											; ................ 
1909+  3DF5 00          				.db			$00											; ................ 
1910+  3DF6 00          				.db			$00											; ................ 
1911+  3DF7 00          				.db			$00											; ................ 
1912+  3DF8             
1913+  3DF8             L3df8:
1914+  3DF8 00          				.db			$00											; ................ 
1915+  3DF9 00          				.db			$00											; ................ 
1916+  3DFA 00          				.db			$00											; ................ 
1917+  3DFB 00          				.db			$00											; ................ 
1918+  3DFC 00          				.db			$00											; ................ 
1919+  3DFD 00          				.db			$00											; ................ 
1920+  3DFE 00          				.db			$00											; ................ 
1921+  3DFF 00          				.db			$00											; ................ 
1922+  3E00             
1923+  3E00             L3e00:
1924+  3E00 00          				.db			$00											; ................ 
1925+  3E01 00          				.db			$00											; ................ 
1926+  3E02 00          				.db			$00											; ................ 
1927+  3E03 00          				.db			$00											; ................ 
1928+  3E04 00          				.db			$00											; ................ 
1929+  3E05 00          				.db			$00											; ................ 
1930+  3E06 00          				.db			$00											; ................ 
1931+  3E07 00          				.db			$00											; ................ 
1932+  3E08             
1933+  3E08             L3e08:
1934+  3E08 18          				.db			$18											; ......####...... 
1935+  3E09 24          				.db			$24											; ....##....##.... 
1936+  3E0A 24          				.db			$24											; ....##....##.... 
1937+  3E0B 18          				.db			$18											; ......####...... 
1938+  3E0C 2C          				.db			$2c											; ....##..####.... 
1939+  3E0D 76          				.db			$76											; ..######..####.. 
1940+  3E0E BD          				.db			$bd											; ##..########..## 
1941+  3E0F 81          				.db			$81											; ##............## 
1942+  3E10             
1943+  3E10             L3e10:
1944+  3E10 00          				.db			$00											; ................ 
1945+  3E11 00          				.db			$00											; ................ 
1946+  3E12 00          				.db			$00											; ................ 
1947+  3E13 00          				.db			$00											; ................ 
1948+  3E14 00          				.db			$00											; ................ 
1949+  3E15 00          				.db			$00											; ................ 
1950+  3E16 18          				.db			$18											; ......####...... 
1951+  3E17 24          				.db			$24											; ....##....##.... 
1952+  3E18             
1953+  3E18             L3e18:
1954+  3E18 24          				.db			$24											; ....##....##.... 
1955+  3E19 18          				.db			$18											; ......####...... 
1956+  3E1A 2C          				.db			$2c											; ....##..####.... 
1957+  3E1B 76          				.db			$76											; ..######..####.. 
1958+  3E1C BD          				.db			$bd											; ##..########..## 
1959+  3E1D 81          				.db			$81											; ##............## 
1960+  3E1E 00          				.db			$00											; ................ 
1961+  3E1F 00          				.db			$00											; ................ 
1962+  3E20             
1963+  3E20             L3e20:
1964+  3E20 00          				.db			$00											; ................ 
1965+  3E21 00          				.db			$00											; ................ 
1966+  3E22 00          				.db			$00											; ................ 
1967+  3E23 00          				.db			$00											; ................ 
1968+  3E24 18          				.db			$18											; ......####...... 
1969+  3E25 24          				.db			$24											; ....##....##.... 
1970+  3E26 24          				.db			$24											; ....##....##.... 
1971+  3E27 18          				.db			$18											; ......####...... 
1972+  3E28             
1973+  3E28             L3e28:
1974+  3E28 2C          				.db			$2c											; ....##..####.... 
1975+  3E29 76          				.db			$76											; ..######..####.. 
1976+  3E2A BD          				.db			$bd											; ##..########..## 
1977+  3E2B 81          				.db			$81											; ##............## 
1978+  3E2C 00          				.db			$00											; ................ 
1979+  3E2D 00          				.db			$00											; ................ 
1980+  3E2E 00          				.db			$00											; ................ 
1981+  3E2F 00          				.db			$00											; ................ 
1982+  3E30             
1983+  3E30             L3e30:
1984+  3E30 00          				.db			$00											; ................ 
1985+  3E31 00          				.db			$00											; ................ 
1986+  3E32 18          				.db			$18											; ......####...... 
1987+  3E33 24          				.db			$24											; ....##....##.... 
1988+  3E34 24          				.db			$24											; ....##....##.... 
1989+  3E35 18          				.db			$18											; ......####...... 
1990+  3E36 2C          				.db			$2c											; ....##..####.... 
1991+  3E37 76          				.db			$76											; ..######..####.. 
1992+  3E38             
1993+  3E38             L3e38:
1994+  3E38 BD          				.db			$bd											; ##..########..## 
1995+  3E39 81          				.db			$81											; ##............## 
1996+  3E3A 00          				.db			$00											; ................ 
1997+  3E3B 00          				.db			$00											; ................ 
1998+  3E3C 00          				.db			$00											; ................ 
1999+  3E3D 00          				.db			$00											; ................ 
2000+  3E3E 00          				.db			$00											; ................ 
2001+  3E3F 00          				.db			$00											; ................ 
2002+  3E40             
2003+  3E40             L3e40:
2004+  3E40 81          				.db			$81											; ##............## 
2005+  3E41 BD          				.db			$bd											; ##..########..## 
2006+  3E42 6E          				.db			$6e											; ..####..######.. 
2007+  3E43 34          				.db			$34											; ....####..##.... 
2008+  3E44 18          				.db			$18											; ......####...... 
2009+  3E45 24          				.db			$24											; ....##....##.... 
2010+  3E46 24          				.db			$24											; ....##....##.... 
2011+  3E47 18          				.db			$18											; ......####...... 
2012+  3E48             
2013+  3E48             L3e48:
2014+  3E48 00          				.db			$00											; ................ 
2015+  3E49 00          				.db			$00											; ................ 
2016+  3E4A 00          				.db			$00											; ................ 
2017+  3E4B 00          				.db			$00											; ................ 
2018+  3E4C 00          				.db			$00											; ................ 
2019+  3E4D 00          				.db			$00											; ................ 
2020+  3E4E 00          				.db			$00											; ................ 
2021+  3E4F 00          				.db			$00											; ................ 
2022+  3E50             
2023+  3E50             L3e50:
2024+  3E50 00          				.db			$00											; ................ 
2025+  3E51 00          				.db			$00											; ................ 
2026+  3E52 81          				.db			$81											; ##............## 
2027+  3E53 BD          				.db			$bd											; ##..########..## 
2028+  3E54 6E          				.db			$6e											; ..####..######.. 
2029+  3E55 34          				.db			$34											; ....####..##.... 
2030+  3E56 18          				.db			$18											; ......####...... 
2031+  3E57 24          				.db			$24											; ....##....##.... 
2032+  3E58             
2033+  3E58             L3e58:
2034+  3E58 24          				.db			$24											; ....##....##.... 
2035+  3E59 18          				.db			$18											; ......####...... 
2036+  3E5A 00          				.db			$00											; ................ 
2037+  3E5B 00          				.db			$00											; ................ 
2038+  3E5C 00          				.db			$00											; ................ 
2039+  3E5D 00          				.db			$00											; ................ 
2040+  3E5E 00          				.db			$00											; ................ 
2041+  3E5F 00          				.db			$00											; ................ 
2042+  3E60             
2043+  3E60             L3e60:
2044+  3E60 00          				.db			$00											; ................ 
2045+  3E61 00          				.db			$00											; ................ 
2046+  3E62 00          				.db			$00											; ................ 
2047+  3E63 00          				.db			$00											; ................ 
2048+  3E64 81          				.db			$81											; ##............## 
2049+  3E65 BD          				.db			$bd											; ##..########..## 
2050+  3E66 6E          				.db			$6e											; ..####..######.. 
2051+  3E67 34          				.db			$34											; ....####..##.... 
2052+  3E68             
2053+  3E68             L3e68:
2054+  3E68 18          				.db			$18											; ......####...... 
2055+  3E69 24          				.db			$24											; ....##....##.... 
2056+  3E6A 24          				.db			$24											; ....##....##.... 
2057+  3E6B 18          				.db			$18											; ......####...... 
2058+  3E6C 00          				.db			$00											; ................ 
2059+  3E6D 00          				.db			$00											; ................ 
2060+  3E6E 00          				.db			$00											; ................ 
2061+  3E6F 00          				.db			$00											; ................ 
2062+  3E70             
2063+  3E70             L3e70:
2064+  3E70 00          				.db			$00											; ................ 
2065+  3E71 00          				.db			$00											; ................ 
2066+  3E72 00          				.db			$00											; ................ 
2067+  3E73 00          				.db			$00											; ................ 
2068+  3E74 00          				.db			$00											; ................ 
2069+  3E75 00          				.db			$00											; ................ 
2070+  3E76 81          				.db			$81											; ##............## 
2071+  3E77 BD          				.db			$bd											; ##..########..## 
2072+  3E78             
2073+  3E78             L3e78:
2074+  3E78 6E          				.db			$6e											; ..####..######.. 
2075+  3E79 34          				.db			$34											; ....####..##.... 
2076+  3E7A 18          				.db			$18											; ......####...... 
2077+  3E7B 24          				.db			$24											; ....##....##.... 
2078+  3E7C 24          				.db			$24											; ....##....##.... 
2079+  3E7D 18          				.db			$18											; ......####...... 
2080+  3E7E 00          				.db			$00											; ................ 
2081+  3E7F 00          				.db			$00											; ................ 
2082+  3E80             
2083+  3E80             L3e80:
2084+  3E80 C0          				.db			$c0											; ####............ 
2085+  3E81 20          				.db			$20											; ....##.......... 
2086+  3E82 76          				.db			$76											; ..######..####.. 
2087+  3E83 69          				.db			$69											; ..####..##....## 
2088+  3E84 59          				.db			$59											; ..##..####....## 
2089+  3E85 76          				.db			$76											; ..######..####.. 
2090+  3E86 20          				.db			$20											; ....##.......... 
2091+  3E87 C0          				.db			$c0											; ####............ 
2092+  3E88             
2093+  3E88             L3e88:
2094+  3E88 00          				.db			$00											; ................ 
2095+  3E89 00          				.db			$00											; ................ 
2096+  3E8A 00          				.db			$00											; ................ 
2097+  3E8B 00          				.db			$00											; ................ 
2098+  3E8C 00          				.db			$00											; ................ 
2099+  3E8D 00          				.db			$00											; ................ 
2100+  3E8E 00          				.db			$00											; ................ 
2101+  3E8F 00          				.db			$00											; ................ 
2102+  3E90             
2103+  3E90             L3e90:
2104+  3E90 30          				.db			$30											; ....####........ 
2105+  3E91 08          				.db			$08											; ........##...... 
2106+  3E92 1D          				.db			$1d											; ......######..## 
2107+  3E93 1A          				.db			$1a											; ......####..##.. 
2108+  3E94 16          				.db			$16											; ......##..####.. 
2109+  3E95 1D          				.db			$1d											; ......######..## 
2110+  3E96 08          				.db			$08											; ........##...... 
2111+  3E97 30          				.db			$30											; ....####........ 
2112+  3E98             
2113+  3E98             L3e98:
2114+  3E98 00          				.db			$00											; ................ 
2115+  3E99 00          				.db			$00											; ................ 
2116+  3E9A 80          				.db			$80											; ##.............. 
2117+  3E9B 40          				.db			$40											; ..##............ 
2118+  3E9C 40          				.db			$40											; ..##............ 
2119+  3E9D 80          				.db			$80											; ##.............. 
2120+  3E9E 00          				.db			$00											; ................ 
2121+  3E9F 00          				.db			$00											; ................ 
2122+  3EA0             
2123+  3EA0             L3ea0:
2124+  3EA0 0C          				.db			$0c											; ........####.... 
2125+  3EA1 02          				.db			$02											; ............##.. 
2126+  3EA2 07          				.db			$07											; ..........###### 
2127+  3EA3 06          				.db			$06											; ..........####.. 
2128+  3EA4 05          				.db			$05											; ..........##..## 
2129+  3EA5 07          				.db			$07											; ..........###### 
2130+  3EA6 02          				.db			$02											; ............##.. 
2131+  3EA7 0C          				.db			$0c											; ........####.... 
2132+  3EA8             
2133+  3EA8             L3ea8:
2134+  3EA8 00          				.db			$00											; ................ 
2135+  3EA9 00          				.db			$00											; ................ 
2136+  3EAA 60          				.db			$60											; ..####.......... 
2137+  3EAB 90          				.db			$90											; ##....##........ 
2138+  3EAC 90          				.db			$90											; ##....##........ 
2139+  3EAD 60          				.db			$60											; ..####.......... 
2140+  3EAE 00          				.db			$00											; ................ 
2141+  3EAF 00          				.db			$00											; ................ 
2142+  3EB0             
2143+  3EB0             L3eb0:
2144+  3EB0 03          				.db			$03											; ............#### 
2145+  3EB1 00          				.db			$00											; ................ 
2146+  3EB2 01          				.db			$01											; ..............## 
2147+  3EB3 01          				.db			$01											; ..............## 
2148+  3EB4 01          				.db			$01											; ..............## 
2149+  3EB5 01          				.db			$01											; ..............## 
2150+  3EB6 00          				.db			$00											; ................ 
2151+  3EB7 03          				.db			$03											; ............#### 
2152+  3EB8             
2153+  3EB8             L3eb8:
2154+  3EB8 00          				.db			$00											; ................ 
2155+  3EB9 80          				.db			$80											; ##.............. 
2156+  3EBA D8          				.db			$d8											; ####..####...... 
2157+  3EBB A4          				.db			$a4											; ##..##....##.... 
2158+  3EBC 64          				.db			$64											; ..####....##.... 
2159+  3EBD D8          				.db			$d8											; ####..####...... 
2160+  3EBE 80          				.db			$80											; ##.............. 
2161+  3EBF 00          				.db			$00											; ................ 
2162+  3EC0             
2163+  3EC0             L3ec0:
2164+  3EC0 00          				.db			$00											; ................ 
2165+  3EC1 00          				.db			$00											; ................ 
2166+  3EC2 00          				.db			$00											; ................ 
2167+  3EC3 00          				.db			$00											; ................ 
2168+  3EC4 00          				.db			$00											; ................ 
2169+  3EC5 00          				.db			$00											; ................ 
2170+  3EC6 00          				.db			$00											; ................ 
2171+  3EC7 00          				.db			$00											; ................ 
2172+  3EC8             
2173+  3EC8             L3ec8:
2174+  3EC8 03          				.db			$03											; ............#### 
2175+  3EC9 04          				.db			$04											; ..........##.... 
2176+  3ECA 6E          				.db			$6e											; ..####..######.. 
2177+  3ECB 9A          				.db			$9a											; ##....####..##.. 
2178+  3ECC 96          				.db			$96											; ##....##..####.. 
2179+  3ECD 6E          				.db			$6e											; ..####..######.. 
2180+  3ECE 04          				.db			$04											; ..........##.... 
2181+  3ECF 03          				.db			$03											; ............#### 
2182+  3ED0             
2183+  3ED0             L3ed0:
2184+  3ED0 00          				.db			$00											; ................ 
2185+  3ED1 00          				.db			$00											; ................ 
2186+  3ED2 01          				.db			$01											; ..............## 
2187+  3ED3 02          				.db			$02											; ............##.. 
2188+  3ED4 02          				.db			$02											; ............##.. 
2189+  3ED5 01          				.db			$01											; ..............## 
2190+  3ED6 00          				.db			$00											; ................ 
2191+  3ED7 00          				.db			$00											; ................ 
2192+  3ED8             
2193+  3ED8             L3ed8:
2194+  3ED8 0C          				.db			$0c											; ........####.... 
2195+  3ED9 10          				.db			$10											; ......##........ 
2196+  3EDA B8          				.db			$b8											; ##..######...... 
2197+  3EDB 68          				.db			$68											; ..####..##...... 
2198+  3EDC 58          				.db			$58											; ..##..####...... 
2199+  3EDD B8          				.db			$b8											; ##..######...... 
2200+  3EDE 10          				.db			$10											; ......##........ 
2201+  3EDF 0C          				.db			$0c											; ........####.... 
2202+  3EE0             
2203+  3EE0             L3ee0:
2204+  3EE0 00          				.db			$00											; ................ 
2205+  3EE1 00          				.db			$00											; ................ 
2206+  3EE2 06          				.db			$06											; ..........####.. 
2207+  3EE3 09          				.db			$09											; ........##....## 
2208+  3EE4 09          				.db			$09											; ........##....## 
2209+  3EE5 06          				.db			$06											; ..........####.. 
2210+  3EE6 00          				.db			$00											; ................ 
2211+  3EE7 00          				.db			$00											; ................ 
2212+  3EE8             
2213+  3EE8             L3ee8:
2214+  3EE8 30          				.db			$30											; ....####........ 
2215+  3EE9 40          				.db			$40											; ..##............ 
2216+  3EEA E0          				.db			$e0											; ######.......... 
2217+  3EEB A0          				.db			$a0											; ##..##.......... 
2218+  3EEC 60          				.db			$60											; ..####.......... 
2219+  3EED E0          				.db			$e0											; ######.......... 
2220+  3EEE 40          				.db			$40											; ..##............ 
2221+  3EEF 30          				.db			$30											; ....####........ 
2222+  3EF0             
2223+  3EF0             L3ef0:
2224+  3EF0 00          				.db			$00											; ................ 
2225+  3EF1 01          				.db			$01											; ..............## 
2226+  3EF2 1B          				.db			$1b											; ......####..#### 
2227+  3EF3 26          				.db			$26											; ....##....####.. 
2228+  3EF4 25          				.db			$25											; ....##....##..## 
2229+  3EF5 1B          				.db			$1b											; ......####..#### 
2230+  3EF6 01          				.db			$01											; ..............## 
2231+  3EF7 00          				.db			$00											; ................ 
2232+  3EF8             
2233+  3EF8             L3ef8:
2234+  3EF8 C0          				.db			$c0											; ####............ 
2235+  3EF9 00          				.db			$00											; ................ 
2236+  3EFA 80          				.db			$80											; ##.............. 
2237+  3EFB 80          				.db			$80											; ##.............. 
2238+  3EFC 80          				.db			$80											; ##.............. 
2239+  3EFD 80          				.db			$80											; ##.............. 
2240+  3EFE 00          				.db			$00											; ................ 
2241+  3EFF C0          				.db			$c0											; ####............ 
2242+  3F00             
2243+  3F00             				.end5307   3F00             
5308   3F00             
5309   3F00             				;; Garbage
5310   3F00             L3f00:
5311   3F00 A9 00 85 A4 				.db			$a9, $00, $85, $a4, $60, $08, $48, $8a		; DATA
5311   3F04 60 08 48 8A 
5312   3F08 48 98 48 AD 				.db			$48, $98, $48, $ad, $03, $51, $a8, $29		; DATA
5312   3F0C 03 51 A8 29 
5313   3F10 40 D0 0E EA 				.db			$40, $d0, $0e, $ea, $98, $29, $80, $f0		; DATA
5313   3F14 98 29 80 F0 
5314   3F18 34 EA       				.db			$34, $ea
5315   3F1A             				
5316   3F1A             L3f1a:
5317   3F1A 68          				pla
5318   3F1B A8          				tay
5319   3F1C 68          				pla
5320   3F1D AA          				tax
5321   3F1E 68          				pla
5322   3F1F 28          				plp
5323   3F20 40          				rti
5324   3F21             
5325   3F21             L3f21:
5326   3F21 A5 A2 C9 06 				.db		       $a5, $a2, $c9, $06, $90, $f3, $a5		; DATA
5326   3F25 90 F3 A5 
5327   3F28 14 48 A5 15 				.db			$14, $48, $a5, $15, $48, $a5, $10, $48		; DATA
5327   3F2C 48 A5 10 48 
5328   3F30 A5 11 48 A9 				.db			$a5, $11, $48, $a9, $00, $85, $a2, $20		; DATA
5328   3F34 00 85 A2 20 
5329   3F38 C5 2B 68 85 				.db			$c5, $2b, $68, $85, $11, $68, $85, $10		; DATA
5329   3F3C 11 68 85 10 
5330   3F40 68 85 15 68 				.db			$68, $85, $15, $68, $85, $14, $4c, $1a		; DATA
5330   3F44 85 14 4C 1A 
5331   3F48 3F EA 4C 1A 				.db			$3f, $ea, $4c, $1a, $3f										; DATA
5331   3F4C 3F 
5332   3F4D             
5333   3F4D             
5334   3F4D             				.org		$3f4d
5335   3F4D             				;; VBlank IRQ jumps to here
5336   3F4D             L3f4d:
5337   3F4D A5 A7       				lda			STATUS
5338   3F4F 29 20       				and			#$20
5339   3F51 D0 04       				bne			L3f57
5340   3F53 EA          				nop
5341   3F54             
5342   3F54 20 9B 22    				jsr			L2459										; Update sprite locations 
5343   3F57             
5344   3F57             L3f57:
5345   3F57 E6 A2       				inc			$a2
5346   3F59 10 05       				bpl			L3f60
5347   3F5B EA          				nop
5348   3F5C             
5349   3F5C A9 80       				lda			#$80										; Max out at #$80 
5350   3F5E 85 A2       				sta			$a2
5351   3F60             
5352   3F60             L3f60:
5353   3F60 A5 30       				lda			$30
5354   3F62 09 80       				ora			#$80										; Set D7
5355   3F64 85 30       				sta			$30
5356   3F66 4C 1A 3F    				jmp			$3f1a										; Orig end of ISR 
5357   3F69             ;				jmp			L31e4										; End of ISR
5358   3F69             
5359   3F69             				
5360   3F69             				;; Patch for end of L1ab8
5361   3F69             L3f69:
5362   3F69 A9 50       				lda			#$50
5363   3F6B 20 57 22    				jsr			L23cf										; Set AUDIO1 bits 
5364   3F6E A9 00       				lda			#$00
5365   3F70 8D 01 52    				sta			AUDIO2
5366   3F73 20 E2 3F    				jsr			L3fe2
5367   3F76 A9 EE       				lda			#$ee
5368   3F78 8D 00 51    				sta			MOBLAT									; Sprite latch
5369   3F7B A5 1A       				lda			SPRVAL
5370   3F7D 29 02       				and			#$02
5371   3F7F D0 0B       				bne			L3f8c
5372   3F81 EA          				nop
5373   3F82             
5374   3F82 A5 1C       				lda			SPR1H
5375   3F84 18          				clc
5376   3F85 69 08       				adc			#$08
5377   3F87 85 1C       				sta			SPR1H
5378   3F89 4C 93 3F    				jmp			L3f93
5379   3F8C             
5380   3F8C             L3f8c:
5381   3F8C A5 1D       				lda			SPR1V
5382   3F8E 18          				clc
5383   3F8F 69 08       				adc			#$08
5384   3F91 85 1D       				sta			SPR1V
5385   3F93             L3f93:
5386   3F93 A5 1A       				lda			SPRVAL
5387   3F95 09 0F       				ora			#$0f										; Set 4 LSBs (Clear MOB1)
5388   3F97 85 1A       				sta			SPRVAL
5389   3F99 A5 A7       				lda			STATUS
5390   3F9B 09 20       				ora			#$20										; Set D5 
5391   3F9D 85 A7       				sta			STATUS
5392   3F9F A9 F8       				lda			#$f8
5393   3FA1 85 0A       				sta			$0a
5394   3FA3             L3fa3:
5395   3FA3 8D 00 51    				sta			MOBLAT									; Sprite latch
5396   3FA6             
5397   3FA6             				;; Delay
5398   3FA6 A9 30       				lda			#$30
5399   3FA8 85 40       				sta			$40
5400   3FAA             L3faa:
5401   3FAA C6 3F       				dec			$3f
5402   3FAC D0 FC       				bne			L3faa
5403   3FAE             
5404   3FAE C6 40       				dec			$40
5405   3FB0 D0 F8       				bne			L3faa
5406   3FB2             
5407   3FB2 E6 0A       				inc			$0a
5408   3FB4 A5 0A       				lda			$0a
5409   3FB6 C9 FA       				cmp			#$fa
5410   3FB8 B0 03       				bcs			L3fbd
5411   3FBA EA          				nop
5412   3FBB             
5413   3FBB A5 0A       				lda			$0a
5414   3FBD             L3fbd:
5415   3FBD C9 FE       				cmp			#$fe
5416   3FBF D0 E2       				bne			L3fa3
5417   3FC1             
5418   3FC1 20 14 22    				jsr			L238c										; Delay 21 frames  
5419   3FC4 A9 10       				lda			#$10
5420   3FC6 20 57 22    				jsr			L23cf										; Set AUDIO1 bits 
5421   3FC9 A5 30       				lda			$30
5422   3FCB 09 02       				ora			#$02										; Set D1 
5423   3FCD 85 30       				sta			$30
5424   3FCF A5 1A       				lda			SPRVAL
5425   3FD1 09 F0       				ora			#$f0
5426   3FD3 85 1A       				sta			SPRVAL
5427   3FD5 8D 00 51    				sta			MOBLAT									; Sprite latch
5428   3FD8 20 11 22    				jsr			L2389										; Delay 42 frames  
5429   3FDB A5 A7       				lda			STATUS
5430   3FDD 29 DF       				and			#$df										; Clear D5 
5431   3FDF 85 A7       				sta			STATUS
5432   3FE1 60          				rts
5433   3FE2             
5434   3FE2             L3fe2:
5435   3FE2 24 A7       				bit			STATUS
5436   3FE4 10 06       				bpl			L3fec										; D7 clear 
5437   3FE6 EA          				nop
5438   3FE7             
5439   3FE7 A9 70       				lda			#$70
5440   3FE9 8D 00 52    				sta			AUDIO1
5441   3FEC             L3fec:
5442   3FEC 60          				rts
5443   3FED             
5444   3FED             
5445   3FED             				;; Garbage
5446   3FED             L3fed:
5447   3FED 4E 45 0D    				.db			                         $4e, $45, $0d		; DATA
5448   3FF0 17 50 20 3B 				.db			$17, $50, $20, $3b, $53, $54, $4d, $4f		; DATA
5448   3FF4 53 54 4D 4F 
5449   3FF8             
5450   3FF8             				.org		$3ff8
5451   3FF8 00 30       				.dw			LRESET									; ???   vector
5452   3FFA 00 30       				.dw			LRESET									; BRK   vector
5453   3FFC 00 30       				.dw			LRESET									; Reset vector
5454   3FFE A5 31       				.dw			LIRQ										; IRQ   vector
5455   4000             
5456   4000             				.end
tasm: Number of errors = 0
